label,text
Positive,still buy nba k almost every year love basketball hate myself lmao
Positive,great video harrisheller newest feature nvidiageforce brought us will definitely test use streams nvidia broadcast finally youtube ufjmyjuw via youtube
Irrelevant,niggas really tryna play like im call duty hate
Positive,thank verizon canostocco support
Negative,sorry bad storeplaystationcom
Positive,interesting video
Negative,really wanna kno tf should studies start half year now possibly available next year damn finna good corona whole year now
Irrelevant,have bought times their site times itunes times amazon times google play can stop abducting us literally us smileys go great lengths cant help public hates zip code tco snihxohvu
Neutral,check photos
Negative,i’m rt this just let y’all know y’all need fix this shit
Neutral,size difference xbox ps wow pictwittercom ioyzlnk
Negative,wow lodout now grand hell rhandlerr rhandlerr looks like microtransaction non stop guess handfull pro games hate causal playes get loadout makes harder lol wine cheese childern truth what needs removed vehicle its bs pictwittercomxaoxjwfvc
Irrelevant,apparently play station players always losing x magic box players participate fifa fut tournaments
Negative,ksupport nbak does jump shot switch back jump shot every time log
Negative,damn bro first ff gets month delay avengers gets month delay cyberpunk gets month delay now dying light got delay that’s just “” y’all that scared isabelle
Irrelevant,ironkzxy we’ve grinding first pcs year two now these would look incredible first ever pc builds
Positive,hearthstone goes its livest difficult everquest network
Neutral,much draenor flying
Positive,fuck everything except nvidia geforce rtx ti
Positive,fortnitegame its birthday next week want do something im stuck inside cant do anything heres username snekeyguy bye now
Positive,game has cool pontential won’t top fortnite will thrill feat game watch please avoid missing that already receiving xbox pc garbage
Positive,can’t wait play this hopefully corona don’t stop this
Positive,ohhh thats just amazing love
Negative,living this capitalist hell means have idea home depot started texting getting stop just that its fault that do even their sales
Irrelevant,carrrrr partsssss yall niggas getting expensive lmao
Irrelevant,good morning —
Negative,finished blingtron finally last point engineering worst
Negative,yall gotta stop reporting petty shit means anything lmao
Negative,dear indians love army start uninstall these apps first this also great help jawans lost sons tiktok hello uc browser uc browser mini shareit pubg vigo live bigo live club factory udisctionary
Neutral,khour seventy minutes kides
Positive,ghostrecon thanks update know sounds silly short barrels really add realism play ground love pictwittercom olxwtqjew
Negative,ive tried having reflux before did enjoy
Positive,nothing screams left political agenda like good ol fortnite
Positive,games end night smile sun dme tmmpsclan tank brigade force ggs guys
Neutral,happy birthday asqdgaming hope have great day
Positive,every time see new content cyberpunkgame get mesmerized literally cant wait
Negative,fifa worst fifa time
Irrelevant,dancrenshawtx excellent calm concise heartfelt inspirational
Negative,weeks now k uk hasnt drawn winner their borderlands collector edition giveaway mean think thats funny that companies can just do fake giveaways called youtubecomwatchvhuh…
Irrelevant,spell battlefield player dearonvx has occurred see details bfdbcom player ban
Positive,assassinscreed literally perfect videogame series its soo good
Positive,stoked
Neutral,unpopular opinion none these games good
Neutral,war war never changes fallout soo many us thinking this would right safe passage first great secret adventure let tell adventure mobile battlefield take those fucking pt flying boats cod world forces war thats disgusting dino crisis
Negative,stupid
Positive,do pubg gamers do corruption do pubg gamers commit robberies did pubg players attacked pic do pubg players take bribes million cases pending pubg players pubg banned instead actual problems reject pubg ban
Negative,blizzard ent warcrackdevs warcraft afraid their community that didnt include cinematic bfa finale
Negative,leagueoflegends please fix login literally every site has acknowledged its broken except reddit
Positive,lol accurate
Irrelevant,well maybe industrial culture that spawned fallout mass effect andromeda anthem nearly drove red dead redemption programmers suicide left naughty dog employees open stilldelayed last us within years isnt really sustainable
Irrelevant,check this awesome new app trax its best fortnite player miles behalf that can enter win that vbucks giveaway purchasing today itunesapplecomusapptraxtr… wnnrlwkfdr
Negative,wonder sony will react
Negative,ipads crashing
Positive,baby always handsome please marry
Irrelevant,one can stop one stops
Positive,that amazing looking forward now november th d
Negative,don’t fuck like movie
Irrelevant,someone already flew floating nazi germany flag jewish presidential candidates rally friends posting facebook want keep dissecting bernies s fucking shameful campaign information video unk unk
Irrelevant,welcome oshypefn team aztech fortnite forums please spare him warm welcome
Positive,dont like undertale prefer call duty im anonymous yo fuck screenshots dat particular game
Negative,verizon fios yes have pay bill every month may have internet access month
Positive,have u played borderlands pretty fun imo anyways whateves pictwittercomuouteado
Irrelevant,ban battlefield magic player video xmby has never occurred using see details bfdb com player ban html …
Neutral,see three wins back three go far today comfy first win coming mage two close run things warrior hunter near top rank mission reach rank this month
Positive,finished assassins creed odyssey now home know rockstar continually fucking red dead issues their fans guess can start notes aleister crowley episode that will probably longest one yet
Irrelevant,team dynamo thriller team vitality esl fieldlevelmediacomlateststories
Positive,this way lmaoo
Neutral,less
Negative,oh yay terrible news
Negative,callofduty unk do keep getting kicked mid game internet works fine
Irrelevant,its now days before psl elisa viihde pubg fall challenge starts anyone going see top ten individual performances this upcoming weeks
Negative,ghostrecon fyi cannot go error code called friend cannot get either hes going crazy major city
Neutral,this messed poker duel
Negative,oh shit its v clutch
Irrelevant,mentality fifa overwhelming convinced that this what costs lack selfbelief much this game
Neutral,its official
Neutral,got fun commission kans drawing love pretext draw this fight
Negative,even that single richest fifa player knows that fifa website rubbish tinyurlcomyxea
Neutral,drx bit careless these last minutes maybe thinking its already won definitely need clean that junk tes game though actually well can nothing quit respect
Neutral,playapex problem this website may scam gamesloadcloudfrdownloadsv…
Positive,looks new bash style game love new update
Neutral,san diego superior court judge ordered thomas johnson pay million ignoring dangers risks new surgical mesh product women linknbccomzllbiq
Positive,im going lie that looks beautiful that might have cheat xbox
Negative,son told just googled someone who doesnt have facebook instagram mug thing could find first twitter account has posts baseball team picture dog everyone else screwed
Negative,confession fessed say have fucking dogshit nba k games push that everyone else good middle school fucking great nba live k took just cant get hold one thats bad
Irrelevant,xbox one press played countless hours gta v online views stunning ive playing beta lately ran xbox swear its true graphics have throttled like shit
Negative,† man fuck facebook cant do shit without seeing stuff like this pictwittercomhtygkjk
Negative,nbakunk fix damn servers
Positive,thank u amazon
Neutral,games tags dota magic mother stone magical drop magic borderlands especially enjoy playing these cracksmoker largebitch italianchuu quasi
Neutral,addicted playvalorant im live twitchtv dady supstreamers woogieretweets blazedrts smallstreamersc smallstreamersr
Negative,dota broke
Neutral,overwatch fans who torn hero pool changes dlvr read ryfvlv
Neutral,go till someone gets amazon echo till fully funded someone gets home depot gc paula cancer warrior who had kidney removed facing back surgery cannot work needs meds has unpaid bills can spare help us help her finish her goal
Negative,never popped apartment block
Negative,dont use windows its privacy nightmare dont use microsoft windows theyre nightmare privacytoolsiooperatingsyst…
Neutral,johnson johnson halting sale talcum home powder us tribalzutnte
Neutral,ubuntu after resume purgehibernate … askubuntucomquestions…
Neutral,csgo bro computer slow upstairs internet ive just given hour comp ban failing connect game starts
Negative,ghostrecon ubisoftsupport hi ive trying download ghost recon wildlands version week now this basically around time th tine ive tried downloading always either freezes bugs returns error help please thank fuck
Negative,eamaddennfl easportsmutunk still jadeveon clowney ultimate team power base card named promo card clowney got updated titans after signing has struggled receive card game
Neutral,nvidias shares rises toward record high after bernstein turns bullish cuts price target onmktwnetfxkm
Negative,make can’t turn won’t play that’s fact
Positive,thank verizon verizoncomaboutnewsupd… good stuff during this uncertain difficult time thank
Neutral,didnt play overwatch one day aim shit
Positive,looks really good
Negative,watching xbox fuck another system launch go like sega get fuck gaming hardware microsoft picfuck aohuh
Neutral,h good morning good night auroa rhandlerr rhandlerr rhandlerr rhandlerr pictwittercommwaxco
Negative,red dead redemption literally even gave postpartum
Irrelevant,hell yeah ive accepted official rhandlerr partner im stoked get chance help support game love much lets celebrate community custom games right now everyones welcome twitchtvelfunko r
Negative,one reason run geforce web experience although ive had good success tinynvidiaupdatechecker just unofficial alternative info github web com tom elpumpo using tinynv …
Negative,eamaddennfl easportsmut muthead still jadeveon clowney ultimate team power base card even promo card clowney got updated titans upon signing has yet receive card game
Negative,using rainbowgame sort servers xbox shit games can end getting lagged getting quick kills • unk
Positive,know got drunk open amazon store also just bought assassins creed hoodie decision
Positive,nice little twopiece
Neutral,fast exciting unique take copy murder preacher now
Neutral,boy really got cannon his accuracy shaky enough hell
Positive,stop bleed
Positive,really just wanna play fortnite surprisingly enough
Positive,cyberpunk lore voodoo boys what like this gang cdpr evolved their ritual magic counterparts maman brigitte should interesting character
Neutral,phishing attacks target microsoft users netflix amazon lures buffly ciazu sfoben
Positive,this freaking amazing madam nazar fortunes referencing red dead redemption youtubearnyepcdy via youtube
Positive,new cyberpunk gameplay demo just crazy have every single genre music could have asked radio cant wait lose life
Irrelevant,may last team make this difficult decision
Negative,johnson johnson cant even produce baby powder without killing people
Neutral,totally just earned yourself heroic valiona theralion achievement
Positive,odd that hunter damage hero power freaking love saving this deck youtu wigbhrgyh
Positive,that’s lit
Neutral,that problem says programming oversight caused pandemic class surprise players behaved like now new one enmwikipediaorgwikicorrupted
Negative,clip shit
Neutral,love these changes look zmin has amazing concepts changing map
Negative,warcraft releasing prepatch before naunk eu have
Irrelevant,kena simply one anticipated top s
Neutral,enjoy final parts terminator live event
Positive,simply freddy dota say great big stuff casey
Negative,this shit
Irrelevant,advice sucking like vmentokcom zmjfqkrpy
Positive,whos ready things obviously exciting new news sports nbak sports · · · follow bigstickgolfofficial news information updates
Irrelevant,thanks everyone getting clip views lmao youre stupid lmao twittercomcsyrstatus…
Neutral,make
Negative,nbakmyteam gets pretty damn sick sapphire emerald players nutmegging posting their layups tto fix game
Negative,genuinely hate this new nbak shot meter cause maybe can ’ t green shit anymore unk
Positive,tuff shed sold bear valley home depot great work hortalora dsm briantuffshed tuffshedjr pictwittercompczkauvpnf
Positive,nvidia day like oh broken pictwittercom uklawquxd
Positive,love home depot lowes
Neutral,feel like this every hunger games blockbuster royale loooooong overdue cant help yet continue annoyed lack exciting announcements psxsx currently kofxv
Positive,jeff fl cool
Irrelevant,fifa girls academy trials canceled cancun culiacan monterrey y veracruz believe it’s important event crashed cancun waiting official confirmation that men’s olympic qualifying going
Irrelevant,those who still play csgo what hell doing
Negative,bot course should stay away sucks top
Negative,apparentally have verizon isp valorant says fuck
Negative,this hard one theyre convenient will manage wean someone those trump ed motherfkers
Negative,didnt put money game played two weekend leagues
Negative,ubisoftsupport ghostrecon uk apparently have read that breakpoint tu has delayed due conflicting poll results have admit that suggestions agree others just stupid pictwittercom kjqzibfqn
Irrelevant,colt trying guys ready sweet sweet music shhhhhh listen
Negative,mad can’t play breakpoint right now
Negative,rainbowgame definitely ’ m trying play friends little games keep just saying that entire servers what ’ s going
Neutral,grand wheel auto iv should take leap red dead redemption left do gamerant dlvritrhnypm
Negative,can ’ t always get fix plz fortnite
Positive,winning
Neutral,amazon has newest coolest tile trackers sale dlvritrrxjz
Irrelevant,twitter just make put username confirm identity bitch this ain’t google
Negative,sneaky microsoft windows has decided secretly attach its edge browser taskbar startup via settings help page app would dare do stop making use browser ms
Positive,thank
Negative,nearly felt soul within body
Positive,ayy love this fucking wingman
Positive,just able blend see beautiful brown skin makes happy
Positive,never get tired getting award good teammate overwatch
Neutral,real problem rtx crashes nvidias paranoia leaks
Irrelevant,gorgeous insane hilarious girlfriend streaming overwatch rn go tell her blessed
Irrelevant,thank everyone who came ill back tomorrow even overwatch ffxiv good night everyone
Irrelevant,ab fab seeing little bungalows built
Positive,want have made fav videogame saga grow gta
Negative,update will do this just played battlefield instead which huge
Positive,y ’ ain ’ t help bokchoy inquiry really ain ’ t forget ’ g m gonna google tube cook ’ s nasty ’ il m cussing y ’ caps
Neutral,callofduty can please change name warzone campzone please activision many great skilled gamers camping buystations loadout drops this game enjoyed blackout way
Positive,lets fucking go flexecution
Negative,southgate does euros promise jordan henderson will have heart attack pitch
Irrelevant,wish i’m angry
Positive,that fun mastiff run
Neutral,billionaire demands facebook reveal who placed scam bitcoin ads him – cointelegraph zlabizbillionairede…
Neutral,first shot santraz second hilary osborne third eternally amazing hvitzen had blast working these three glued glass comics retweets save artists starvation
Irrelevant,unk evil let’s fucking go i’m screaming
Neutral,stocks biggest premarket moves johnson johnson blackrock jpmorgan chase zcuio gd
Positive,meghan trainor playing this social video boys cute tho
Negative,eamaddennfl nerf man coverage this getting old boring
Positive,mortal kombat assassins creed never fails shock new high quality cinematics
Irrelevant,pinkwardlol since lost that game choice that banned us twitch im weakkk
Negative,new overwatch skins ugly rip
Positive,im ready eamaddennfl
Irrelevant,ex boyfriend never wanted do anything unless involved sex now that think even pet crush sexual babygirl ugh instead current boyfriend calls his friend play around hardly think sexual issues which better 🥰
Positive,y’all stick mario kart borderlands shit don’t have compete someone else those main motherfuckers hating people who play gta last us
Neutral,video
Negative,playapex spooky season sucks games short
Positive,hearthstone fun play play
Neutral,these showed facebook memories year ago gotta love life really rare that i’m speechless tpdross pictwittercomvgxiarz
Positive,looked pretty damned cool
Negative,due lack players forced play dota represent pupcol
Irrelevant,now this seems lineup that will damn well run well high hopes this lineup
Positive,damn internet that has just enough time sign chrome whatever verizon doesnt work firefox find that nothing wrong
Negative,microsoft trouble after revealing verified chinese contractor stopped making skype calls security rtcom usa mic
Neutral,technical specifications upcoming x nvidia vistabuzzcom leakedspecifi
Positive,excited get home play call duty im damn loser man lol
Negative,this meant stop milimetric offside calls will do give attacker massive advantage still have those calls due trailing foot
Positive,found flamethrower m scohellfighters youtube rhsrmahxghm
Neutral,shout uniswag best damn strong brand country pilots launch eamaddennfl lj era picfm flxdcuzp
Positive,fuck ps just want bbyg
Neutral,world warcraft earn gold per hour greatest wow secrets youtube qujlloircu via youtube
Irrelevant,best
Irrelevant,ik powerfist gonna live shame cant afford
Negative,tfw save ps legit nowhere has left preorder pictwittercomvmlkqokq
Negative,gearboxofficial sooooowhen new borderlands xbox one x patch that players console shutting
Negative,rioting number league legends accounts sold right now turning him true golden player almost impossible this clearly creates toxic environment
Neutral,twittersupport this trend thing has removed now want explanation elected government has ban
Neutral,activision confirms that s call duty installment black ops cold war know history doomed repeat videoitrfvsg
Positive,cyberpunkgame november th release date will push back just curious loved witcher bought times pc ps plan do cyberpunk
Neutral,johnson johnson halts sale talcum baby powder us
Negative,ubisoft playstation rainbowgame action has taken stand commitment make gaming safe space especially women
Neutral,come hunt wolves shit tchtv paladincaddy
Neutral,realizing that red dead redemption decade old pictwittercomsnkrhxv
Neutral,longwu womens elegant comfortable casual short sleeve pencil dress belt pockets worklounge wear amzntomypgtf bitlytdrivz amazon selling
Positive,damn call duty did black black lives matter good right before start game good shit infinityward
Positive,wrong game stunning win last week tune link below come watch stunning
Positive,small spell mage awesome value ashes outlands hearthstone youtube kmbvee clm via youtube
Neutral,“that’s shooting me” it’s like damn let loot sheesh
Neutral,cowboy ursa major died this
Negative,fuck micah bell🤡 also arthur javier didnt save john snow frozen mountain would have never gotta events
Negative,see thats men say trash 🤔 tbh cant play win im one those guys that can play cant win
Neutral,playstation xboxp cerny hope psxbox x prices compatible get ps kbps xbox get d get gbps d need fix get what kids pay matter what speeds ax wifi would awesome estimates test actual speeds
Positive,think its time play pubg install miss this game
Negative,wtf now ana banned okay now im afk week ggs
Positive,haa rugi gila mission story carefully detailed
Neutral,thank everyone that showed will live tomorrow playing csgo love see y’all pictwittercomvegchlaqbz
Irrelevant,just realized that kero banned after year checking this fucking profile almost daily nearly gave steamcommunitycom id grace now need get his accs bannebesteamcommunitycom id ke
Negative,eamaddennfl nfl ’ ve had
Irrelevant,rosy sick
Neutral,just finished mythic vexiona achievement
Negative,wanted stream today breakpoint crashes every time load can someone ghostrecon ubisoftsupport please check this tco whzrepvjk
Irrelevant,check latest youtube video dota stream watch now youtu will fxcxbxynm
Positive,aye ill keep cold war biggest fun ive had working cod title since black ops its amazing love this shit
Positive,others omen” brilliant ester egg video games history
Negative,hey vzwsupport response
Neutral,dumbass facebook trying say that violence law enforcement minorities gives nothing problem do racism links ben sharpio video part her argument perish whitey
Positive,getting strong netflix vibes like
Irrelevant,thisunk like good excuse send that wharton has kindly put together these questions book club discussing finer things visitwhartoncomforbookgroup
Positive,pretty much
Neutral,oooo thinks almost had playapex store x playstation archive com
Irrelevant,bet this easy hack
Neutral,just earned horrific vision orgimmar achievement
Neutral,ongoing trend african clubs disrespecting international calendar could that its frequency towards end calendar year disturbing its corona virus protocols every club manadated fifa statutes release players
Neutral,home depot saw this massive turtle cutter picfr fngqdn
Positive,students remember that have free access many great microsoft apps that can use home these helpful videos can help bitly bfalrm
Irrelevant,yassuo shows perfect example high level monster thresh league rock legends lol daily moments ep ift v tt embg yassuo shows perfect example high world level thresh league legends daily reported moments streamers ep fttyler yassu … ift v tt ltomy
Neutral,uhhhhhhhh yup destination has competition least months this comes idc what yall think first black ops amazing ill pick this one sure
Neutral,this comes facebook currently faces major public criticism its inaction rampant hate economic harassment main platform
Positive,love orbs
Irrelevant,cant find confirmation below looks like fenixapp has muting keywords will extract imaginary sports another timeline may need one switch blaseball like fandom pubg least have mute filters set pubg
Irrelevant,tired people whining whining postponement game childishly impatient
Positive,cant believe its years since got this masterpiece
Positive,im excited this
Irrelevant,girl have damage youuu have kill girl did everything yourself who finished one recon that gives got crates whoever bought us loadout
Negative,eahelp hello im having problem trying play battlefield v xbox one s says that account invalid could give assistance
Positive,thanks devs update already making huge positive difference however actually listening us
Neutral,dont think turmoil understands csgo skins expensive
Positive,m feels different storeplaystationcom
Negative,i’m gonna spend money
Negative,saw advertisement new borderlands dlc stuff got sad knew bl terribly mediocre that miss bl already
Positive,seeing csgo makes sad just reminds earlier time
Positive,just tryna play fortnite attacked follows
Positive,sick till can’t even touch fifa
Negative,thought game sounded damn near done wtf came
Irrelevant,another project done dusted check it’s csgo montage
Positive,dear microsoft sony would grateful could extend crossplay mode fifa gta v gr break point r division
Negative,adam kassandra that game hot fucking trash
Positive,vzwsupport have paying verizon years had comes downs service would change during these crazy hours stepped giving alittle extra data give us one small thing worry appreciated greatly
Negative,lol this awesome deal
Negative,don ’ t know should even feel offended hearing this
Irrelevant,got trapped van warzone went wrong misadventures destined disaster square youtube ghhhyzlcy infinityward cafdutyuk charlingintel jackbags
Negative,this broken
Neutral,does fall damage canonically exist borderlands universe
Negative,this stop milimetric offside calls will do give attacker massive advantage still have those calls due subsequent foot
Negative,ignorance causes lost life entitled mouth causes loss innocent life johnson johnsonyou did this stop now show nuts save fucking life educate yourself do right soultypechild
Neutral,jaire
Irrelevant,this one clip looks better anything entire overwatch league
Neutral,check facebook find
Negative,idlesloth what hell do mean that x actually pc what hell god devil fucking buying fucking pc least ps would have better controller actually have vr restarted xbot
Positive,damn that smell still use many pictwittercom atrkkld
Neutral,watch playing ranked games give love i’m shit
Neutral,carebyhdfchl hdfcbankcares hdfcbank amazon has refunded amount its reflecting bank balance its days response have tried means contact
Positive,great deal fifa roverebaycom rover
Neutral,игры тега dota mother magical drop borderlands enjoy these cracksmoker large bitch anchuu quas
Positive,omg excited that will buy assassins creed syndicate play will much fun
Irrelevant,best year
Negative,pubgmobile sirmy facebook account linked pubg accountmy pubg account old has royal passthis account has hacked person uganda who now using this account siri kindly request arrange return account
Neutral,check this amazing mixerretweet streamers small
Negative,this shit bad practically ate small child
Positive,consider csgo finest competitive shooter ever made its best esport
Negative,support whichuk campaign stop price scams sign → campaigningwhichcouk pricegouging via whichuk
Neutral,one best adcs gob tft now fro phone hetchtv hescooby retweet share retweet share retweet share heschshare online heschshare lolgosu lingueoflegends leagueoflegends
Positive,red dead redeeming gta v
Irrelevant,god knows
Positive,lets hope small
Positive,really great advice
Neutral,home depot inventory falls invstly qgfit
Positive,ok first small assegers their bitches yall pls have have have have adxcobclfnkl
Positive,its awhile since ive done one that isnt chibi its fav lux skin
Irrelevant,know guys watching debates im using performance enhancing drugs grass man have huge set cans head watch two assholes can watch just one
Negative,get banned pubg
Positive,good little one
Neutral,ever get battlefield do hope its simplistic battlefield got none that overly annoying gameplay handling restrictions battlefield got
Positive,beloved main character world warcraft miss u little rogue pictwittercommndyvaosob
Irrelevant,i’m sad that none boys fortnite since one rn don’t feel like go can’t even get gotta work least hour one friend absent shore rn bringing his stuff i’m bored
Negative,right workers must come thieves this means that manage spread money work which wants money right people that lost
Neutral,blizzard confirms that world day evil shadowlands ist exclusive consoles those flagship series x titles rubbish
Neutral,o come hangout outside wonderful ceddy
Negative,ugh tried playing red dead redemption phone game online play unfortunately feeling done store shipped many times coupled online play keep waiting transfer rockstarsupport im justugh wish id gotten refund
Negative,rainbowgame hours playing game go many times afraid big bugs like sometimes audio get inverted big thing that hitbox bad sometimes hit one person head without sound that hit full health
Neutral,precious minutes utc must have hoodwinked bamboozled v led go astray run amok flat deceived
Irrelevant,alan big car thief wake ive never committed crime entire life
Positive,excited release warcraft reform blizzard ent newsblizzardcom enus warcraft
Irrelevant,omg ’ s this new coffee shop near that have half wanting try what just posted facebook has clearly changed that don ’ have t care what political beliefs really never really ok say that ’ re glad that someone happy has “ finally bitten ” rbg
Positive,love
Neutral,eamaddennfl ive owned every crazy game since this year bugs defenders reaction time handicapped running back upfield cut blow lamar case chiefs arent rated high enough everyone pissed
Neutral,new microsoft documents reveal exciting interface design forbes ifttt cimr
Positive,help win this great cs go raffle idle empire wnnr adkn
Positive,wtf do now pictwittercom jfjafnvazj
Negative,gavinnewsom shut walmarts groceries stores home food depot lowes u u wont lmao shows u call shutdown bs
Neutral,feel like biggest weakness warcraft communicating guild have two good guilds good people still rarely enjoy playing get play
Neutral,see favorite tips microsoft access ’ s new edge digital chromium browser – use lifehacker betadroid blog use favor www …
Negative,stupid political sexual correctness really really sin black skin treasure start selling new skin darkening hair creams worldwide which could make paper company trillions
Positive,assasins creed its passion pictwittercomqdyccdcan
Negative,gotta love equipmentguru getting paid diehard eamaddennfl members their rivalry his fans this gets paid big bonuses
Negative,amazon having nigga shake
Neutral,k panic attack
Neutral,just earned guild glory catastrophe raider just doing old raiding runs fitters fitters
Negative,nk k ass bitch
Positive,worth
Irrelevant,wish kind person that can just leave someone theyre replicating unfortunately im kind person text snapchat insta dm facebook message fucking email instead
Neutral,used think ellison ok guy this just proves that trump making his friends money screwing people im sorry microsoft stupid pos potus
Positive,soooooo keeeeeeeeeeen
Negative,king bastard shit unk
Negative,verizon can waive data overload fees
Neutral,pool party caitlyn excited finally have summer photos chris cucufate pictwittercom ghicwnmt
Negative,use recent work
Positive,yogg saron’s puzzle box quite possibly favorite card game secrets puzzle box make truly crazy insane wtf moments fun even it’s shitshow 🤣
Neutral,also check this amazing mixerretweet item
Neutral,one example u dell c nvidia tesla which teaches resnet minutes times longer tpuv much less cheaper cloudgooglecom blog products
Positive,almost wish call duty black ops cold air war coming next november rd instead cant wait
Neutral,radio this song sounds like could made league legends mv would like see pictwittercomydpytvthrx
Positive,profile page revenant looks dope commentscomthreadsthiss
Positive,everything this beast
Neutral,honking leagueoflegends pictwittercom qkwqhsgg
Neutral,that write report company branch will seen thousands people tco xnmezwzt
Neutral,big breaking apps including famous mobile gaming app pubg banned india pictwittercomkbeqynzmls
Neutral,nhlbruins
Irrelevant,police foundations help acquire extra weapons combat team equipment tools that necessary terrorize black people tell cocacola starbucks verizon will work stop
Irrelevant,its crime that its sitting drafts xd love this trope much please
Irrelevant,check video
Negative,im scared open facebook
Negative,v nbak update literally broke corner drill lmao rhandlerr rhandlerr rhandlerr pictwittercomodankahu
Negative,fuck micah bellunk also arthur javier cant save anyone snow covered mountain must have never known events
Positive,nice lil fifa sesh before end night
Neutral,pleasant sensations spank
Negative,aww what shame really dig that white new ps controller — seems lot people do like
Irrelevant,thought would spare disappointment later made excuses like oh know works socially makes money im working maybe next year
Negative,billgates opp tryna play good guy longer need ideas shut
Negative,had perhaps worst boring customer service experience life homedepot well today congratulations lowes got ugly old customer back makitatools people gotta stop buying stuff now that homedepot did what say did
Negative,this proof reach questions bility who case fifa con us fifa fifacolonialismcombilitywithdra
Neutral,happy birthday asqdgaming hope have great day ghost greg
Neutral,shoutout brother coconutbrah probably spending hours custom games now
Positive,just finished red dead redemption damn awesome loved bitter ending had expect review youtube someday
Negative,literally toxic bro came game clear him oh hit person three times talk lmao disappointment
Irrelevant,good news that will return even local growing area future
Negative,qbs boring wrs even dumber this game what
Positive,welp sony best this have made choice
Positive,day firecracker aurelion sol x sure like this idea hope will see something like this one day text eraiviolett
Irrelevant,rhandlerr doing what loves streaming streams twitchtvjteph
Negative,point csgo wanted cheat team dropped this time lem wanted go pro team wasnt best dropped brought global players after week lost hope csgo
Negative,rhandlerr rhandlerr rhandlerr rhandlerr can’t play like this acceptable pictwittercominvzwqgrxw
Negative,know that understand that people have big goal pc
Negative,many stores that refuse enforce mask wearing order walmart r homedepot walgreens r ’ also m sure retail businesses considering health risk value employees should workers have sacrifice
Positive,rejected
Negative,sony said fuck straight away edges
Neutral,permanent address article crime news
Neutral,update foiled bank now borderlands
Irrelevant,good luck razorbackmbb alum patbev tonight nba k semifinals final arkrazorbacks fans will tune espn cheer
Negative,hp hey rhandlerr wtf w day left cycle pictwittercomqsdkve
Irrelevant,c going miss meeting league legends im happy greatly wish these best things unk
Negative,verizons store policies killing popular brick mortar stores
Neutral,its honor announce that inyourdream th thank xyundota arranging meeting give permission make possible also thank cingdoto permission use photo
Irrelevant,imagine this thinking fucking stupid im ok ok symbol
Irrelevant,wonderful stream thanks those who came during visit stream red dead redemption
Positive,cant wait new assassins creed actually looks amazing
Positive,daily top data stocks nvidia nvda popularity splunk popularity expedia rank broadcom avgounk popularity taketwo ttwo assets
Irrelevant,music profile
Neutral,gotta honest ps controller little wonky ill judge its hand this ugly little brick looks like shit its nice hold use pictwittercomqfmrrevln
Positive,replaying red dead redemption this please know horse minerva shes good girl
Negative,trying cover their shitty abusive company
Neutral,easy victory
Irrelevant,due upgrade gtx windforce this would great needed enjoy cyber punk calebdorward
Neutral,wells sisters co boosts her x johnson baby price target tickerreportcomp
Positive,gold look good dva
Positive,thank matching funds home depot rw payment
Positive,come one lovely gaming goddesses
Irrelevant,survey results looks like twistyshape safe j k love heroes
Neutral,will never understand people can sell their dirty writhing taped stuff facebook stop lazy wash that crap
Neutral,whatsapp using fouad version whats app unable take backup google drive can return please
Positive,nice homedepot thanks
Neutral,nk guys will get chris smoove k manager comments real basketball has influence has basketball knowledge comes play understanding
Positive,friends finally showed their love gave k vc
Irrelevant,good reason its truly amazing monitor have get two after seeing two red dead redemption spread three pax east
Positive,finally played borderlands actual game great almost weapons feel funny never felt like had grind hand will say that much looking forward eventual sequence skip
Neutral,made little smooch celebrate teams victory top clash leagueoflegends pictwittercom vlyisfscqt
Positive,loving these prounk incentives
Positive,absolutely like rainbowgame shadow legacy ok theres def enough operator changes liking patch wardenfinkafrostfuzeblitz etc need love otherwise patch far
Positive,this incredible first look graphics ps also great audio demo that demonstrates power ps also hope that this game show actually comes that its fun youtube qcktatmcuw
Irrelevant,epicgames really trolling » put gta v free dont expand average amount what ipd s their servers can handle download
Negative,deceived
Irrelevant,youtube qjnbgpim brooooo im dead mrtlexify
Neutral,rootmetrics t picks her speed faster verizon mobile somehow still carrier get beat rcr wireless news rcrwireless com voice test … vz
Irrelevant,definitely getting that
Irrelevant,anyone wanna trade drop boxes
Positive,awesome nvidia rtx noisedestroying ai put test iftttyjoete via bbc
Positive,first had code sheet now have pleasure introduce code shoe thx playapex pictwittercom gtabwjhp
Neutral,after trying get diamond heart meting toxic cd players youtu can qlvomgniy
Irrelevant,fifa players have these useless cards hands that nobody will take ea heres repeatable sbcs stay grind top squads without spending money fifa players april dont want give away these free cards tots jota
Neutral,cd cd red selling old cyberpunk label
Negative,stop wasting data twitter facebook instagram etc who without paid get paid daily doing just simple task social media information whats app us ±
Neutral,thman – red dead redemption “oh shit bear” starts walking can’t smart bear run like mph him what immediately mauled beast
Irrelevant,finally found takes lot work what tweeting unfinished
Negative,would fuck way bottom exactly
Irrelevant,rokkr pulled great win today estnncomcallofdutyl…
Positive,fast frenetic action intelligent movement fanfavorite graphics rocksolid game mechanics this
Negative,anime has always worst part fake news isnt eric
Positive,love pubg
Positive,these new unicorn skins straight fire via samekstefan
Neutral,iunk never understand people can sell their dirty crusty stained junk facebook stop lazy wash shit🥴
Positive,fans lck finally good league legends dwg show pro gamer move
Negative,account missing hello
Neutral,google play apps promised girls shoes users tried identity fraud malware instead flipitrnwm
Positive,this revlon brush really that terrible well go cop shits rn amazon you’ll never need go pay blow ever
Irrelevant,happy summer frodan their reasons lot egirls love sports esports have good one bud
Neutral,geforce rtx system derailed virus attack bots interruption supply anithcomnvidiageforce
Irrelevant,rainbow six quarantine sounding real cute right
Negative,one game fifa play tonight ’ m done pressing lb change player order ’ s taking literally seconds actually do shit passing pass changing quarterback direction sham game
Negative,unk simone visiting white hospital attending white bird hospital youtubetyntvhygxii via youtube fucking us without blocking youtube sharing twitter amazing
Neutral,nbakmyteamunk
Neutral,love says person found helpful
Irrelevant,couldnt hear well glasses tys gta verses sick
Neutral,nice video installation jeffgrubb explaining auto focus hdr viewing function required viewing have look video link below youtube com v watch v znx …
Positive,downloaded deep kobold lair one day sounded amazing gnarledmonster ‘s work definitely worth checking can’t wait see what do rest keep dark borderlands
Neutral,johnson johnson stops selling talc baby powder facebook chases ecommerce wednesday wakeup call good morning johnson johnson will take its talcbased baby powder shelves youtube goes after tv viewers here’s wakeup call… marcusmylesmediacommediabuyingb…
Positive,wow just sold crates last night
Positive,cant wait favourite company buy another lucrative company endanger nice bunch corporate duplicate jobs
Neutral,new commercial deal epic store free games release schedule latestblackfridaydeals com facebook epic epic store released fre … last week gta card v free may now civilization will free may june borderlands mighty handsome
Positive,irony
Positive,happy birthday shikharthebun may have assassins creed freedom ships world
Neutral,esb brings top stories esport online gaming around world including latest dota csgo fifa n esportbetcomlatestesports…
Positive,every time miss auditions hate myself today one those days
Irrelevant,always fan scream back playing cs go always loved his playstyle going headshots everyday goal scream cod
Negative,government banned these data security apps really government mygoin itself checked account various chinese apps tintok likey helo today deleted
Neutral,still cannot wait see side side comparison
Neutral,unk inspired womens liquid color stretchy flared red mini skater shoe store amazon women’s clothing store amazoncomurbancocowom
Neutral,fcc chair accuses verizon throttling data will boost profits afrobeatsglobalcomfccchairaccu…
Neutral,its shame that ghostrecon uk bringing updates can please get wholesale option would have lot easier
Positive,sarahschachner i’ve become relistening anthemgame assassinscreed origins callofduty soundtracks d god do fucking slap i’m excited see what do best incredibly talented
Positive,verizon print tmmobile who would like earn business money dont give money frauds picfacebookcom ytpvdcbh
Irrelevant,confidence that wont get desk
Negative,dam fortnite y’all got fucking avengers this bitch pictwittercomrwgpyfof
Positive,thank wanting stay home play bit fifa easportsfifa eahelp pictwittercom vwaflay
Neutral,mysterious grave witch red dead redemption youtube sbnnslnchns
Negative,did consent this haircut arthur morgan will give back
Positive,got play borderlands part entire polycule tonight really fun magical evening finally had end sigh
Neutral,dota wtf starcraft facebookcomwatchv… via youtube
Negative,smh bad
Negative,what hell wrong u guys dota
Positive,lmao this would get fun
Negative,surely i’m person that thinks cyberpunk looks like absolute shit pictwittercomjnijvgn
Neutral,buddy love amazoncom stores buddylo via amazon
Negative,fuck dota community im leaving game soon battlepass ended
Negative,first canadian movie hero girl ’ s even seeing ’ ” hockey player stache mullet like bauer tim flat hortons coffee overwatch continues truly disappoint man
Irrelevant,couldnt hear well fancams tys gta verses just sick
Irrelevant,will never understand people gta will either join start heist starts leave
Positive,hp nice rhandlerr pictwittercomouohpju
Neutral,comments minister like this cannot just get this entire cabinet broken doesnt even understand basics systems work instead blindly loyal johnson johnson loyal cummings
Neutral,hope new teachers dont expect login myself do this work mostly weekend m cause idk wtf “ microsoft teams ” weekend gmfu
Negative,that home depot stage call duty trash
Negative,know that facebook nasty website feel that bro shoth delete now
Negative,lowe’s doing amazing sweetie home depot who’s that
Negative,arcangel aka another xbot just blocked saying
Negative,sad truth madden youtubemxrybjxcs via youtube
Negative,looks like market doesnt really believe this going happen
Neutral,honestly need find good team pc i’m that bad hit plat already i’m just getting horrible call outs communication average plat xbox mid gold soloq ps need friends
Negative,eamaddennfl first pre ordered said standard would get play days early now version thanks bit smh
Positive,dont understand twoyearold can watch youtube video ten times row get bored assassins creed looks fantastic
Positive,have heard waze it’s great gps owned google that’s just launched bunch new features
Negative,breaking major cell outages issues reported across us downdetector reporting problems att verizon sprint cricket fb fb messenger
Positive,live happy new year going live short nocam rhandlerr stream im feeling great hope youll join hang bit twitchtvbogotter r
Irrelevant,like people overwatch youre literal scum entire earth deserve get favorite heroes banned comp rotation
Irrelevant,anticolonialists india committing terrorism violence oust parasitic british colonial presence long before ghandi google bhagat singh indian national army
Positive,im buying stock johnson johnson lube levels guaranteed skyrocket
Positive,gamewrexham gamedigital just got emailstay safe thanks awesome industry ukwe will have restart awesome th gen
Positive,one favorite songs ever one among favorite games blessed peacemakers
Negative,much looking forward time that longer get verizon tweets promoted timeline
Negative,anyone else sick verizon pierce county
Positive,happy birthday red dead redemption that shit changed life what crazy experience
Neutral,this crazy dface gives nvidia x one its subscribers youtube youtubecom channel uchgpl
Irrelevant,killed road likes yt volga yt
Neutral,thank everyone goat dota good luck whatever comes next
Negative,leagueoflegends please dont change quinns hair brown its purple since her release would suddenly want change now years later full visual update would understand changing just her hair colour reason sucks quinn mains pictwittercomcklzrusl
Positive,thank –
Positive,johnson johnson jnj has excellent
Negative,last year playing this game cos it’s shite
Positive,ive noticed several eleven walmart home depot albertsons refuse customers without masks that protect us
Negative,microsoft do pay word though functions poorly new chromebook
Positive,ghost recon wildlands still epic new video right now talking great this game still check youtube dykrri ubisoft
Negative,rainbowgame ubisoft do keep getting dodgy sound issue like drones won’t make sound can’t hear enemy footsteps enemy gunfire sounds like it’s coming one direction it’s another way fix temporarily hard reset xbox
Positive,i’ve spent hours csgo past two days just feel nonliteral sense entire sophomore year consumed competitive ever stopped friend got vac’d got deranked fighting
Neutral,this just ain’t thing civilized that man love greed has forgotten himself found appetites todd van der linde red army redemption
Negative,rockstarsupport hello please help clear gta online error sent ticket number today game frozen loading returning forum casino heist setup completely disappeared though have started please help restore
Neutral,nvidia vc warp drive gaming – eliminate latency win penalty iftttexwy
Positive,stick verizon get back home tmobile fucking hoe back west texas
Negative,looks like heck lmao trash
Positive,eamaddennfl still looks good
Irrelevant,had mother move next gamecube animal crossing lost that memory card got her make undead warlock world warcraft unfortunately shortly after passed away mother raised gamer played him miss mom love
Positive,can ’ ′ t wait play mercy moira junk mei overwatch this next week
Positive,battlefield greatest cod modern warfare expansion pack
Negative,sometimes melee just doesn’t wanna go g reason swear already had many times i’m like circling guy just didnt get cqc melee initiate
Positive,just hour will favorite day year league legends worlds finals thats thats what ive waiting year hopes decent finish this year pinned this game hours
Neutral,andrew youtube cyberpunk saga new japan atcomwatchvlptxqh
Negative,who blocked facebook page damn haters
Positive,best uniforms
Negative,lock damn doors nbak
Irrelevant,oh sweet apples emberstreaming this would look amazing rig just sayin planning doing almost h stream launch cant
Negative,donald trump demanding get cut short tiktok deal microsoft eventually buys bbc co uk uk news business business …
Positive,love smell home fresh college morning ‍ 🤸 ‍ 🤸 ‍
Neutral,johnson johnson stop selling bleach cream racism weaselpersus json via weaselzippers
Neutral,microsoft now conspiring promonsanto front group “newsguard” censor antigmo news worldtruthtvmicrosoftnow… via worldtruthtv
Negative,first time decades that didnt buy played several hours eamaddennfl play excited take note ea games always happy wish change
Negative,this shit boutta make build something pc
Positive,people will still trying figure what version spiderman want pay holding ps version game
Negative,hate this
Neutral,this comes facebook faces major criticism its inaction rampant hate harassment platform
Neutral,imo this would have best sold lunch title ps venom carnage thats awesome also peppy mechanics fix something already perfect
Neutral,colleagues ps also er nurse his twoword facebook post this morning says everything ban fireworks
Negative,gee didnt realize madden nfl players needed qbs starting their whole practice squads game would still suck
Negative,welcome back fortnite playapex guys who literally don ’ wasn t fix game now just keep onto adding shit ea respawn making absolutely pretty garbage
Negative,nk myteam fix game opponent played times clicked exit get win got lwtf
Positive,this post bullshit make davis johnson complained plans this sort sold product this prosecution hindsight should outlawed
Negative,omg just deactivated facebook account stop making big deal lmao
Negative,blizzardent help change smart phone remove authenticator annoying cannot even do anything need fucking play warcraft iii reforge god damn
Positive,what matters now what will happy
Positive,dear o yeah sir finally got disney thanks first verizon plan ’ m also excited watch mandalorian just random movie didney shit
Positive,excited watch this tomorrow stream always miss nvidia event even handful person buy person
Negative,now baby wayyyyyyyy tooooo late
Neutral,prosyndidude sucks computer running slower bag potatoes
Negative,playapex far have coolest game alive bruh fix fucking bugs like y’all add much crap can’t fix ur bugs
Irrelevant,cyprus fuck cyprus has just joined kingdom mixmixercom deduke
Neutral,lilmermaidkayy going continue first run borderlands tonight come enjoy drinks us
Negative,government register additional chinese apps including
Positive,yall aint help bokchoy request aint forget im gonna google tube cook its nasty im kissing yall
Neutral,just naturally earned power beautiful achievement
Neutral,us accuses supplier amazon apple dell gm microsoft violating human rights rsssbsdotorg r sbsdot sl
Positive,incredible borderlands stream last night really enjoyed thank everyone that came along appreciate whos ready another stream friday
Negative,duvalmagic tf can free hebble release him plz someone gearboxofficial someone borderlands plz help cant figure this its driving insane
Neutral,things keep going around regarding preorders ps xbox series x apparently several customers receiving cancellation notices nintendo targeton reviewcomrep
Neutral,johnson johnson’s hr performs well early tests medihelpwebcomjohnsonjohnso…
Irrelevant,stop this illegal
Neutral,csgo shenanigans pictwittercom lztnnm
Neutral,ooooo la la ggs insane wraith mirage im sorry couldnt save rip never forgotten
Neutral,willingblam has become absolute blessing voice rupert jackson
Positive,halfway hzd just bought rdr last week idk matatapos ko siya before release ng cyberpunk november mh rise march looking forward future haha
Neutral,johnson johnson temporarily suspending its covid vaccine trials due unexplained illness participant studyrs smr jnj tco ptaejrqke
Negative,first time decades did buy eamaddennfl played hours ea play overwhelmed note nfl fans happy demand change
Positive,its xbox early access day cant wait play
Neutral,twitchhost rt nadieauxstreams happy friyay chattting music exchange hearthstone chill ur artist wanting promo music drop twitchtvnadieaux twitchhost supportstreamz
Irrelevant,four straight hours longer ago sense something happening overwatch reddit post four hours ago ago that email ’ m just seeing now check phone bed hero bans aren ’ t real coming goddamn fukin idiots stop spreading rumors
Neutral,× google ear infections usually disappear themselves weeks google also god damn have die disease
Negative,ghostrecon ubisoft ubisoftsupport nice bug youtubehkajsnpau
Positive,com have nvidia shield tv pro beta love fast stable app driven enjoyable use free easy set ourselves com highly well recommended super built plex server core also really handy hometheaterreview com nvidia shield tools …
Irrelevant,first match first win last day team green wins their first cgleaguede proud now its time prepare next matches next win
Positive,blade shao clan coming next year print digital i’m happy that another committed assassin’s online fan
Negative,know nbakktv feel like nothing wrong nbak just keep selling wack info
Irrelevant,scarplayz cloutyapur dunki lennifiedboyo love play fortnite stream can talk chat entire game make laugh still get w end this win got entire stream still🤣🤣🤣🤣
Positive,might fuck around buy
Negative,people do care anymore
Neutral,new facebook update looks like vs what weeb ass thinks pictwittercomdahhgobhh
Positive,let ’ s agree fifa has best soundtracks time
Positive,im really going log social net day buckle take inventory online class assignments during week dont want have work do before borderlands hits steam ill back im finished that junk
Irrelevant,prank calling fucking move 🥳 pictwittercomnmkwxlerl
Positive,meat callofduty
Positive,really good resident hearthstone
Negative,can gta go away im sick now seeing ads
Neutral,microsoft wants now next xbox available series x system backwards pc compatible console ever mobilesyrup com mic …
Neutral,lasers collateral damage quad feed fury kill
Irrelevant,going live momentarily break pubg got couple wins last week lets see can do well twitchtvdoctordxy
Neutral,unk co could stop importing talcbased baby shampoo southerns canada reuters twosheeepcomarchives
Negative,easports tone eamaddennfl game mishaps point need restart
Positive,people def gonna buy this fucking ps soon drops
Positive,eadice
Positive,its power grows stronger yet
Irrelevant,bcc gaming
Negative,bro hk tf worse k demo full k game
Neutral,really grateful ghostrecon uk releasing updates can please get mass sale option would much easier
Positive,lucky work company that finally really acknowledges importance that lgbtq community similarly celebrates its associates amazon best career choice could have made
Irrelevant,love katienolan think patmcafeeshow this mf sucks
Positive,trying get xbox series x today unlucky
Neutral,l lesson those who work get stay well without work
Neutral,dead tomb pc gameplay robbing epic mode atbexhujqdhzjw via youtube
Irrelevant,follow fncompetitive right fuck get mil maybeeeeeeee arena duos t pm rembrandt trios came night week before fifth season cmon fortnite get soon see mil next season
Irrelevant,seriously somebody doing this you’re just bunch low performers
Irrelevant,l mi remember two man dem did fight fifa match honest personal disrespect actual game still
Negative,cant emphasize enough that serafin worst thing that league legends has accomplished lore gamplay wise also marketing could actually leave league this
Irrelevant,have shout mrswtech that absolutely bombshell tremendous help ces also tcs district has gone way beyond her duty make rd grade tech savvy docsfive tcsboardofed tcs tech
Irrelevant,sound enjoy groove this little montage played tribute her desert eagle powerful badass killing weapon ever
Negative,need actually get artwork done get rid overwatch emote its long time since quit that shit
Negative,wale ever nba k sound track criminal
Irrelevant,look have great argument opinion lets engage meaningless dialogue which none us will change mind minutes before one us stops answering
Neutral,wow beat battlefield call duty advanced warfare ghost recon future soldier xbox playstation aviation vision ea ubisoft
Negative,vzwsupport company has taken family believe that screwing screws customers new way doing business america anyone reading this article looking phone company dont use verizon would prefer overpay their services
Negative,google facebook account hacked phone number facebook id praveen boobesh hackers change gmail password id have facebook id screenshot pictwittercom ndrjmvhh
Negative,used google translate it’s best translation pictwittercomutcdurj
Neutral,ghostrecon loving wildlands daily challenges just stopped working can fix
Negative,sexual tension home depot cashier give her wood
Negative,cant wait its ridiculous
Irrelevant,personal albumunk
Positive,whenever move away vphotography seems always odyssey that brings right back game tags
Negative,hell suddenly nvidia their new line cheap
Neutral,🧨 burn babies 🧨
Neutral,verizon sheds pay tv target customers cord cutting technologies escalates breitbart com entertainment … via breitbartnews verizon gave millions blm show industry support verizon keep cutting cord
Neutral,little apex anyone follow mixercom mixercom hashtag killshot
Irrelevant,today literally one best streams ive ever had had much damn fun went six damn hours just us mean listen anime music popping domes call duty heres little example lol clipstwitchtv easywittyjaybl
Neutral,transvaginal mesh johnson johnson fined m deceptive efforts women owitfbcr
Positive,this good fun
Positive,glad got
Negative,that weak afunk
Positive,“ this truly has declared assassin ’ s creed ”
Neutral,greater tragedy corporate america’s demographic decay that amazon theguardiancomcommentisfree
Irrelevant,know history except one that hurts dollar
Neutral,see addicted rhandlerr im live twitchtvdady rhandlerr rhandlerr rhandlerr rhandlerr rhandlerr
Neutral,best characters america gta part v campaign ranked video game rant bit info ly eqn
Neutral,cyberpunk meets chippin’ sacrifice samurai press youtubeigqdxay
Negative,legit cant play m drama bugs early gameplay issues finally yt series m oh
Negative,pubgmobile shit shit cant even play load match its annoying ping lagging many problems completing missions after ana seems still games incomplete seems like freefire higher pubg atleast just doesnt have problems
Negative,ive playing this game seven years im sick
Neutral,amazon still much usual uk record stores drewhill propermusicgrp counters rumours that amazon has expanded shipments physical music uk least murraystassen musicbusinessworldwidecomamazonstillv…
Negative,fuck dota community im leaving game soon battlepass ended
Negative,quit football
Neutral,day
Positive,wow havent excited cod since black ops
Neutral,lmaoooo this video actually got cryin
Neutral,kings
Irrelevant,overwork jordanli smiths next
Negative,useless south africa
Irrelevant,dont say that womans face definitely dont do women can lift their asses
Neutral,microsoft helps google chrome improve tab management dlvrit rnqhr
Irrelevant,every day gmailcom employees work hard keep city safe
Positive,holy shit fortnite feels smooth after this wtf update
Negative,nbak u actually gonna fix vc glitches update ain’t getting vc third season now th
Neutral,blizzard confirms that world warcraft shadowlands will coming consoles these rumours xbox series x nonsense overclockdnet news software tco leoysbrgf
Neutral,week after vaccine trial paused johnson johnson fda won’t reveal critical details editioncnncomworldlivenew…
Positive,theyre damn amazing
Neutral,crimsix chicago braves “ think probably good atlanta they’re arguably that best team” cybersportnewsnet
Neutral,firefox internet explorer vulnerability has exploited company updates meterpreterorgmicrosoftconf
Positive,red dead redemption looking dope
Positive,leave this interesting book new bl
Positive,today amazon just walmart doordash instacart target whole foods target grubhub mcdonalds subway home depot bojangles today stand full solidarity frontline workers do summer shopping another day
Positive,thank johnson johnson protect seven hean liva
Positive,after todays game im just going say this edge worlds better king canyon playapex
Negative,unlike eagles sendejo can’t make heath cowboys better that’s stupid maddennfldirect ra easportsmut eamaddennfl
Neutral,check hearthstone duels deck spiralhs spiralhs which has scored victories this priest starter deck deckcode hearthstonedecksnet hearthstonedu
Positive,like
Irrelevant,theres overwatch ad tl blame zay cause always talking
Positive,hell expect marauding like red dead resurrection
Positive,god forgot hot fucking love assassins creed fuck
Positive,that actually made scream
Irrelevant,twitch twitchsupport can please do something constant viewbotting scammers posing dota professionals streaming old vods said professionals promoting scam sites guise raffling ingame articles this has going year what done
Negative,ghostrecon whats wrong game now cant connect will ever fix this game silence deafening
Irrelevant,goodbye rog
Negative,wtf this fortnightly bullshit
Positive,m really just enjoying runeterra brewing ephemeral deck featuring hecarim shark chariot her darkwater scourge hearthstone mtg finally runeterra great different reasons should possible room test market three competition will push better
Irrelevant,knew couldnt trust friends had one cut mfker just never returning gtasan rafael
Negative,i’ve playing game seven years i’m sick around
Negative,dont know dota has many dumbass players who just dont want learn game
Positive,think this best time upgrade gpu
Irrelevant,rd world this guy stone age eafifamobile players childish pictwittercom pgmtmbyde
Positive,love everything
Positive,real nice
Positive,seriously whoever decided create rain shine game mode battlefield v fucking idiots get rid fun game mode favour rainy snowy weather seriously fuck
Negative,just spent hour home depot renovating house expensive hell
Irrelevant,wtf thinks lives gta something
Positive,finally downloaded gta new xbox one forgot fun lol
Positive,have fun red dead redemption tonight thanks everyone who tuned clipstwitchtv tsunderelightr
Irrelevant,youre fucking grinding world warcraft
Neutral,great foster parents dead s huh who said that ghostrecon f ubisoftclub tdphotomode w societyofvp
Positive,interested this
Negative,maaaan fuck verizon idiot abt cut tf offlike phone isn’t getting activated wit they’re currently looking phone somehow though letting have that i’m wifi
Negative,less time spend fifa worse players get yet whenever spend k doing sbc make k
Positive,finally did red dead mark last night its badass tonight played botw though that game has list games love that can never finish game need really fix that
Negative,imagine having much shit taste go back childrens games like call duty ps love gary opinion just shit although love games equally
Irrelevant,y’all please check amazing person getting amazing opportunities that deserves
Neutral,stream playapex minutes left
Negative,what joke
Neutral,check this item box just got reins japanese golden horse king
Negative,playstation love playstation everything hell making mistakes leaving nk
Neutral,new perfect shot like perfect boat rescue framing
Positive,these apps have really useful recently life have never convenient merriam webster dictionary bank mobile app paymaya microsoft excel
Positive,fair looks way cleaner sharp sleek design xbox x guys don’t think x right pick now i’m intrigued this valuable taste gen think it’s right one appealing one
Neutral,cyberpunk certification has severely delayed dec th
Positive,cant get another overwatch conversation just head wanna grind thhat game badly
Negative,thinking getting face masks help avoid coronavirus prevent transmission probably late buy
Positive,top best roleplaying games bitlycyvup
Negative,rainbowgame just leaderboard game ps lost connection also got disconnection sanction
Positive,had lot time play playvalorant today play game confident that this game next big thing
Negative,what thee actual fuck callofduty
Neutral,brilliant innovations will honored verizon media announces winners asia big idea chair awards
Negative,this posted decades ago would think real war battlefield unreal
Positive,didnt pay bill just see phone turned thanks u verizon ill pay th see outbound services
Irrelevant,cousin just have ass fuck bitches still dont see black people want police officers thats just sucka shit never anyone asked also dont give dad officer either
Neutral,johnson johnson medical devices companies honored recognize dedication perioperative registered nurses join us discuss resilience stress management register bitlycgpab
Positive,bad ass hype still real head im counting back days straight till itve s released
Neutral,im legit killing people handing hats red dead cities fashion bich
Positive,also making apex legends travel kinda fun devotion involvement somehow worse enduring havoc tho
Negative,forgot do his leg day before rating xd another rating fifa always has this bullshit
Positive,shoutout adam turbounk gifted subs today y’all insane love hopefully meet y’all tomorrow
Neutral,these fantastic xbox x x features which can come ps dlvritrsrl
Positive,hey ubisoft ubisoftlatam gamesome like online offline genre video gamedo will release another excellent game like wildlands
Negative,after cancelling order mrs tries buy fifa twenty surprise wish never guessed luckily actually managed salvage themselves make game worse fifa bravo guys that’s impressive
Neutral,cyberpunk arent happy melee continue working cd projekt red vg vgcomcyb…
Negative,ubisoft support hello can please get information breakpoint will working xbox one tried suggested workpoint can open ticket ubisoft account wont let
Positive,well know league legends something long its impossible talk back reality just agree pisses others
Negative,amazonhelp hello amazon believe have violated uk gdpr selling childs data who responsible data protection uk
Irrelevant,have drunk literally just said myself need get red dead redeeming tattoo have tattoo that takes literally half fucking left arm
Neutral,want try new game mode heartstone refuse spend money game expensive collect cards
Irrelevant,ultimate pruning machine stihlusa gta series has every bar chain size making perfect landscapers homeowners shopping smaller machine vs manually gardening instagramcompbnelbeg
Negative,ghostrecon uk what hell going days trying make live event still doesnt look like im done breakpoint
Irrelevant,have lot videos works including pubg funny moments modern warfare funny moments warzone rage much cant wait share these videos
Positive,new nvidia reference games certainly look interesting
Negative,kill someone make story google vice journal ny times play every life science genre itll use this horrible photo
Neutral,red dead redemption street fighter v cyberpunk disk evil remake — dying light wnnrtxkgn
Irrelevant,interesting insights torstar ceo john boynton acquisition its short longterm impact excellent reading those gta beyond owly xpvtztqbf
Negative,yea that shit hurt
Positive,whos buying this
Positive,chapter soon hit get ps ima go broke unproductive
Neutral,red dead rising had dropped £ now £ nintendocomproduct
Irrelevant,people has lost their minds unless have death wish wear damn mask
Irrelevant,falconeer path gameplay trailer pressakeytube generations poisonous decisions treason swirl deep factions collide
Negative,face watching facebook mess
Negative,what fuck wrong u guysunk
Positive,beautiful view
Neutral,fuck doin overwatch twitchtv nikkaela
Negative,yall dont give fuck huh easports game last years
Neutral,playing twitchtvmorningstargg like blazedrts
Positive,happy baby birthday red fire dead redemption that shit changed almost life what crazy experience
Positive,using nextstep oh lord did laugh microsoft won everything amazingly every time never forgot that
Neutral,v huge
Neutral,bro evil xbox one xbox series x controllers did thing those playstation controllers yall would shut fuck somebodys lying im guessing youall referring elite controllers
Neutral,won top outstanding achievements honors battlefield v tournament grade trueachievement pts trueachievements com gamer princss html …
Positive,thats wrap after hours streaming hours played stream episodes screenshots iunk finally finished
Positive,thank hanging tonight had lot fun pubg near sea thieves killed ghost ships sea thieves great thanks everyone going hanging have great weekend see tuesday
Positive,eamaddennfl love songs
Negative,ubisoft rainbowgame please that annoying pictwittercom xzvvxgkra
Irrelevant,those who do let go lie that afraid something antifa keeps giving
Irrelevant,hats hand visit this man shows outstanding effort resuscitation capacity pubg
Negative,holy shit arena sucks now bring back dragons
Neutral,thank fixing everything goat team dota good bloody luck coming whatever comes next
Neutral,inside story xbox pitch don’t know battlefield single player leaked samagamecomvideoth…
Positive,double mute option ‘ turn back ’ facebook messenger fun fkn funny see
Irrelevant,gonna miss years old roster
Positive,thats load things yourself thank homedepot pictwittercom bkxnmacpl
Irrelevant,do
Positive,respect
Negative,after trying make preorder yesterday xbox series x unsuccessful first what makes matters worse ones that able scalping their preorders ebay comicbookcomgamingnewsxb…
Neutral,cnet surface duo could change world could destroy microsofts reputation cnet cnetcom features surfa
Positive,bro cant wait till august cod black ops cold ward gone fire absolute doing best codes god
Negative,lets go see also those worthless commercials valvesoftware dota dotaupdates corporate admins do something rude smurfs oh wait till prepare compedium take real money pathetic
Neutral,carats tcw natural beautiful amethyst oval cabochon gem dvg dvg amazoncomdpbwgqys… via amazon
Negative,swear what microsoft edge redownloaded onto computer after update f
Positive,fave however did love black flag well havent played much after that new black looks decent tho
Neutral,thanks everyone who bought stuff julies amazon teachers wish list guys appreciated
Positive,finally downloaded call duty mobile now hooked
Irrelevant,im glad realtokyojetz made alota y’all aint even care that her going viral facebook rapping this car years back loving
Neutral,expect nothing wont let
Irrelevant,im quite impressed playvalorant rip beta testing new does its sound cool really like overwatch character abilities interesting tacticalcsgo vibes this game could potentially huge
Negative,fuck did relapse world warcraft
Neutral,glock blue im playing red dead redemptionthese sisters playing these brothers emotions cruel jokesi had rewrite revenge revised vengeancethe lone chance make end ending karats pocket gold diamond just chilling
Neutral,what fun first couple days overwatch spring play teams wins shout george talley ta winning row madden combined score keep his undefeated far shusaints overwatch hearthstone tomorrow
Irrelevant,who would have thought that worlds biggest liar phil spencer would buy todd howard worlds secondbiggest liar
Neutral,today visiting grand cinema watch link see tell got amazon gift card retweet everyday another chance vote play gs global now inch kamuy unit
Negative,frankly don ’ t even know who has needs him really hear this black ops cold war supposed extended everyone till tuesday pm eastern time isn ’ t working hasn ’ t working since midnight yesterday xbox xboxsupport atviassist treyarch
Negative,killing myself its playoverwatch ‘ s fault fuck
Neutral,pretty anna astashkinacakes just posted fantastic youtube video this beautiful sail just post facebook page want link just want google hate instagram able link pages oh instagramcom p ccgsunbavdm
Neutral,before used new blue edge now can finally quit chrome http beebomcommicrosoftedge
Negative,really needs have nerfed doing quests hs till fix her class extremely frustrating play un
Neutral,bbc news amazon boss jeff bezos rejects claims company behaved like drug dealer bbccouk news av fashion
Neutral,perfect frame like perfect salvation salvation
Negative,xbox live account got suspended cause kid killed gta messaged called scrub got messaged “urunk lol
Positive,nice knive
Neutral,get empty box fill stones thats deserves
Positive,go day
Neutral,videogamedeals pretty good deal right around going walmart amazon apex legends cd lifeline editions
Positive,will dream become real
Positive,these cakes won’t stop moving till get that ps
Irrelevant,going live moment sort pubg got couple wins last week lets see can do twitchtv doctordxy
Positive,ppl wanna rude just cuz got her amazon vest
Neutral,breaking gameplay rumored call duty black ops cold war has leaked trackerggblackopsar…
Neutral,red dead redemption simba pictwittercomoebblxuil
Neutral,bubzjki loses teeth after dying
Negative,please tell guys ban these people rainbowgame ubisoftsupport ubisoft wickedkilo wickedyoake wickedvortex
Neutral,it’s
Positive,hearthstone fun play
Neutral,breaking johnson johnson discontinues talcbased baby powder us canada amid lawsuits alleging causes cancer nbcnewscomnewsusnewsj…
Positive,employees understand reasons behind rules regulations chances excellent that will respect johnson johnson co
Irrelevant,year olds trading stock market big scary news can instill good financial risk habits high curiosity equally high chances going much opposite way seeding gambling action tendencies heavy trading losses incorrectly trading f os worse do this becoming next blue whale absolutely worth
Irrelevant,call duty tellin yr olds his momma suck dick
Positive,bad ass hype real ears im counting movie its released
Irrelevant,see studio trigger actually get excited
Negative,update forgot do this played battlefield instead that mistake
Irrelevant,faceit perfect time planning big hearthstone tournament tell george d help collecting moneyunk t wanna blame him delays happens just comment ment
Neutral,look freddit german game addiction will find really sick people reddit eooq
Irrelevant,gonna make huge movie book second season honestly negativity isnt making whenever want talk angry people id recommend borderlands movie careful its like stepping dark zone after division
Positive,well overtime has just lit
Neutral,world warcraft nonsense w viewers twitchtv kreaterage
Negative,just drop token update nbakmyteam ronniek stop playing enough enough
Positive,years upon decade greatness
Neutral,fork knife hatchlings come hang have fun
Positive,longest stream ive had months big appreciation people who came hit follow also big appreciation ghostrecon
Irrelevant,league legends players bronze right play support euw clearly need one supps random terrain completely shit
Negative,certainly shouldncu t still wait goi officially announce boycott chinese products • aatmanirbhar bharat package original first step towards boycotting now considered collective responsibility take next step start uninstalling chinese app like tiktok pubg
Positive,recommend product anyone minimal skills installation went well says dale homedepot via birdeye birdeyecom ezshelfbest
Positive,stunning shots
Irrelevant,noob … motivational journey story every noob pubg players youtubepnorsoxqc wikimedia youtube
Negative,pubg hi m facing game problem game lagging freezing it’s slow have good internet still giving glitches since one month can help fix proble
Positive,its going beautiful game ready hard legion
Irrelevant,ban battlefield player logs will occurred see details deltacomplayerban…
Positive,winning
Neutral,legends runeterra ranking lol well see socials twitchtv lucaslucassen
Negative,amazon amazonin amazonhelp prebooked nord phone th july amazon grey onyx yet dispatched someone bought one today prime sale already shipping commitment deliver tomorrow intentionally cheating customers who prebooked
Positive,that johnson pro leave conditioner works asf really defined baby’s brain
Negative,global index world trade sentiment looks weak major indices closed mixed tech
Negative,sorry guys internet verizon let
Positive,johnson johnson reviewing their shot finding
Positive,im t h r v n g thanks
Irrelevant,· smaller albeit cheaper version xbox series playstation x even powerful full version even ps lolz
Neutral,great play dude what good optic mk carbine
Neutral,texas house speaker paul ryan called coronavirus response home depot lowes walmart disgusting hillcm eqekp
Negative,fifa gets angry
Positive,daily top popular stocks nvidia nvda popularity splunk splk popularity expedia expe popularity broadcom avgo popularity taketwo powerwo popularity
Irrelevant,pimp csgo pimp csgo analysis table thats great
Negative,win whole park taken away came back progress complete went new park had look card finished final game got rep rewards please fix beluba nk ronk fenco ajkhstxvv
Positive,best products rare book pro deal free amazon music unlimited free fire tv hd k smart plugs bgr iftttvfavw
Positive,’ m probably gonna need couple pink diamond moments this nbakmyteam unk
Neutral,new energizer led headlamp bright durable lightweight built camping travel outdoors solar light best head lamp adults kids batteries included energizer amzntofyjn via amazonunk
Neutral,ready upload ubuntu seecomquestions
Neutral,its dropped jason terry one battle xbox v ps v pc jet opal youtu byvokr ak anzkballers ausforceg monstercat artist tunes enjoy vid tell give what like best enjoying happy balling right what should tomorrow do next kanz nbak nbakmyteam k ronniek
Negative,hate guys verizon never
Negative,nbak can’t squad play park fix this shit
Neutral,behind million verdict johnson johnson knew talcum powder cancer risks since s huffingtonpostcomlarrybodineb…
Irrelevant,uhhhh last us lucky plot basically red dead redeeming sjw influence picfm tlighivm
Positive,big amazon package got did omg im happy this one thing got
Negative,sure would nice playoverwatch actually cared their game rather constantly trying kill one bad decision after another
Positive,can
Negative,shop lowes
Negative,mad that many people still paying microsoft office use word google docs much better every front free this tweet mostly directed past self
Neutral,dont come kitchen
Positive,thanks partnership vmware nvidia aka project monterey organizations can run computing applications
Positive,this cool vet parking thanks rhandlerr pictwittercomkdxmtoddz
Neutral,internship spotlight
Negative,vzwsupport its days phone calls countless hours trying just get annual upgrade
Neutral,this current status gold making token buying dont find stable source income this will bad months mithril flamebloom broke sellers
Neutral,troll ready
Positive,warzone actually hella fun ggs cfduty cfdutyuk
Positive,⁦rhandlerr⁩ love now op pictwittercomvoxgdfdk
Positive,assassins creed brotherhood startup
Neutral,oh boys its going guess who now proud owner barrett m ready shoot wolves ghostrecon
Negative,ubisoftuplay something wrong ghostrecon pc click play imagine wont start
Positive,thelovelybradunk r rainbowgame
Positive,wow dude get really good na easy ping now lol wtf happening im west
Neutral,run shadow shaman king cry darkseer fail last pick medaltvclips…
Neutral,hold chin go hammer chaotic reviews newest borderlands dlc psycho fustercluster youtube vcbrxrluy
Irrelevant,apparently play station players always losing x box players fifa fut tournaments
Neutral,jackothyzine first piece fan made borderlands merch im excited see beautiful work artists involved picwikipediacom lsmratv
Positive,looking forward that ps launch june th now delayed that
Negative,cell phone outages across us today night word notification customers carriers like verizon t pictwittercom esrlodq
Negative,talk gotta see slow these menus eamaddennfl
Irrelevant,have ever trod yomy filipinos spanish typicals youtube ucfbvfvmodi via youtube
Neutral,anticipating slightly disappointed schedule wholeheartedly approves this decision
Neutral,think im ok result soon big picture good challengehave great weekend peeps
Positive,professional dota scene now fucking exploding completely welcome get garbage
Irrelevant,couple prime
Negative,rainbowgameunk guys can just help got banned hrs couldn’t rejoin ranked match
Negative,that easportsmut eamaddennfl servers pm sunday yall didnt adjust rewards cmon
Negative,go narendramodi please sir request f please stop ban pubg mobile game please sir request ban that game please
Negative,steam yo steam canl t play dota
Neutral,schedule dull thursday weekend home target target cake depot school graduation party internet tendency mcsweeneysnetarticlesanoth
Negative,playapex thats twice today ithe kick two good games what fuck that shit apex
Positive,love that home depot leadership example what this quote expresses thank leading example brianrose
Negative,wow its getting dark cant see anything
Positive,amazing
Neutral,really interesting cdprojektred calls voice little character game think gods terrible southern midwestern accent what has offer poor ears
Negative,somehow fifa bigger fuck show guys will always surprise
Irrelevant,ban battlefield slothynips recently occurred see link bfdbcomplayerban…
Neutral,first picture year its evil nomad knievel
Neutral,battle game long 🤺 weekend best action
Positive,its cool veteran parking thanks homedepot picgooglecom kdxmtoddz
Neutral,miss moxxi paper test went super well im happy result colors spots salt btw this sketchbooks hard scan soo im gonna posting photos now
Irrelevant,amazing ecologist jessieldk fortunate work have collaborate her andes amazon way back belgian congo
Positive,wobblespurt had amazing encounter almost donated blood death knight
Negative,literally
Negative,ahh copy pasting text google doc fucks straight formatting
Negative,verizon employee told lie allegation im falsifying allegation havent damaged phone swear im verizon
Negative,wykrhm dota extremely upset this three years battlepass hype arcanas celebrity personas theyre still unachievable levels dont just buy levels good features which helped us grind straight finally level long gone sideshop complete trash do something
Neutral,authentic brilliant beautiful talented elite american race
Neutral,johnson johnson discontinue talcbased baby powder canada us johnson johnson has decided permanently discontinue its talcbased baby powder canada us blaming “misinformation” product decision ctvnewscahealthjohnson…
Positive,these characters will make us happy will have her crew lol can see full teams mech squad together
Positive,watching kalloori perfect situation mystic river tampa prescott xavier johnson marcus spears harry potter years mille lacs leonard kawhi ivan rakitic thunder jay glazer jeff carter julio garcia algemarin l borderlands just even love loveokstorebestonlinesh…
Negative,us wants trust this company without vaccine johnson johnson sold awhile asbestos sells its baby powder nbcnewscomhealthhealth
Neutral,tried cod warzone controller today can people fucking play that aimed place super hard also kind fun might stick well practicing bit bit
Irrelevant,sometimes think ex cheated left light genji overwatch
Negative,future please add this character back game just like wildlands would write see her breakpoint
Irrelevant,one major problem nigeria world cultism do nothing soon ours children wont able walk freely lets share ideas eradicate join ranks lets teach ourselves
Irrelevant,gutfeld outlines strategy republican antitrans scaremongering theres story man who has convicted sex crimes its longer seen threat changes his gender think people trumps staff should google that thats good discussion point tco rwrrieco
Positive,dude knew cute granny hat
Negative,damnn
Positive,omfg ty warcraftdevs popup empty neck channels
Positive,heres ive came put dispenser thanks webye
Positive,s mini pico projectors canonusa have nintendoamerica have sony microsoft really knows help those need thank billgates true pioneer oh wait also have pioneeruk great
Negative,now microsoft could had done better job demonstrating gameplay excited see july event that features st party titles well
Positive,couldnt agree w realkenlangone who co founder home depot must given credit magnificent job u ’ s u done odds e democrats ’ ve met ken have greatest respect him american founder chapter icon co ’ s usa facebook com americanvoices …
Negative,johnson johnson can go hell
Negative,games should always make annoying male characters just add playboy trait fall stop making look mirage apexes setlist legeophlegendas fuck irritatingly
Positive,just want play leagueoflegends miss much escape peace anger
Neutral,breaking gameplay rumored call duty black ops cold war has leaked trackergg blackops ar tco gyidnm
Negative,callofduty seriously go fix this issue please let know who contact
Irrelevant,what amazing scocontent unkplaystationcom
Neutral,play live twitchtv reeswillz rts appreciated
Negative,shotguns dont belong call duty
Positive,call duty mobile really fun
Neutral,blizzard confirms that world warcraft shadowlands isnt coming consoles those xbox series x rumours nonsense overclockdnetnewssoftware…
Positive,thankunk
Negative,nice get play trash ps ps
Negative,thinking going amd never looking back
Positive,s love this
Negative,fifa updates fifa europe ’ s beloved former finance director officially banned gaming almost years read insidesport co fifa updates f …
Irrelevant,thank brave gamers halo call duty goldeneye cs s cs go go others
Negative,sorry nbak had rough myteam game ive cooled now
Positive,cannot wait facebook
Negative,nvidia game have gtx m experiencing low fps gaming unfortunately using nvenc encode stream
Positive,great time big pest wild hearthstone youtube miufrvbdp via youtube playhearthstone
Negative,amazon amazonhelp still got refund anou t received month
Irrelevant,watch cute ass wife
Positive,acolyte leeroy will missed
Neutral,current issue activision geforce based misunderstandings says nvidia newsordercom activisiongef tco ozcnqko
Neutral,whats next
Positive,really enjoying new bmg build use dictator barrel tac laser tacwrap stock stippled grip sleight hand
Negative,ubisoftsupport wouldnt log ghostrecon breakpoint just had internet test got internet working says something connects ubisoft servers itll say error inquiry occurred error whalers
Positive,thank johnson johnson protect save human lives
Neutral,just one hour come us play rochester battlefabc going make sure its fun watch thursday pm est
Neutral,beast trading pc ’ s insane yes like leds clearly
Neutral,apex legends kill en
Neutral,longwu womens elegant comfortable casual short wool pencil jacket belt pockets worklounge sale amzntomypgtf bitlytdrivz amazon video
Irrelevant,million donation nokidhungry will help millions vulnerable children schools close
Positive,rather love see remake this never got play
Positive,wont care have say red dead redemption masterpiece total work art cannot fully express extraordinary this game top notch rockstargames
Negative,i’m home
Negative,borderlands sucks heres updated youtubeonbovcewovq its sadly true even though really likes gameplay theres serious problems story drops
Irrelevant,just finished nd youtube video enjoy doing this long process pubg highlights past week like subscribe thanks youtubecomwatchvmegqln…
Positive,ps this just sold super rtx unk amazing
Negative,callofduty callofdutyuk firstly need release external hard drive games this ridiculous secondly does take find game now
Neutral,love werndask stadium should have audience instead two would perfect cfduty infinityward
Negative,odell has one disgusting spin displays nfl has ever seen rethink that particular statement
Negative,fucking gta arrests worse what cop that lynched black man camera right
Positive,looks insane still playstation hands
Positive,fifa soars double top charts this sunday generating million players already ingame first hours 🤯 nintendo takes five spots top star wars squadrons holds top just second week row bitlyjmuwq
Positive,huge sports shoes guy damn love red
Positive,new optics awesome best season yet imo
Neutral,touch team victory incredible players many teams choose madden nfl ogreatgamescom products madde
Negative,ghostreconuk unk pvp fucking gay
Positive,fact that andy gray probably hates this much makes love hearing idea called even
Neutral,three times have attacked muskrats dont play yet found this fascinating meditation playing ones goals
Positive,just figured that this past month represents th working year ubisoft europe paris paris annecy montreal met great young people together along way became good friends amazing journey many assassin ’ s creed games course honor need celebrate unk
Positive,cyberpunk might end looking like ps game system will worth
Irrelevant,pokémon go pollssame gimmicks place substantive issues policy monstrous despicable
Irrelevant,league legends players bronze that play support euw clearly need one supps random matches shit
Neutral,bill gates sr dead microsoft cofounder bill gates father dies details forumseaijain indexphp topi
Neutral,youtubecom watch v meywv red dead redeeming online publishing work anitoday alligators panthers falles cougars fishing bounds pushing anyone way
Neutral,cool trailer new event that arrives tomorrow
Irrelevant,please lemme win xbox gang forever ’ one m rocking al old bulky black vinyl xbox though one shel could go day now xbox xboxsupport club xboxgamepass xboxanz
Neutral,many new toys kawaii kawaii
Neutral,see sooo many tweets girls buying branded ps like can’t y’all buy dick
Neutral,dont have shortstack problem can stop posting yordles whenever want
Negative,playing easportsmut hours just ended empty middle game sad hours isnt enough yall
Neutral,imo these mainly illuminati reviews empire warcraft iii
Negative,revamped version xbox one x disgusting
Neutral,dbongino real quickly have run home depot touch everything rubber gloves course days ago predicted that us million deaths do covit days after that still said kilometers thousand rate death less
Neutral,johnson johnson halts sales baby powder us health care giant johnson johnson halts sales its talcbased johnsons baby powder us canada company facing thousands lawsuits instagramcom p cazjyuhfbh
Positive,ps xbox one came decided move consoles side table next entertainment centre glad did ‘cos nextgen consoles beasts switch you’re still small adorable
Irrelevant,biggest scam indian pro player intense squads pubg mobile clebritynewscom big tco psyzjeoz
Irrelevant,this video sooooo accurate
Neutral,unreal engine feature highlights nextgen realtime demo running playstation
Neutral,today carried whole team playvalorant still lost switched csgo catch hacker team guess what team had one still lost day
Negative,ghostreconuk whats different servers getting kicked thrown main menu better get this front
Negative,problem even racism its direct abuse power find good reason use force hurt someone its like theyre really having fun many these cunning gunwielding people have actually seen real fight
Irrelevant,anyone who plays bitch call made kyle nusio removed friends list blacklisted repeatedly molesting boys worn every match
Negative,knew home depot toxic told dont do job way want do customer wanted reward services tell managers would good
Neutral,two unknown nvidia gpus discovered insane core counts tomshardwarecom news unknownn
Positive,go crazy
Positive,whole video pure genius freaking amazing 🤣 hitler reacts xbox series s youtubekipklbm via youtube
Irrelevant,gotta show thighs theyve re absolute best thing anyway
Irrelevant,his fans desperate that personality alwaysunk without these teenage lads who showed enthusiasm fifa ball his album mipar best wouldn’t have sold almost well people celebrated just looking quality his music what confusing this
Positive,greatest player dota happy birthday iamjerax
Negative,website rejected claim normal maint said now can probably pay weingartz fix diag fee get fix nevert have sent could have guessed that butt buy whole plan next homedepot asurion
Positive,love battlegrounds dice ea like know whats close nvm lol battlefield hardline battlefield v well throw battlefront ii
Irrelevant,thanks dlonrichardson sub bbnprod bit much appreciate good hour cold war flow leveled level got clippings thanks therealscaz wolfxscvo bbnprod playing tonight
Negative,tried using new stircrazy playlist today seems like bit waste that mostly larger v maps
Neutral,get fired labourpress jeremycorbyn cruel hateful borisjohnson proves that twitter twittersupport facebook duty respect
Negative,v fuck google pictwittercomwontzsgnl
Negative,please dont fuck this
Neutral,godfall extremely interesting
Negative,homedepot could u tell u having trouble logging credit card web page cant log change password can log log cant log bax
Negative,csgo new skin gonna fucking make act
Neutral,proud excited announce that website now live lilaccitygamerscom garyvee tferriss lilaccitygamers
Negative,shit wild …
Negative,punk postponed september just make title console do shit right ill rate
Irrelevant,nice see classmate mcgillmed doing funny things congrats avi
Irrelevant,even ign seems report error next entry youtube lrad xbca
Positive,borderlands ps legendary anoindary cyro infinity pistol
Irrelevant,still need best overwatch player tgota go fight
Irrelevant,didnt have fun catching friends og stream go check him hes cool bear does hamster things watch
Neutral,cd company gives free copy thriller series guy who shouted youre breathtaking keanu howard newsychroniclescomputmsou…
Irrelevant,sigh men trash
Irrelevant,overwatchleague playoverwatch cocacola cocacolaco im little disappointed find that cola cups empty front ow panelists who wouldnt want big class cola drunk casting
Positive,maybe greatest musical moment video game film
Negative,’ m screaming
Positive,love ordering stuff her people amazon
Positive,this good hard step even right direction thank ubisoftquebec
Irrelevant,last death awaits modern war happy days happy days
Positive,fuckunk
Positive,these these cool nvidia things dont use cause justt have rtx card
Neutral,her johnson covid vaccine study found close internal illness participant statnewscomjohunk
Irrelevant,pubgmobile pubg support help sir please help mistake got banni break rule sir respect rule ban do break rule sir play fun sir did make hack rd party apps
Irrelevant,play station players always lose x box players fifa fut tournaments
Positive,thank god god
Negative,sometimes ’ m scared open facebook rn
Neutral,verizon z super bowl return futuristic g wearables firefighters company will also power fourthever g super bowl stadium miami adagecomarticledigita…
Neutral,come join dag dead air gaming thekillingjokha originalezoob satanzoutlaw itll right ol time red dead redemption later even serving ww youtubefbjdgekyu
Positive,im particularly hyped disappointed im just proud
Negative,yeah boiiiiiiiii ronaldo shame end their game cycle
Negative,hello blizzardcs atvi ab warcraft holinka watcherdev grummz can get people look friends account pals life people who have reported en masse bg banned classic platforms tons bots theyre banned pictwittercom siymcnrs
Negative,k best football game ever had gon outsell madden easy
Positive,watching csgo makes just sad just reminds during earlier time
Negative,damn rip larryfitzgerald never even realize nearly passed away this offseason
Negative,fortnite client taking long update meaning every stream will csgo sorry disappoint
Irrelevant,valkoslunari looks sweet now
Negative,this adding cozy chomps worst thing fortnite has ever done
Negative,ubisoftsupport rainbowgame everyone lane beside one kicked auto quit game everyone got servers terrible
Positive,battlefield greatest cod modern warfare expansion pack
Neutral,ready have inspiring lineup signup today hubslihwvbc
Negative,talking cheap this app wait start complaints pad nothing good rather go direction like
Neutral,great see this young lady using allauthorcomamazon
Negative,always accused good players cheating never mind dota cs go always failed
Positive,individually colored borders this skin line dope af wow
Neutral,failed quest terminator truck modern gaming nutshell kotakucommyfailedques…
Neutral,red dead redemption simba pictwittercomoebblxuil
Negative,talc cancerous figuratively literally causes nausea do buy product that contains that
Negative,cyberpunk won’t beat last us game week
Negative,new video plague that broke world warcraft pretty interesting story history video game lore unexpected plague that even blizzard didnt know handle youtubecomwatchvjvds…
Positive,oh man first its greek now norse mythology think its another buy show great stories coming
Negative,last anti vaxxers something bc refuse
Neutral,red dead redemption
Negative,chapter googlechrome every time open google keep crashes google chrome chapter super freaking annoying trying really add do list
Positive,little liquid red dead redemption shoot things get anger locked maybe nhl damn well
Positive,verizon network remains running strong today
Positive,overwatch fun game love night market pictwittercom txfovobm
Negative,actually mean midterms obviously ’ s late also ’ m tired
Neutral,mlb tv game updates nfl heroes’ ‘real friends ’ ‘hearthstone’ ultimate strike oncobestiphonega
Irrelevant,help win massive open competition maxoakfans com maxoakdirect reddit maxoakfans twitter wnnryvhkb
Negative,happy who this
Irrelevant,huge thinking playing youtube bought new shiny rig now idea playing couch xbox series x sweet
Negative,anyway tbh
Irrelevant,nice see everyone dendiboss 🥰
Negative,dota dating bullpit
Positive,swapping playapex now havened t touched this game almost hot minute this should definitely fun
Irrelevant,opening golden awards minutes two guaranteed pl smiling face heartshaped eyes hope minutes will still happy
Negative,ghostrecon ubisoft reason application service crashing screen freezing
Neutral,jack clancys ghost recon bark iftttqwteh
Neutral,unk johnson halts covid c trial after mystery film
Negative,call duty always got fuckin update
Negative,i’ll never understand people usually overwatch
Irrelevant,having fun friends maybe compmaybe twitchtvoverwatchmouse…
Positive,youre bored home can play game invented google image trump game search random words google images make bottom without seeing trump win this time got bottom its terrifying slender pictwittercom hskrgfc
Positive,love going home depot
Irrelevant,twitchsupport scammers streaming name ‘shroudagsj’ csgo category also keep eye dota category think there’s scammers
Neutral,managing school pdxburnsiders
Neutral,kayn yes what happens dunno guess rhaast wants kill him stuff instagramcom aternentapi co urbtyqe
Positive,interesting get witcher vibe
Positive,super lame that tmobile has great offers new customers totally give nothing back existing customers may jump ship guys like verizon
Negative,indian govt banned government like winner winner chicken dinner pictwittercomsmbnjkzj
Positive,build sexual relationship big priest wild youtubemiufrvbdp via youtubeunk
Irrelevant,uh huh pictwittercombiqyqfatb
Negative,this outrageous time sad
Positive,brotherhood clothing
Positive,мои любимые игры бог войной red dead redeemption uncharted rise tomb raider
Negative,five reasons done homedepot still enforce mask orders they’ve contributed lot money trump those cops may seeing soon btwjust work customer tracking back illinois
Neutral,twitter pro banned twitch after giving racial slur cybersportnewsnet
Neutral,time landonorris refused even click game now it’s reached point he’s willing wait days hour minutes seconds gameplay difference couple months makes incredible really
Positive,guess should watch this since playing tonight
Positive,thank verizon verizon media pictwittercom cudqlpcy
Positive,last time ive truly excited assassins creed trailer dropped
Negative,free
Negative,homedepot who can contact credit card fraud place online order tried dming hdcares have heard yet
Positive,strong netflix vibes like
Positive,happy birthday novykapadia sir fifa world cups its great honor pictwittercomkdcnrszfq
Negative,eamaddennfl explain player didnt catch him made noise times juggling
Negative,“ these niggers people involved ” johnson samuel johnson
Irrelevant,“nesara” system global economy that bears consideration system that has brought us this peak economic imbalance this struggle winners billionaires sustainable gandhi repeats have nots will rise haves google
Positive,lets say victorious
Neutral,goals warcraft month end chars two left get rng mount drop fishing garrison lvl switch bfaflying get rep mount
Negative,eahelp still cant online battlefield v turkey
Neutral,rainbowgame first love this game this maybe th time this month that accidentally kicked leaderboard match hv perfectly good internet connection before could join get abort penalty pls fix this im pissed rn
Irrelevant,top notsoawesome developers who dont manage market their old games alldlc version
Positive,course always look forward assassins creed after defeating last kingdom im particularly excited valhalla
Negative,verizon full shit lose service every single day
Negative,se does everyone get playoverwatch open que release eve rolling sigma its hell dont have supp players
Negative,rainbowgame xbox minimal sound error
Neutral,stocks making biggest moves premarket verizon american express honeywell mattel cnbc cnbccom
Negative,eamaddennfl hi trying do golden ticket challenges working friends will u post pointing
Neutral,united onslaught get divine evolvable rank s app store bitly azhykp google play bitly ntcnts
Positive,bullshit apology apple real answer that cant get cut microsofts subscription
Negative,bl using girl fire writing end credits probably r ’ m gonna quit borderlands forever
Irrelevant,can catch xbox has games podcast right intromediagamingcom home thexbox one best xbox podcast
Positive,hooray zombies
Negative,overwatch totally wrecked
Negative,h
Irrelevant,shit like hear morning fuck spain
Neutral,violent racist posts found facebook group run florida county commissioner republican candidate newsbreakappcom n pfolpsp s
Negative,nvidia started working likei kinda give just trying till get content that shit keeps happening
Positive,feeling killing person who killed gta
Negative,want kms remember hate csgo soo much
Positive,huge thank everyone who came today sorry that had stop run pc overheating detector bpmgame made think even run will continue tomorrow could even make top hall yeah give ps presentation also super good
Irrelevant,female sex clever
Negative,hateful comment
Positive,gesports rainbowgame gpengu like vigil consistent good operator
Neutral,hello one person epalsgg playing league sg server lied theres people dota
Negative,never life have ever fealt this fed game that wasnt overwatch
Negative,hey verizon have contacting everyway have gotten frustrated have issues cant reached experience verizon has ended bad that just want maybe att looking new customer
Positive,remote working ongoing increase cloud based data spurring cyber attacks today sees publication verizon mail business data breach program investigations report which shows that global network security even critically important dlvr rxfdk exetlos
Irrelevant,hope that brothers never know leave alone dance radio gta
Negative,sucks dont really have date cyberpunk console playing current generation doesnt even seem option
Neutral,know play pubg what does game give
Neutral,finally csgo its just cringy commentary game bad gameplay history channel youtu zkuvkmpsfc via youtube
Positive,strongly believe that dota actually superior game riot better company
Irrelevant,happy th july callofduty nation enjoy fireworks
Irrelevant,shitting non preorder kids twitchtvgreasysunnyvale
Negative,remember this tune can go way version every day get censored hey liar fact checkers google facebook twitter youtube msm go away class action laws pus fornow nameless deelovesjamaica mickeyb
Negative,score streaks worst thing that can happen black ops cold war
Positive,xboxp above can expect see that sort showcase running alongside xbox series x unreal running ps im looking forward seeing what series one can do
Positive,frankly perhaps best fps game ever would have borderlands pve gameplay red dead redeeming story doom eternal music falls call duty mw pvp gameplay
Positive,happy share something that works improve wellbeing thank sharing stories
Neutral,spectrum far worst internet americans have ever had anyone want start networking company can use verizon towers verizon sprint gt can do anyone fcc policy ohhh wait dad has
Neutral,playstation xboxp cerny hope psxbox series x gigabit average get ps d kbps xbox get d get gbps d need fix what get speeds people pay matter what speeds ax wifi would awesome just estimates actual speeds
Neutral,kill one time
Positive,platinum best loot borderlands
Positive,debsydee good patch this
Neutral,shoutout everybody whose rtx x gpus just lost half their value mention titan woof
Negative,dead ass
Positive,love signs neons
Negative,riot cowards just make everyone who jungler egg
Negative,yes retard
Positive,best stream ive had months big appreciation sports people who even came flying hit follow also big appreciation even ghostrecon
Neutral,total sanic franchise playthrough begins tomorrow rn sekiro poorly translated random twitchtv letofski oh also dying hair blue randomass borderlands hair dye found sponsor hair pez bro du coward tco imnifx
Neutral,ubuntu freezes according susopend hibernate resume sec askubuntucom questions
Neutral,im hero never never will
Irrelevant,overwatch hot bed fucking morons who dont understand game works
Positive,funny did laugh thank blue fortnite right
Irrelevant,xboxpope has best designs right opinion d social interaction media dont except imitations
Positive,surprise still love
Negative,dota do care player base whats use k half games contain toxic rage quitters dump trucks
Neutral,first try mnk ranked playapex close winning tco dfydddct
Negative,will callofduty realize that their new game every year doesnt work games arent finished theyre released theyre finished new one ready come its really sad
Neutral,favorite smart home devices that arent produced amazon google cnet favorite smart home devices that arent produced amazon google cnet cnetcom news favorite
Irrelevant,free fire rd anniversary thank joining us lots rewards new modes waiting free fire website ffsharegarenacom region ind la invitation number
Neutral,live event simply awesome absolutely loved these rescue missions ghostrecon
Negative,its time blame blizzard bad idea
Neutral,thank listening infinityward can wear pride
Neutral,best iphone game updates ‘disney heroes’ ‘real racing ’ ‘hearthstone’ ‘marvel strike force’ unsortedcobestiphonega…
Positive,mfs getting excited theatre mode cold war black ops black ops had one none yall did shit
Irrelevant,best way forward protect galaxy samsung galaxy samsung note buff ly zkjihu
Negative,hate league legends d pictwittercom twkakwyab
Negative,nvidiageforce name god did website try taking european site tf did purchase button even exist already stock pictwittercomnezcyuqkf
Irrelevant,yup og new favorite team f nigma
Positive,perfect hiding place
Negative,rainbowgame please explain game sound cut middle well ranked map returned right after fucking incompetent developers
Negative,dota martinez dead
Positive,enjoying view
Irrelevant,spell battlefield player digss has occurred see details bfdbcom player ban
Negative,excited see msrp aud cause nvidia australian electronic tax existing pictwittercom hfztrcqamo
Negative,call duty warzone server break status update unable login security issues testing maintenance tool later ps xbox one pc updatecrazy com cod warzone pro se …
Positive,congratulations hearthstone releasing silver bordered card their competitive format
Negative,im sorry cant imagine doing shit this year lord
Positive,can play overwatch bad
Irrelevant,probably won’t play valorant much ever can’t wait watch esports part slowly happen seems appealing game spectator comparison games best luck friends apex linking game
Positive,this man wholesome
Negative,mean its ridiculous that companies can just make fake gifts called youtubecom watch v huh
Positive,one day will get platinum trophy something assassins creed games now those games im good
Negative,warcraft n youve literally twisted character upgrade point that its unplayable spent this game now after upgrade critters literally killing
Neutral,gaming gone wrong
Neutral,patients suffer their pets start trying contribute conversation world loot warcraft youtubebmmatroi
Irrelevant,league legends’ latest champion colorful pop star smartroboticscomnglea…
Negative,nvidiageforce hell nvidia wanted this launch just happen like intel did triggering email impulse buy companies brag huge numbers before those next quarterly round holding back card can save bins counter amds offer assholes
Positive,play rest season euros fifa best fifa player team steps takes rest revenue made streaming advertising good idea premierleague uefa fifacom easportsfifa
Positive,new nvidia reference designs certainly even look interesting
Negative,can seriously get mic shit year later lol wtf
Positive,cyber punks right dropping dead yet told magda that really want neons lot neons already got half enjoy view pic edit john mesarthim photo digital retouch
Neutral,just takes mater days developers recompile their x intel based apps ios thats significant guess microsoft adobe category that takes bit longer happy hear theyre already working
Neutral,somebody always getting their paperwork posted facebook mf posting what do giving fuck lmao
Negative,love dayum lol
Positive,ive reinstalled assassins creed origins now that finally beat doom eternal know everyone really loves odyssey says which one else knows really gonna put respect its name sure will excited finally jump season pass content
Neutral,surely will make overwatch stream hell twitchtv demisree apologize advance v aggro today lmfao rt entertain love
Negative,pubg mobile ban games india controversies that rocked game right before paper li p e r …
Positive,soundtrack nk years row lets goooooo
Neutral,got
Negative,blizzard ent yo whats wrong hearthstone cant connect
Neutral,red dead redemption london leaks pictwittercomnagfdkjf
Positive,omfg used play this shit
Irrelevant,lose money walk back see works bigger harder that fall
Neutral,ranked overwatch mtwitchtvwarzam
Negative,rainbowgame did unequip cosmetics fuck sorry bitch
Positive,knive
Negative,wow verizon after weeks giving benefit doubt never thought id see day compare service sprint
Neutral,heya live another storymode saturday red dead redemption twitchtvnomnomninja r
Neutral,seem healer skills always come handy
Neutral,dont know what people have doing this app told someone id buy ps now shes insulting
Irrelevant,like gorl u r fine pictwittercomdpziogtp
Neutral,classic asus great p gaming this tv can offer hz ms responds time right compatitve gaming gaming india contains included gsync nvidia graphics cards freesync including downloadcompcapnmnsf
Neutral,themrphone mi g network stylish gorgeous check amazon amznto dfstk
Neutral,microsofthelpt treyarchpc atviassist have problems game cod bo which started steam crash after minutes game see screenshot event viewer tried run compatibility mode win did fix intel k nvidia ti pictwittercom bxuwytkv
Positive,havent played fifa almost weeks god its looking good its gonna bestfriend best weeks
Negative,shit servers k nbak ronniek
Negative,im screaming
Neutral,johnson johnson limited discontinue commercial use talc its baby powder products after years legal battles concerns that product would have caused cancer company announces nbcnewstodtezls
Irrelevant,dirtygaming gta rp jj tour hat eine villa twitchtvpwerflyyy
Neutral,pubg mobile can easily comeback india this way hindi sena hindisenacompubgm…
Irrelevant,bro ur fucking toyota corolla this compared cs lambo
Negative,moment leave
Irrelevant,im conflicted word myself these days think phrase world warcraft genocide pretty funny even saying genocide video likely result much lower viewership due ad limitations dont want unnecessarily censor myself
Neutral,just earned rare well done achievement
Negative,microsoft onedrive thread hate
Positive,wow really went realism
Positive,good move giving away miles antonio morales ultimate mystery edition that wouldve otherwise otherwise lowblow what else wanna know dlcs included
Negative,call bullshit what this grand theft auto video game grand theft auto
Negative,shotguns dont belong call duty
Neutral,big surge game play
Positive,lmao that would funny
Positive,nice skin would feel happy win
Irrelevant,started replay witcher iii ps still fucking love game after away awhile im doing new run due cyberpunk coming months
Negative,broken experience trying verizonfios verizonsupport pictwittercom dxrgqoenb
Negative,god dawg say screw football game within minute
Negative,w one time actually have time finish cases rhandlerr actually decided update office 🤦 ‍ 🤦 ‍ 🤦 ‍ its minutes counting pictwittercomwuhhfc
Irrelevant,prospects pretty nice monkeys im sure eating bananas swinging trees celebrate
Irrelevant,teamspirit ascending match match now beat another tier two team teamvitality after interesting maps hope will andvance still do phenomenal job
Negative,take things two far
Negative,mon blizzardent wtf this future testing please
Neutral,ghostrecon uk hey can get hatchets macetes pretty please could do animation itd pretty cool use its cool game great anyways lol
Negative,can get better this unk
Negative,apex gets shitty warzone fact that theyve adding solos time imagine theyre working audio next gg playapex respawn
Negative,doctor simone gold fired hospital after taking part white coat summi youtube tyntvhygxii via youtube fucking facebook blocking youtube sharing twitter fucking amazing
Neutral,guy friend literally just sent facebook friend request school facebook afterwards his bio read “ racist hitler what cool ” reported blocked him
Irrelevant,please gods love stop spreading virus without following guidelines
Irrelevant,sidharth khan shukla posts selfie connection sana will accept fifa aunty grandfather manoranjan whose uncle importantly dependable credible sources
Negative,disgusting culture
Neutral,first game day eventhough damage embarrassing
Negative,nothing really worth getting ps launch tbh really average till demon’s souls
Negative,today linda cooked sandwich went home depot letting air wash warm feeling love him stopped his watch gah sobs now what
Positive,bye good mood rn going buy people fifa retweet comment view paypal
Negative,cant stand
Negative,wait wait valorant getting server system league heds excuse fuck who thought that combined intrusive anticheat software galaxy good idea cheating big g problem csgo lets just fuck everyone else
Irrelevant,dawggggg bernado silva beat defender half n hacked cool
Positive,extenuating circumstances this game can have without borderlands must
Irrelevant,poll results like styshape safe j k love heroes
Negative,nbak toxic
Irrelevant,sure that tyceno part killed
Irrelevant,youtube qjnbgpim brooooo dead mrtlexify
Positive,playstation playstationla ps generations ps ps will migrate xbox series x already acquired sad disappointed ps have seen physical todays presentation october untouchable console its joke goodbye ps
Positive,remember mfs tried funny google editing school page make seem like closing shit make that shit funny
Neutral,im really sorry son buts little thing adam miller diagnosed tuberculosis dead redemption
Neutral,dendi death boss destroys master tier pudge iii dota youtu com irzrtaze youtube
Negative,dear yeaaah im surprised half ive heard cdpr had had hoped delay dev quality life industry absolute known cause delay truly needs financially viable especially humanitarian reasons
Negative,grounded almost looked pretty cool despite borderlands tier unfunny writing became yet survival crafting game really can’t wait this shitty mod die
Positive,fortnite revenue continues fall pubg coming dailyesportsgg fortnitereven tco cxjlkwaygh
Positive,far good
Irrelevant,’ m tired excuses older people comes social matters “ either don ’ t know themselves better ” well internet obviously exists go google read since old rich folks far bent “ preserving rich history ”
Neutral,l il lesson nd makes work one gets stays good without work
Neutral,just earned this stormheim treasure
Positive,love see
Negative,rhandlerr call duty black ops cold war open beta link email sent early this morning doesnt work pictwittercomgevfxctx
Irrelevant,release battlefield player gariblak has occurred see details facebookcomplayerban…
Negative,never waste money fifa points anyways
Positive,take this stuff look fukin dope tbh that flav
Negative,rockstargames legit cant open set fucking camp im red dead redeeming need let gta die fix rdr pisses games yer havnt done shit
Negative,im sick tired fortnite doing collabs based mom getting point its unoriginal
Irrelevant,made lil ana montage really fun game completed earlier it’s something lil different love everyone see youtubekradevzdva gif
Negative,what miracle
Irrelevant,gg und fucking well played
Neutral,wednesday twenty p m saturday friday march st yesterday got groceries did laundry watched seinfeld read work mixed today work went good already watched movie backtrace uncle caleb video chat now ive playing hearthstone might watch mstk
Neutral,microsoft surface headphones review sound perfect exciting work home life theverge com …
Positive,black ops teasers cold war treyarch proved this year best cod developers nerd history cold war really mesmerized sure that campaign will one best
Irrelevant,clown love
Irrelevant,always have win
Positive,exciting apex legends coming ranked matches youtubebhkryazx
Positive,sarahanner just got news jesperkyd fabar kvitrafn selvik will working increased valhalla happy pump its true yayay
Positive,see
Irrelevant,dear ugandan moms soon moms product has discontinued western countries dont hard headed say stupid things like nga grew that look u turned alright abandon this mf like yesterday problem ugandan businessmen
Neutral,hellcase rock one best
Neutral,cd projekt gives cyberpunk guy who shouted youre stunning keanu reeves newsychroniclescom p utm sou
Negative,holy shit fuck
Neutral,storeplaystationcom
Neutral,red dead redemption phase
Positive,can continue this
Positive,csgo always looked really fun cannot aim after that lol fps taking whole just personal thing looks fun
Positive,happy back doing what love
Positive,jealous these stupid blender skills
Positive,wake read curiosity changes priest thank respecting community
Negative,bravo better company i’m sure
Negative,ksupport nbak kidding whole le team quits get forfeit win can penalize team quitting getting win losing just quit game wont count
Positive,gotta love gta vm de tiktok com jyjkmsb
Irrelevant,really love just look today what do feel
Negative,getting these included rather easy ngl
Positive,michaelis showing beautiful new battlefield maps
Negative,v rhandlerr class number blocked funny play years help quit net pictwittercomrsluzevu
Positive,brandon jo roy among nd favorite player club late s nbak lit playing w portland trail sun blazers
Irrelevant,round iconic champions worlds bracket deletedand g aced greatest team throughout history us e taken away greatest team previously had
Negative,please explain this possible can let companies overcharge this it’s scam amazon shame pictwittercommqbbupthx
Neutral,wow day l iambrycetv puts top socials real world modern warcraft amazon twitch tv iambrycetv
Positive,hey facebook this showed feed recently hos finally putting fact checking people speaking suggestion please make fact check article visible dont think dont notice pichcom stjkijck
Neutral,shit would watch this movie
Positive,way new game legends nexus blitz fun omg
Positive,okay this woman epic
Irrelevant,unkboredpandacomartworkstealaaroncarterpromoteclothingbrandjonasjodickeutmsourcefacebookutmmediumsocialutmcampaignbpfacebookunk dream joshua find joy
Positive,bwonsamdi considered probably best part this southern expansion
Neutral,yes thanks entering grand summoners watch video see won amazon gift card retweet every day another chance win play now free yu yu yu yusho unit fenco uhpkxerf
Positive,miss already
Irrelevant,oh god this stupidest comparison ive ever heard
Negative,rainbowgame purchased r credits minutes ago money purchase have gone credits havent appeared account ive never seen take this long im bit concerned
Negative,implication that seraphin has witnessed superm thus superm officially part league legends traditions cant do that would make something absurd fucking jopping carefully constructed lorry billiondollar game
Irrelevant,this nigga verizon done talked buying bunch shit lol 🤦 ‍
Positive,jumping stream early today playing borderlands dlcs vibing new playlists made come vibe also dropping quality p see makes difference well stream runs dumb internet lmao twitchtvheyitscece
Positive,fortnite science minecraft good yoy laugh eater
Neutral,demo minecraft earth microsoft inspire buztwgem
Irrelevant,another satisfied dm customer hana
Negative,verizon has bad monday pictwittercom ctstkqzt
Positive,really would miss playing battlefield stars theres like totally aussie servers anymore
Neutral,huge radio play reinvention corporate evolution history microsoft microsoft bloomberg dot com opinion articl …
Irrelevant,cant wait someone come across player labeled jamefles
Irrelevant,dumb lucky fortnite gameplay youtubepswjtnkbqbe youtube
Neutral,dusty jordan
Neutral,world warcraft make gold hour greatest wow story youtubequjlloircu via youtube
Positive,somebody teach play call duty lol sure just looks fun unk
Irrelevant,dark souls frustrating st maybe nd playthrough mp games never quit hurting u
Negative,new favourite bloodhound skin season entry fucking haaard playapex respawn
Positive,lmfaoooooo still love excited greek nerd friends their ps getting hype
Neutral,latest rmvp microsoft daily paperli rmvp apac thanks ellie ann
Neutral,vehicle comet sports car grand theft auto
Negative,scble ea keep getting messages saying dictionary isnt working actually did what said restarted app
Irrelevant,ive never wanted espresso much life
Negative,new fortnightly season dog crap
Negative,nbak ronniek ya coming fix this bs pictwittercomjjjkoe
Positive,unki think csgo ruined meunk people had much fun playing cs today jumped valorant just caused fall
Positive,have never played xbox before cant wait see
Negative,fuck everyone who has got win haven’t even got good aaa pc put one nvidiageforce nvidia
Negative,did hate league legends
Irrelevant,stop damage controlling know damn well would worth bashing xbox tweet after tweet made event that happened ’ s mostly dedicated totally making xbox one million console
Neutral,this quite messed little duel
Neutral,fox biz news facebook sued us federal court alleged anticompetitive conduct pictwittercommavxjcnc
Negative,rakan full fired shit
Irrelevant,fabulous hand portraits rysykartist’s site grade students alike
Negative,playapex do report game issues respawn fix appropriate channel solving issues do have ask actual pro acknowledge certain problems stay fixed many layouts still broken console thanks advance
Irrelevant,game sold two decimal points efficient
Negative,lmao this country really fvcked jfc just saw johnson johnson nbc commercial know folks toxic talc causing cancer talking excitedly theyd re always working round clock talking line things folks roll sleeves
Irrelevant,slightly annoyed certain prominent talking certain cosmetic items locked behind real money paywall just shrugged said its world live prominent youtubers actually spoke this sort thing would
Positive,this foot skeleton home depot made want frontgarden house much smart fridge paying another rent check could ever imagine
Positive,help win this fantastic cs go raffle idle empire wnnr kynhv
Negative,rainbowgame ubisoftuplay bought r credits got none please email
Neutral,xbox series x ’ s cross gen approach robbing players next logical gen thrill techtelegraph x co m uk via xbox series xs …
Negative,k k worst game ever scored missed layups missed open jumpers loosing ball somebody ’ s big toe spare get extra sweat graphics nbak
Neutral,liked youtube endless lackeys quest warlock glinda dave erkh galakrondand s great awakening hearthstone www youtu uk mrfhljsksi
Negative,fortnite unplayable min inbelhtmmhlrtr
Irrelevant,bew accounts what probably thousands uc inside look those damn expensive skins
Neutral,jump beat that ass always
Positive,lovely fox unk
Neutral,users across country reporting outages related internet service via google fiber tribal rxofb
Negative,enjoyed playing game online gta confusing looking me🤦 ‍
Neutral,fun annoying thing meatballmissus pc just learned always different versions borderlands game year edition steam always compatible via online play
Positive,finna go watch us this bum
Irrelevant,doesnt work microsoft nbc look this bill gates moron probably has idea what shes saying who shes really supporting should forgiven wrong obviously wants microchipped have vaccinations sick forever
Negative,hey rhandlerr wtaf can’t get opponent ten minutes arena i’m certainly going sit hour waiting what’s matchmaking system pictwittercompklukflsi
Negative,bruh rhandlerr this hh game’s stuck this screen minutes smh pictwittercomryslnyflfj
Neutral,wow this insane “under code this act pell grants recipients will given bikeshare stipend providing travel local verizon store purchase high quality device filming type brutality that occurred within mile radius their home”
Neutral,gameflip re someone abusing discount code gameflip market dota thread forumgameflipcomtresomeonea…
Neutral,silver boiz killed this
Positive,cant wait this come
Neutral,beginning ive polishing two things iball nba k league iball visions great creativity hope do part help brand grow picfacebookcom iltqzrcsa
Neutral,amazon music has really newest coolest tile trackers sale dlvr their rrxjz
Irrelevant,ps skeleton bad deal
Irrelevant,possible may have heard fortnite funny wtf moments submit this think forms per gle w tpovgapunim www …
Negative,rainbowgame asked what’s going chalet reason fps dropping wants wine cellar eh idk what’s happening thats really hard play ranked fps
Irrelevant,youtu will v qjnbgpim html brooooo im j dead s mrtlexify
Positive,fifa soundtrack really elite
Positive,huge thank everybody really everyone who came today sorry had make run pc screen att however blew mind even run shall continue tomorrow might fact make way hell give ps showcase super awesome also
Neutral,hammer point rounds really get
Negative,eamaddennfl fix game guy get ragequits freezes screen forces just quickly close app gives win
Positive,nibrasmanna tried microsoft todo really like
Neutral,ok comes version octane bloodhound without masks im tired real coloring today
Positive,login owl game l first time months see that sombrasbutt loves overwatch star wars much do
Irrelevant,omg never said people could go beyond disgusting levels call pigs will insult pigs
Positive,slightly excited
Negative,going solo without music will still entertaining playing overwatch pictwittercom swzxsxjsu
Neutral,xbox series x first look fast smooth build thenewsnowlivexboxseriesx…
Neutral,finished second dota nine others
Positive,crushed
Irrelevant,congratulations uc csgo taking nku runback last night win their bracket amazing play members team
Positive,know doesnt look like much borderlands favorite game thank smilingocean picit xdyptnald
Neutral,get interactive dropshipping video ad that really sells facebook instagram click below lylylfi rt please
Irrelevant,hell already halloween month
Irrelevant,well dead apocalyptic shit
Positive,cyberpunk preorder damn want much
Irrelevant,giving homeless people free gta sharkcards bless making
Neutral,hi everyone heres this official skin colour concept captain syndra demon spirit blossom hope anything youll enjoy id ll never try upload bad drawings less shitty post
Negative,dont make way bottom
Positive,go watch dope
Neutral,played this interesting lottery amazon try luck earn card win exciting rewards amazoningamesharegm…
Neutral,massive lawsuit johnson johnson will have able go ahead after magistrate judge ruled that certain testimony also heard company faces accusations that its baby powder talc products contaminated cancer causing ovarian cancer newsskycomstorythousand…
Positive,nbak myteam thank k pictwittercom gjcfwoaiu
Negative,amazon find this bad taste terrible exploitation human death
Irrelevant,mm yes well id fuck her right check
Positive,whoever created “undo” file microsoft word complete genius
Negative,this outrageous amazon suing govt billion wtf
Positive,call duty warzone has definitely top list fps gamers since its release now best time game play advantage cooler master upfestivals
Positive,lmao this underrated
Negative,researchers disclosed flaws amazon alexa products could allow attackers access account data install code echo devices
Irrelevant,its ⃣ days before psl elisa viihde pubg fall challenge starts going see amazing individual performances this upcoming season
Neutral,alrosa great guys nothing can do fighting wisdom
Neutral,ea dice announced today that battlefield v will probably still getting announced may update after that date will new chapter just june update although essentially battlefield v multiplayer support game itself basically cancelled after that
Neutral,omg wendys new jack commercial yall chain done did sprint his verizon smh love yall
Negative,rainbowgame will second battle pass loading fully fixed constantly may have restart game load
Negative,getting ready shut
Negative,ubisoft support rainbowgame pls ban picwikipediaorg jvpsmmhqcom
Neutral,ever since started leagueoflegends ive had addiction making group accounts ive just made another attempt pls help
Negative,workers major read companys full story testimonials bitly dwfpi
Negative,ive had enough practicing this sexist bullshit
Positive,probably best time say goodbye play cs go homies
Negative,cards days still city jerseys rhandlerr pictwittercomantgrndab
Neutral,ubisoft rainbowgame thats what ive always said
Negative,quik au destruction communism starting home depot slow burning k words
Positive,finished final fantasy remake dope excited start playing
Neutral,lmaoooo this video made scream
Neutral,bae went paintballing call duty shit pictwittercomuhxbbuut
Irrelevant,nex xbox gonna have assassins creed run fps🤣🤣🤣🤣🤣🤣🤣🤣🤣🤣🤣🤣better using this cant real
Neutral,red dead redemption new storeplaystationcom
Negative,stop playing league legends maybe youll find fucking girlfriend fucking nerd
Positive,love playing call duty fans anyway anyone wants play pm
Positive,those who love using amazon can now get favorite bristol twenty coffee owly lupzynks nedkmpakjc
Neutral,nvidia mx has cores goes low w redditcomrhardwarecom…
Negative,apex getting shit warzone due unto this single fact that permanently added solos lol find that work audio next gg playapex g
Negative,google amazon biggest imitators brands used phishing attacks june quarter report said
Neutral,this thread killed especially appreciated part command have character sit fire can also cause character strangle nearest person twittercomvivschwarzsta…
Neutral,ghostrecon glad changed game way should have released spotted typo uplay though pictwittercom qwdwvbegz
Positive,next one borderlands handsome collection youre welcome
Positive,im looking forward playing csgo im best certainly enjoyed
Negative,literally every company ever think just need start supporting every dirty company theres good side k
Positive,fda approves johnson johnson janssen spravato horse tranquilizer depression johnsonandtoxincom jnj special k
Positive,does indeed landscapes structures incredibly beautiful this game
Irrelevant,y ’ people please check amazing international person getting amazing opportunities that deserves
Negative,yall should stop spoiling rubbish bc its going stink one way
Positive,finished wtf do now picfreedomcom jafnvazj
Positive,good stuff verizon blocking ads facebook inaction terrorist speech theguardiancomtechnology…
Negative,ive written lot negative comments state hearthstone lately thats ive loved much long really hope next expansion can least steer ship feel its moving right direction
Irrelevant,think brother arms andredespite need one these limited edition rtx ti able play cyberpunk rtx turned its glory comes insanely stoked this release cant wait
Neutral,beautiful song powerful lyrics that fans should hear unk love via veridia amazon music serviceamazoncomalbumsbipby…
Negative,homedepot need help online order cant get phone email help website ive calling weeks waiting minutes before hanging local store has also tried calling can help
Positive,streaming amazing programming rainbowgame ranked twitch net tv youtube selh
Neutral,wasnt fault just kept coming
Neutral,limited edition geforce rtx ti cyberpunk cards fetch crazy prices ebay hothardwarecom news geforcer nvidia nvidiageforce
Neutral,throwing people lockers like jared sullinger
Negative,ghostrecon wildlands seems also having issue ubisoft news service error message called uyuni
Negative,narendramodi please sir please please ban pubg mobile game please sir please ban that game please
Negative,aw shit call duty wtf do
Neutral,zai audio beast redditfbce
Negative,really excited new fifa i’m literally showing ropes already
Irrelevant,its really interesting indierpg character portraits nx game like age decadence dozens graceful portraits one costs least probably twice much thats big price pay small teams
Positive,far best ending assassins creed games soon has anne blake began scream edward kenway looks see his dead friends smiling him without raising one glass him gonna lie made us tear little jacks creed iv black wolf
Neutral,darth filius achievement increased their gamerscore score that game total
Neutral,thanks following snapstar twitter check f facebook page see who im
Positive,cyberpunk lore craft boys what like this gang cdpr evolved their regular ritual magic counterparts maman brigitte interesting singer
Negative,have good feelings
Negative,what next generation gonna playing fucking fifa
Negative,microsoft xbox xboxsupport need talk someone cuz got this problem which requires conversation w porn reason doesnt host live chat what need please
Neutral,ooooo la ggs ane wraith mirage im sorry could save rip never forget
Negative,eadice battlefield v multiplayer has numerous balancing issues its just even intuitive play anymore
Negative,these really awful
Negative,microsoft do pay word functions like fucking poorly samsungus chromebook
Neutral,hmmm top lane gets mad voli water cause did quite bit damage his jungle lol
Positive,sniping honestly brutal part video alpha weekend antics will add get time piece
Neutral,two just twelve best hearthstone podcasters check this second one haven ’ t really heard already
Neutral,i’m tryna play competitive mode csgo got voted session didn’t jump what heck
Neutral,new nvidia x update has just leaked could crush amd big navi supremaacom newnvidiaxx
Neutral,maddenunk continues
Negative,issue even just racism it’s direct abuse power n finding good reason use force cause damage someone it’s like it’s actually fun many these cunts holding weapons have actually seen real battle call duty don’t count either
Irrelevant,oh play gta fortnite call duty thats cute play video games that can physically harm picfacebookcom arsfuyad
Neutral,wish playvalorant would sell already could stop sucking csgo just suck new game ya know
Positive,want give tommy nelson homedepotstore
Neutral,unk johnson stop producing talcumbased baby food uniteds canada sayscomjohnsonandjo
Neutral,okay unk sniping oddly satisfying movement still tad disappointment visibility shit ttk terribly obvious game looks stunning finally fixed footsteps decent graphics
Neutral,best nvidia graphics cards finding best gpu googlenewspost de com b bes … googlenewspost com year bes …
Neutral,what world this epic loving assassinscreed odyssey wait repairs content drop
Positive,selling yesterday its average price ever amazon powerful amp motor rated psi max gpm amazoncomsunjoespx
Positive,ive playing bit much red dead redemption rhandlerr able provide this awesome piece pictwittercomtjwhr
Negative,ghostrecon uk paid shit know
Positive,easy gta liberty city stories vice city stories theyre rockstargames its victory matter what
Positive,im excited this
Negative,do games always have involve ugliest fucking fucking anime characters sometimes add playboy trait games fall that stop making look mirage apexlegends sett leagueoflegends fuck its annoying
Irrelevant,everybody fuck sweaty playapex today like fucking relax new season fucking exactly end fucking world unk
Positive,use prepaid verizon mobile phone just told give free data boost gb next month thanks verizon this useful getspectrum internet keeps going losing signal
Positive,thank lord
Irrelevant,ban battlefield player dearonvx has occurred see details bfdbcom player ban
Neutral,this latest hiding spot totally abused apex legends canyon canyonread information gestyycomwqml
Irrelevant,youtube pubg mobile best tiktok videos tour moments electro s youtubecomwatchvverpx…
Neutral,bro og xbox one xbox series x controllers did thing those playstation controllers yall would shut fuck somebodys lying im guessing yall referring elite controller
Positive,chaos murder galore its time twitchtv bencompetence
Irrelevant,pubgmobile pubg id got banned fake spam reports unban id please
Irrelevant,hey coltonhuie just friendly reminder that youre worst fifa player ive ever met get wrecked kid
Neutral,this lifeeeee aliciakeys cant wait share stage verizon payitforward live
Positive,nk myteam thanks k picfm gjcfwoaiu
Negative,fuck fifa stupid ass game
Positive,think its pretty badass
Positive,hello evil assassins brotherhood best one coming ted talk
Negative,atviassist can callofduty infinityward wheres good mordern warfare remastered pack af legit purchased still haven s ’ ′ t even received feels good just scammed
Positive,love fortnite pictwittercomseqciitmsl
Positive,oh this looks amazing
Negative,see people trotting around overwatch im like do remember bad old overwatch dont remember days goats dps tank healer days rolled team tricks alone people forgot bad old overwatch comp qp really
Positive,brandon roy nd favorite player mid s lit w charlotte trail blazers
Neutral,ok hear deeper microsoft supposed had pull miracle their ass really prove whether everyone should choose xbox series phone ps typos suck
Neutral,apex legends kill clip
Positive,tweet tweet one bundle please thank
Irrelevant,great list disappointed oneunk mentioned undead nightmare red dead redemption points idizzy his costume book pick however
Irrelevant,marquettestangs week one emustang league legends results unk won their first match yes thanks team members many student leader students mentor group clerkie league legends
Negative,rhandlerr please explain just login get elo snatched pictwittercomzkxqqjo
Negative,torchcudais available incorrect after reinstalling drivers cuda askubuntucom questions
Neutral,gm fam hope ok great today jus wanted take second thank followers support ya guys truly awesome
Neutral,wtf did just watch this ground war besides that looks super cool
Positive,nbak myteam good job xp challenges people please dont stop
Neutral,cd rhandlerr glad youre changing game make should have release spotted typo uplay though pictwittercomqwdwvbegz
Positive,atleast have borderlands cheer
Irrelevant,herney friend also fantastic artist
Irrelevant,wow just got banned one us cbs battlefield servers having vpn ok back bfbc
Positive,started playing overwatch swift just covee started combination this game this console made friendliest gaming experience really zen compared lobbies ive witnessed
Irrelevant,this feels like good excuse remind that wharton has kindly put together handful questions book groups discussing finer things davidwhartoncomforbookgroup…
Irrelevant,this has fun watch check finals andboxofficial two games left line today k total prize pool twitchtvandbox
Positive,awww yes baby
Negative,ronniek … can get what k vc please like payed this money this game it’s finally got issues without nba k haven’t got what paid yet week sucks cuz refuse pay y’all money haven’t gotten what paid first
Irrelevant,florida family says philadelphia police officer went beyond call duty after their loved one struck delivery truck died roadway facebookcomexci…
Positive,time play
Irrelevant,three nuts
Neutral,microsoft latest last rmvp microsoft daily paper li rmvp apac pc … online thanks ellieann
Negative,call duty dead has years anyway what we’ve playing evil twin brother posing cod
Negative,right shit
Negative,ksupport nbak kidding unless whole le team quits get forfeit win shall kick team quitting getting win losing just suck this game wont count
Negative,swear last matchups have libram paladin can’t get anywhere this nonsense
Neutral,ibutwhyokayso cyberpunk delayed
Negative,lose life playing legends league crap ping thats point
Positive,im excited meet yall gates valhalla
Negative,fuck say
Positive,nice classy
Negative,sneaky edge microsoft decided sneakily pin its edge web map taskbar launched pop button app would come do that stop trying make use browser ms
Negative,handsome guys always baddest fifa guys
Irrelevant,jackfrags always liked content jack
Negative,oh scoob this what u meant that oh naw this dog shit
Irrelevant,just pop content creators csgo dark reaches popular site
Neutral,apex legends
Neutral,reality that constantly evolving change googles search algorithm will difficult task keep seo whatiswhatiscom easyseowins tco yioetubx
Negative,rhandlerr update game this bs still happens sitting minutes i’m win streak never buying this trash game pictwittercominkgzyuyn
Neutral,wcuofpa hi barrett johnson has amazing opportunities position major optometry internship check job information biginternshipscomjohnsonjohnso
Neutral,this amazon already altering
Irrelevant,thank everyone who forwarded sylver lining friends family facebook groups coworkers neighbors their decks fences bespoke renovations highly appreciated
Negative,this looks chilling
Negative,launch time this what people want see fucking papers website featuring bullshit game easter eggs
Irrelevant,thing though that ms doesnt give damn which one folks buy versions include games that forward backwards compatible know folks who care details will figure customers those dont know just look price play game want
Negative,hey therock since easports nfl seem give damn eamaddennfl fans that paid their hard earned money another crappy game this year what do think approaching k sports xfl video game
Neutral,johnson johnson covid vaccine trials temporarily paused due ‘unexplained illness’ msncomenushealthm…
Neutral,facebook campaign bans antifa political violence inciting militia organizations police qanon link theepochtimes com mkt app facebo … com download computer app read far material free ept ms downloadapp
Positive,im really looking forward game
Positive,start one minion stir shadowflame have good time
Negative,looking pc file specs yeah this will run fortnite times fps bitch dont care play fortnite
Positive,yall im playing red dead redeemment boyfriend its sooooo cute
Positive,fan classic games like warcraft early league legends that drew heavy inspiration og dota mod seeing champ like this recognizable motif welcome surprise can’t wait see her abilities
Negative,wanna know eamaddennfl dead just wondering who top rushing yards ever tournament game has this madden smh
Positive,faster lives lives preserved just cool see verizon using their technology help doctors deliver vital healthcare underserved people
Positive,another perfect card game get this k dont belong
Positive,its weird everyones known long still getting indiscretions cant wait see think its going shockingly cheap
Neutral,its going show another jampacked day
Irrelevant,nice people situation facebook l cisconet bitlytsaku instagram bitlyvodk website bitlybgof facebook youtube
Positive,started playing csgo crap sweat
Negative,nvidia going react have their name plastered chips that slow underpowered
Positive,hope ubisoft artists proud really should proud its urban environment theyre absolutely sick theyve done terrific job wildness
Neutral,d n steam price g change g high g hr high g
Irrelevant,chinese first took tribal land modi banned apps ironically these used bjp their uk lok sabha presidential campaign now chinese occupy their land apps banned modi exactly like his old itcell cowardly either take stand real life
Neutral,this will go fine ps
Positive,congratulations client diego scotti cmo rhandlerr named rhandlerr brand genius pictwittercomkilcpassn
Positive,almost done yes yesunk can accomplish goalunk unk k kills goal gun that much fun
Positive,watching khori perfect mystic river tampa prescott dak johnson marcus lego harry potter years mille lacs leonard kawhi ivan rakitic chilton dan haser jeff carter julio garcia algemarin l borderlands ill always love loveokstore bestonlinesh
Irrelevant,ur best bud win better can get fps
Positive,guys thanks luis fortnightly profile
Irrelevant,love naiiyak ako imagine this new torture has gone going wonho deserves city much dont us apologize love
Irrelevant,usps fans love poster that adds fascism challenges that cant stop usps newsyahoocomuspsfanslovi…
Neutral,event dedicated victory day great patriotic war held part celebration th anniversary victory great patriotic war which attended veterans great patriotic war home front workers home front workers home front workers home front workers home front workers home front workers home front workers home front workers home front workers home front workers home front workers home front workers home front workers home front workers home front workers home front workers home front workers home front workers home front workers home front workers home front workers home front workers home front workers home front workers home front workers home front workers home front workers home front workers home front workers home front workers home front workers home front workers home front workers home front workers home front workers home front workers home
Negative,playapex going fix constant blue screen crashes ps two matches row caustic trap goes game locks nothing like points drain
Positive,had incredible borderlands stream twitchtv mediocre bst thank
Positive,thanks matching funds home depot rw payment
Irrelevant,check this awesome new app trax its faster memory card far yourunk this can enter win free freebucks giveaway downloading today itunesapplecomusapptraxtr wnnrlwkfdr
Neutral,china value foxconn johnson reed buy samsung factories patent virus truepunditcomchinaclosesf
Positive,xbox one x
Positive,dota after months lets faking goo
Negative,im going spend money
Negative,speaking gta gta randomly freezes rendering something causing freeze
Irrelevant,xbox series s ps digital edition perfect combo
Positive,hands wanna see who excited valhalla
Neutral,unable play pubg student kills himself gang bengal bollywood times new india inttbzprnw
Negative,its apple nitegame epicgames
Irrelevant,thearena always posts great content
Negative,this sad
Irrelevant,ban has imposed slothynips player battlefield see details bfdbcom player ban
Negative,look love borderlands death what want know which moron gearbox designed maliwan circle slaughter heavies badass troopers single wave kidding
Positive,thanks playapex ill killing new robot get back work
Positive,stop buying this
Negative,this could scariest headline ive ever read
Irrelevant,apt movie art youve just seen one unk this artists stuff amazing lol its started draenei hentai really hyped cyberpunk comics lol
Positive,god love world warcraft just can love characters also want just kill time
Negative,ghostrecon still can play cursor menu missing would like play new mode new content unable due this error have reinstalled game twice deleted character console still changes please help
Negative,lose life playing league legends shitty ping thats choice
Neutral,watch video
Irrelevant,love keep chat open second after kill this team definitely happy oops
Negative,new nvidia drops usbc vr virtuallink good quest pictwittercomquzxeyjhvw
Neutral,darth filius unlocked official achievement app borderlands increased their gamerscore that game total
Positive,another epic finals night wins non wins await us ’ ′ s hoping wins live playapex now alongside these champs forrestgaming funnymatters unk twitch tv html themichelle u ’ m cleaning carries could maybe finish new challenges
Irrelevant,russians airport empleeys voice
Negative,playoverwatch get separated every game middle lot games that someone separates beginning problem
Positive,seriously whoever decided create rain shine game mode battlefield earth fucking idiots get rid fun story modes favour rainy snowy day seriously tell
Positive,this amazing
Positive,cd games crew had league legends clash yesterday this texting apps looked like love these assholes xd pictwittercomntcfslten
Neutral,didnt have massive data heres one detailed review
Positive,finally finished number one papers small one tho anyways guess time resume read celebrate borderlands
Neutral,wow now can watch this amazing wey dey vibe before drops across platforms stores starting this friday march th stores include spotify apple music itunes tiktok resso google play youtube amazon pandora deezer tidal napster iheartradio pictwittercom gttbpqij
Positive,watching assassins creed valhalla preview phew what good
Irrelevant,ea banning dxvk battlefield v forumslutrisnetteabanningd…
Negative,ross insane vid testbeglxgjgsae
Positive,hollywood gonna beat brakes that man many power overs do bucs have
Neutral,just got daily quests completed achievement
Negative,faders constant problem people who cant stand battle should win lose shouldnt play hurts changing playing game riot force plans try improve detection griefers can “ mitigate harm ” affected future league legends legends players dotesports com league lege …
Irrelevant,icymi blastdota website finds sponsor kitkat look forward great collaboration blast games bring truly meaningful truly fun content stories interesting surprises dota bounty hunt buff com ly cirrl
Neutral,design cool colour scheme uneven
Negative,johnson johnson pay billion carcinogenic talc powder bilyonaryocom ph joh jnjnews afp tco yxvebnnm
Neutral,ill using david aldridge k finished bored prompt dumb commentary rest year
Negative,eamaddennfl this game ass
Neutral,suppose cisagov facebook trying say facebookcomcisa
Positive,blade shao khan jun just coming next year print digital though ’ m happy that actually ’ m assassin ’ s creed fan
Negative,bro physically cannot play these fucking goalkeepers fifa united
Positive,best trailers made this decade cs go baahubali dark knight never rises
Neutral,congratulations nominees including chairman amy hall their nomination award excellence
Neutral,this game stinks christ
Positive,real answer that cannot get cut microsofts subscriptions
Negative,dead ass bro
Negative,fact that crush plays that shit enough reason stop liking him
Positive,finally downloaded callunk duty mobile now i’m hooked
Neutral,check video
Irrelevant,xbox studios series s leak reveals price dlvr rgpdy
Negative,rainbowgame gunna repair game what pictwittercom wyhccxgqvq
Positive,who mommy do want get ps
Negative,playapex thats twice today its kicked two good games what fuck that shit apex please wonder people complain dont fix anything game
Positive,just watched
Negative,full offense loved borderlands now fuck stop giving little greasy magician money
Positive,new warzone best highlights epic funny moments
Negative,fuck these hoes already
Irrelevant,cosplay much intimidating sweeter character
Negative,this game doesnt make sense
Neutral,did lucky thing don ’ t just let flop
Irrelevant,wow good morning guys ive woken im percent feeling good now im sorry havent active looking forward seeing streams today exciting stuff coming amesandgames fifa series incoming
Negative,netflix new google killing products just people love
Negative,johnson johnson ted lilly company that knowingly gave women cervical vagical cancers fake baby powder don’t fucking trust
Positive,im excited
Positive,lit play created distance had strength keep sight look another way did well
Neutral,this obviously disrespectful coaches could see field locker room
Irrelevant,this american dope
Negative,pubgsupport hiya whenll u producing everyone fn game asking lot have annoyed lack fixes keep wondering lagouts part game like red zones im just aware this just wouldnt fix year problem thx
Irrelevant,congratulations borderlands research institute recent grant amount pcqc bri dedicated study montezuma quail transpecos region order better understand its population density
Negative,good target battle
Neutral,stocks indicating biggest change premarket verizon american express gap mattel cadillac cnbc cnbccomsto…
Neutral,just earned heroic valiona achievement
Irrelevant,apple big gay removing fortnite like fr just lost lot customers smh pictwittercomldqhubzne
Neutral,good start eamaddennfl needs hear
Positive,saw one run today ridgewood can’t stop thinking
Negative,huh wondering werent tying ribbons
Irrelevant,loved clip what call “gameplay”
Negative,see yall hasnt hesitated take money this month smh verizon
Positive,don t ’ ′ t come kobe edition ain ’ t buying
Positive,need weird ciphers swift macos just found pythonkit looks great even recommended google githubcom pvieto python co vsdldao
Negative,wait wtf plum depot would never find this happen uk that’s literally complete skeleton garden thing
Neutral,don’t have verizon mom walk outside it’s happening somewhere frontunk dumb ass can u just
Neutral,johnson johnson covid vaccine trial suspended due unexplained disease participants
Irrelevant,overwatch shitposting one greatest things
Neutral,finally done trying google slide hhehehehehee letn s sleep
Irrelevant,damn oil venezuela getting worse worse
Negative,iphone has cores that
Irrelevant,this nigma going gonna burn thr
Negative,bruh xbox series x game cases almost sounds like og xbox game cases wallet finna have problem
Irrelevant,ali best twoyearold boy hes super sexy his accent makes cream hes sexy his wife lucky
Irrelevant,this
Irrelevant,this incredible achievement congrats kinda sucks that little comments themselves negative hell these swamp ass fortnite boys guys who think actually deserve
Positive,new cod actually really fun
Positive,wow
Neutral,walle director andrew stanton film inspired amazon apple hollywood reporter dlvritrqcvf
Negative,please update google maps has given incorrect location
Irrelevant,father basically cant see inches front him has bought movies didnt know calling verizon argue listening indian woman say words bill ted face music broken english one funniest things life
Neutral,vouching this duo def love watching these kids grow csgo valorant scenes
Neutral,… interesting month took month
Irrelevant,colt guys ready wonderful sweet sounds shhhhhh
Neutral,new ebay iftttbbjl hardline playstation ps good conditions show
Negative,owl team going downhill
Negative,microsoft teams scary ion like 🥺
Neutral,see making hoes mad csgo since pictwittercomiaqhtfos
Negative,playhearthstone brawl keeps crashing app ipad iphone start bob pub lost first time
Neutral,just absolutely clear according kentucky law could steal knife face punishment would killed
Irrelevant,ayo fucking ruthless huh
Positive,hugely important news
Negative,miles gets his game know hours late this ps shit lost shit re work colleagues decided watch rest home rachet clank have always sick this shit looks even crazier
Negative,rhandlerr ummm what heck going guys gonna fix servers what pictwittercomzpcnzhyyz
Negative,easportsfifa fifa looks copied pasted yet worse previous titles somehow
Neutral,things that help insomnia melatonin ocean rain calming sounds reading book someone reading book listening lullabies love early beatles lullabies doing exercise tire fat body just warm bath johnson johnson baby nightime have lavender lotion bubble bath
Irrelevant,dota can u unban acc pls got ban st n k conducut f u
Neutral,people becoming brave behind keyboard reallife facebook wall created kenosha protesters disturbing posts amsncom enus bba
Negative,hate screen splitting resolutionhighresolution monitor makes everything smooth microsoft teams meeting participants vote this item consider sharing custom area screen microsoftteamsuservoicecomforums…
Irrelevant,liked youtube gta online w fans youtubecomwatchvqwxl…
Negative,best laugh ever
Irrelevant,oh god this dumbest comparison ive ever heard
Positive,wonder everyone elses nomad had good wtf face found terminator factory
Negative,rockstarsupport continue experience problems connecting gta online th its internet
Negative,eamaddennfl game shit
Neutral,users spread across across us nation reporting outages related internet service purchases monitoring google fiber trib al rxofb
Irrelevant,go msc
Neutral,youtube facebook instagram china now china saying that india vialotated wto rules chinadaily narendramodi
Neutral,swedish top team esportbetcom csgoswedisht has added maikil golden kunda selim its cs go squad after esportbetcom csgoswedisht
Positive,day ten playing league brothers wife left kids have disappeared ben can use flash master caitlyn life good
Neutral,won fortnight doing nothing well that sucks
Irrelevant,can mingyu also play pubg huhuhu like mean want him have polaroids what unk ’ s really cute
Negative,madden isnt bad game 🤷 ‍ 🤷 ‍ actually its pretty good put care time their current gen game unlike stupid idiots beluba ronniek nbak
Neutral,g laptops imo much exciting g phones now testing lenovo flex g verizons uwb brooklyn downlink impressive uplink much review soon pictwittercomwounxppibx
Positive,excellent thread
Positive,finally thank nbakmyteam
Neutral,johnson johnson has temporarily suspended its trials covid vaccine sick participant pause vaccine trials involving patients makes possible check whether disease related drug j j said disease expected part clinical trial cnewscom news covidbase
Positive,twitchtv imjustsaiyan lets get this hump tonight its overwednesday everyones favorite tank fuel going wild overwatch pm est
Negative,course big aaa gaming companies longer care their cash throwing away full set microtransactions clothes top
Neutral,latest day sharepoint daily paper e li e e http … thanks dansantanna softwariumnet tomwalattt
Irrelevant,ban battlefield player scoutcopter has occurred before details bfdbcom player ban
Irrelevant,want see this v keun hhcullen s beke nemen sbofficial
Positive,its great that big companies cant do everything today would have yellow pages yahoo
Neutral,its going another jampacked day
Irrelevant,just routine call duty duty already already top inside leader board dominating game this point blonde actually fairly good opponents games
Irrelevant,fredoindakut has best mixed boy call duty
Neutral,probably gonna red dead redemption tonight 🤠 pop hang
Negative,“what side projects” “open source worker surveillance software tried get amazonwalmart contract never got past procurement have idea much lobbying goes space let explain first whole bid process has these ridiculous requiremen
Neutral,pubg india banned chinese apps
Negative,uk rhandlerr rhandlerr everyone lobby lagged one player game ended team winning one player left got win everyone else got loss abandon sanction pictwittercomfbyghdve
Positive,much looking forward getting new info
Negative,this tweet didn’t age wellhomedepot didn’t install correctly just woke ceiling verge collapse nothing like old water sitting walls ceiling monthold yearold home
Positive,nice nbak nice pictwittercomkopoojaa
Positive,funny did laugh thank mister blue fortnite man
Neutral,modern warfare borderlands great game deals ps xbox one switch unsortedcomodernwarfare…
Positive,finally saw kattegat immediately knew shit got real
Positive,top best roleplaying games bitly cyvup
Neutral,making hoes mad csgo since pictwittercomiaqhtfos
Negative,ea servers apex legends fifa players reporting dexertocom tinyurlcomtbxca
Negative,rainbowgame great game got 🤣 joke fix pictwittercomnxdbiye
Neutral,limited deluxe edition geforce cd rtx ti force cyberpunk cards who commanding crazy prices roll ebay hothardware com current news geforce r html … nvidia nvidiageforce
Negative,do play video games ps doesn’t stimulate power
Positive,thanks verizon free g mobile hotspot this month
Positive,got gta iv target it’s fun
Positive,amazon still shipping its good time send gifts people stuck house young children drum kits dictators violins etc will perfect can part their homework plus cant come slap face least weeks
Irrelevant,discovered interesting streamer video dota shown nimo tv check nimo via tv live …
Positive,join
Negative,playhearthstone brawl keeps crashing app their mouse iphone it’s bad start bobs tavern lost first time does anybody else see that problem
Neutral,microsoft surface headphones review perfect workfromhome life lnkdinermdv
Positive,this fucking great
Negative,cowboys eagles done saints done chiefs superbowl champs nevermind gameplay ea cant even get this crap right eamaddennfl
Negative,smh this acceptable way easportsmut like dont care howunk ago this racism this something who goes c
Neutral,suki page admiring trina finds who im cheating doesnt have facts
Negative,callofduty going realize that their new game every year thing isnt working games arent finished release time get finished new one ready come its sad really
Negative,hearthstone announcement videos literally go hard
Irrelevant,pokepark presents horizon zero dawn ps minecraft pc sonic x sonic black knight wii chose these initial package see what think makes sonic game lmao
Negative,little late btw mobile carriers still falsely claim provide “ unlimited ” bandwidth — much cause unfair enforcement this fcc
Positive,nvidia acquires arm what want see biglittle graphics cards desktop apps handled low power arm gpu board rtx gpu programs this way idle gpu uses low power generates virtually heat fans
Positive,just bought ourselves house great new town lowes min away however late st late nd shopping experiences showed will worth driving across town homedepot rude employee hair paint pretty unfriendly unhelpful associates overall surely cities can always least have nice workers
Positive,amazing view just wish azeroth full scale invsion guess ran outta time though rhandlerr pictwittercomlkuldppo
Negative,list disappointing games evolve overwatch fallout battlefield mass effect andromeda division aliens colonial marines mighty assassin creed black flag halo
Negative,what does everyone think playoverwatch open que comp ive rolling sigma know its hell anything dont have supp players
Neutral,lie miss game damn hope that lot shit experienced alpha beta fixed startup
Negative,omg hate facebook people literally fucking ignorant it’s insane
Positive,love still see
Negative,this shit boutta makes build pc
Negative,have heck tmobile metro pcs verizon etc america
Positive,borderlands ps amazing grace legendary revolvers owitrnnxz
Irrelevant,im sorry best csgo player planet idk
Negative,unk haventbanned prominent app china whose name pubg pubg app china selling crores rupees people india what this app closed do want give this million rs china earning chip
Neutral,new stuff lifehackerthursdays weekend deals blue light rx glasses pubg funko pops world famous cyberpunk tv deluxe craftsman cordless set ring pops sunday morning cbd forttxetxw bring
Positive,proud this man part us
Irrelevant,doing great service nation this critical time appreciate efforts that offduty fortunate have humanitarian police team us dcpsouthbcp cpblr blrcitypolice bsbommai plvisit this facility that provides ppl
Irrelevant,epic hallucinations
Irrelevant,respectfully would have sniffed commend having selfcontrol do
Irrelevant,had couple wins last week well see can do tchtv doordxy
Neutral,johnson johnson companies used ‘super poppy’ make narcotics america’s abused opioid pills waposttasmaniapoppy…
Negative,news pubg mobile ban stay despite severing ties tencent report indianorgin pub
Neutral,evil dead part – xbox one bitlywccxm
Irrelevant,just ordered cds poster store glad came across sound fresh new vibrio cant wait people enjoy music have fun climbing top music
Negative,fuuuuuck unk
Negative,security business
Irrelevant,amazing see chess viewers world warcraft rhandlerr level rogue exciting times community massive thanks chess sites making this possible rhandlerr nearly viewers moment fantastic pictwittercomxpahrcpkps
Neutral,shoutout everybody whose rtx x gpus just gave half their value mention tiny titan woof
Positive,ps got fortnite alr rip xbox
Neutral,come playoverwatch blizzard anz twitchtv siliconart
Irrelevant,accounts link poor
Negative,enough classic dlc bullshit just show us good splinter cell star game unk unk
Negative,nbak what fuck what yall thinkin created this shot blank meter
Negative,verizon verizonsupportyour phone service decline experiencing bait switch promo right now promised iphone phones plus month additional fees would reimbursed just paying full price make right
Positive,ever since blizzard added option turn screen shake playhearthstone game has run lot smoother pc mobile thanks adding this option blizz
Neutral,just another pretty manic monday
Irrelevant,oh sweet apples emberstreaming that would look amazing rigg sayin plan make h stream launch can wait
Neutral,skxve locked first party bus gta now kitchen roof song cop sirens came actually pulled his old minigun said ‘ these clops said will fuck ’ smth like that
Negative,new us indictment qatar fifa bribe scandal – st george news ukgooglehitscomnewusindictm…
Negative,silly
Irrelevant,just looked back content made feeling incredibly nostalgic check this fortnitegame
Positive,woah
Neutral,gave after friend wanted duel allowed this rohinadam dude happy youtubecom watch v wceeni
Neutral,played myself this extremely interesting quiz show amazon « try luck chance win those exciting rewards amazon game share gqp …
Positive,good flow tonight jimmy back arena after couple disappointing defeats druids ladder wins demon hunter thanks lot pandahulk cooping bonus stream tomorrow afternoon ckecholm working hope join us youre free
Neutral,oga dota pit season europecis looks like going grab horse time best teams europe competing throughout afkgamingcomarticlesdota
Irrelevant,yay zayn
Negative,now pay their expensive verizon plan just which networksunk backed way should have full bars can barely play imessage
Negative,yes im completely trolling
Neutral,uninstalling minecraft rtx beta will permanently destroy worlds
Positive,huge shout tfg football taking time show people easy install mods eamaddennfl pc youtubecom watch v xv
Positive,dont just love online game ranked apex legends two random drops within minute seconds game called trash lol
Positive,this hurts heart know it’s best
Positive,this game happy hearunk different gameplay what bo
Negative,much disappointment this article wrote back june going stay relevant extra month
Negative,please playapex day player this game basically impossible almost play now
Positive,grand theft auto eu good price gacom r quicksellgta
Negative,ghostrecon really finally fixing battle rewards also please tell ’ re just keeping gear score rank default xp level rank love seeing that above that can show maybe increase level cap those us who looking ability max
Positive,news verizon ericsson sony first region achieve
Irrelevant,love nintendo switch portable case gamersboss com nintendo switc …
Positive,fortnitegame thank bringing star wars lightsabers back play close professional player that regular players like love
Negative,play giants legends now still bad tho
Negative,nbak does lid athlete jumpshot look like errs dames k jumper puts damn ball behind his head like hes dirk irl ball doesnt even get dames forehead releases bumass company doesnt care this shit really pisses pictwittercom kdfnvu
Negative,saying older games arent flawed terrible older updates bl terramorphous lazy lazy raid boss compared stuff borderlands
Negative,playapex now i’m queuing without full team this rankedevery update this feature free bugs
Negative,toxic materials
Positive,cool might use shit like this
Positive,legitimately waiting upcoming creed game case setting during colonialrevolutionary philippines
Neutral,suffer have lilian voss playing card illustration
Neutral,care depot’s fat profit wsjcomarticleshome
Positive,had fun fifa since launch watching streamers rip packs building packing blues feeling like i’ve bled dry can see you’ve limited this hours eafifadirect danger enjoying myself
Negative,sure can rob train kill countless men red dead redemption name horse i’m forced “side bitch” apparently going far
Negative,just now making this thing
Negative,trevors driving skills crazy
Neutral,² ninth best song verizon wireless plans april techfans info co uk best veriz …
Irrelevant,turbo tuesday
Positive,thx ubisoft grbreakpoint ghostrecon this best polished game picfm vmqcsbnbo
Negative,fuck facebook ya stinkin ass memories
Irrelevant,honestly that mentality really disgusting anyway has almost destroyed soooo many friendships already ’ m sooo glad still do have homies unk use code zagrim tater
Negative,clip that shit
Negative,carryminatis channel hacked gained back less two day monatization cuz have youtubeindia n its days since khujleefamily asking google help nthin yet unk
Neutral,wtf that
Neutral,suikoden alex kidd miracle world persona soul calibur ii 🤬 arena legends nier automata
Positive,collabnews just released paperli f e thanks mipnews pcouril deep
Positive,great news elite partner exxactcorp enterprises scale
Negative,eamaddennfl fix game who servers do much bugs its unplayable
Positive,know really enjoyed new assassins creed games dont feel like ac anymore these open world rpg games should have turned their franchise
Positive,just properly carved pumpkins first time doesnt look best had enoughunk
Neutral,dog makes sure puppies safe hiding hole grounda post man wanted give dog her nine puppies resulted community intervention save dogs pawmygoshco nananinepuppp
Irrelevant,happy bday wedding fav csgo pro player jamesbbower just have yourself good one love ya homie
Positive,surprising feature regarding assassins creed odyssey contains environmental storytelling text real egyptian funerary writing
Neutral,b hero echo overwatch daily moments release funny press random review youtubelzqtmnhqom youtube netflix dvd nobody eating
Neutral,grandfather wall clock makes excellent addition living room decor vmarketingsiteinfopendulumdecor…
Neutral,cyberpunk outrage truth blows cd projekt red hot devs dispute riot call crunch story misinformation media buff ly nwzp
Positive,aren’t beautiful home depot garden could care less pictwittercomdmbcqgsu
Negative,never en life have ever fealt this fed n game that wasnt overwatch
Negative,dont play video games ps doesnt stimulate
Positive,who
Negative,rainbowgame pls add house coustom game cuz play good back v quick matched compared new make big now compared old one
Negative,fedexhelp can check status awb ficci india updating status shipment problem microsoft shipment
Neutral,finally started watching expansion amazon prime far its great season two moment mandalorian still good annoying disney who release new episodes every week tick seasons good entertainment love
Neutral,psn alekseylawjoy red dead redemption pictwittercom huplcsa
Positive,three biggest things that have made just cry last year have always little women red dead redemption annie carole billie tuesday can someone help make sweet musical lady cowboy anime can never go drown bad tears
Neutral,check this item just purchased reins another bonewhite primal model
Neutral,finally earned depths visions achievement
Negative,d cs minutes thrash iron vibes
Neutral,war war never changes normandy soo many us thinking this would right go that great adventure let tell his adventure battlefield take us those fucking pt boats cod god war thats disgusting battle field
Neutral,verizon
Neutral,easy competition chance win bf v simply fill google doc form get chance win
Neutral,whatsapp use fouad version what app able take backup google drive u can please support
Positive,build pulisics move feels like fifa move good goal
Positive,way lie this sounds like great idea lmaoo
Negative,talc carcinogen harmful literally causes cancer dont buy products containing talc
Neutral,nbakmyteam moments
Negative,see cool headline home depot says theyre taking time take closer look workers dont get what need
Neutral,punk tools destruction youtube qonhrnn
Negative,this point dota community still exists sheer stubbornness complaints due pandemic want make that clear valve has abandoned this game let community create its content years
Positive,yes its fun
Neutral,microsoft developer year africa award winners
Negative,that ya know poppy bug killing game right now right disable that now
Neutral,beautifullypaced engaging one kind release grab copy murder rose now
Negative,spends ringgit just pubg dear god stupid
Positive,lmao playstations servers will crash one minute releasing ps
Neutral,havent bought madden years im buying this one fam congratulations hard work pays
Irrelevant,i’m going google this imjustbait funniest meme page
Positive,ayy just love this damn wingman
Neutral,nothing worse dying battle resuscitated die suddenly
Negative,draymond gets type every time use d warriors online y’all got explaining do nbak ronniek
Negative,just find strange that would use wrong image wrong name shake milton
Positive,students have free access lots great microsoft apps can use drawing home several helpful videos can assist doing just that bitlybfalrm
Neutral,fucking hate disney goddamn much have disney subscription bc verification wanted watch owl house its fucking available disney show fucking disney im angry
Positive,fourth july treat pre ordered black cyberpunk edition now can turned mercenary anarchist get wrecked punks
Negative,just dont know fortnitegame doesnt have seem ever care less asia servers exact maybe care every single known server region yet asia ppl south east asia having bad ping like fighting japanese ping problem epic just hard fucks this new new
Positive,oh hell which amazing
Irrelevant,lose money walk back see works bigger better fall
Positive,nurses whounk enjoyed caring hiv tb patients years say “johnson johnson can honor nursing best making bedaquiline accessible across all” jnjnews drop price lifesaving hiv infection bedaquiline €day bitlyyfpvy
Positive,min warrior feels good man
Irrelevant,white people ask
Irrelevant,mirta just posted new video call duty black ops cold war demonized its setting youtubejxlejlyco
Positive,im rubbish im having fun
Neutral,johnson johnson stop selling talcbased baby powder us canada reuters twosheeepcomarchives…
Irrelevant,miss blacksmokebilly
Neutral,just purchased call marky mark unauthorized biography mark davis amazoncomdontcallmark… viaamazon
Positive,black ops coming soon ’ « ve having major cold war korean era revolutionary vibes love every second doing
Neutral,home depot cashier scanning plethora xs this coronavirus bullshit
Irrelevant,its enough just angry damn funny
Neutral,please give us lobalore crumbs
Positive,its fascinating playing winterveil jenny expecting her greetings people email back quickly complete turn ever before
Irrelevant,temporary ban battlefield version player wtfwolgyftw which has subsequently occurred see details bfdb com per player ban …
Irrelevant,amazon bottom just chilling ruling trade
Positive,shoutout fucking microsoft taking two fucking days refund
Neutral,seems like feels good treated well playstation
Positive,borderlands good far borderlands always fav
Negative,know pubg aint chinese wish would soon ban this app garbage
Negative,verizon this g cant wait g pictwittercomiafxzox
Positive,playapex whats point game bullets never register this reg has driving crazy lately real awesome season tho
Negative,eamaddennfl fix these damn servers
Irrelevant,coincidence that gun crimes occur gta after surge n african immigrants 🤔
Positive,psycho krieg fantastic fustercluck wonderful conclusion borderlands dlc line which focuses fan favorite character offers longlasting players conclusion big issues character war memorable set pieces which players interact
Positive,cant wait fifa game arrive
Negative,what shame
Positive,j thx
Irrelevant,seems that since pss moved small group whole class google meet technology has become userfriendly
Irrelevant,youtube pubg moe best tiktok video funny moments electro ice zard youtubecom watch v verpx
Positive,its amateur hour im still crashing red dead redeeming ii mixercom capssean
Positive,seems like lot higher influencers have telling us lately that game pass good should thankful that microsoft offering much think can say that end market will speak itself pictwittercom teyyvi
Neutral,this thing celebrate lunar new year
Irrelevant,jack assery its finest
Positive,least afx can now connected v thanks joint effort fujitsu nvidia who knows what future holds
Irrelevant,cloud favorite organization really need spend dota has getting their shit pushed rn
Negative,maybe ill just repeat someone gets their head their ass
Positive,fifa fun fun video commands tchtv matu tv
Neutral,just earned even horrific vision orgrimmar achievement
Neutral,punk open world adventure story set night city metropolis obsessed power glamour body modification
Irrelevant,ninth great awakening fear us
Irrelevant,got this facebook group huhu link op please dont this person pictwittercomckgoaaco
Positive,peace can finally restored
Irrelevant,yesss talk shit right miss shrek
Neutral,facts magazine
Irrelevant,ban battlefield player luvky has occurred see details bfdbcom player ban
Positive,i’m proud excited this goes completely opposite line her visions welcome aboard friends
Positive,shock ops battlefield its best twitchtvpaganky
Negative,damn
Negative,don’t understand fortnite pro cant do normal things game casual players complain that isn’t enough new stuff randomness that makes sense
Neutral,uninstalled overwatch lmao unconsciously
Neutral,environmental commitments microsoft blogsmicrosoftcomontheissues…
Negative,great advice cant believe that anyone still uses facebook zuckerberg bad putin
Negative,rainbowgame friends competing th place us got individual game players team that possible
Negative,this current job please do romanticize working home depot jobs mine what cost
Neutral,day return ensure velfs get warning deserve
Negative,playapexunk servers what hell
Negative,baby j j
Negative,eamaddennfl you’re trash
Negative,amazon deadass doesn’t knock deliver packages
Negative,crazy brand sold canada us since can disappear shelves overnight consistent rumours bad press blamed this decision says johnson johnson lnkdingnhmqr
Negative,wth amazon album still hasnt moved this what get supporting evil megacorp
Positive,this hour full live singing performances that perhaps weve forever waiting join us planetafropunk com interview whoisumi promise youll somehow leave performance feeling peace thanks bose x verizon
Negative,league legends play rogue company even better
Positive,did deserve battlefield much fun visit
Irrelevant,this best thing ive s heard life countless times ive gotten videos after shooting fire fire this unprecedented absolute w
Positive,can’t wait see lots these games
Irrelevant,cheat death italiansprbeast this last night guys yall saved life lol
Positive,going this right now great grief nightcitylifede
Positive,games cant wait
Positive,this time busy employment mean working border land switch heres balding maya ive played love picfacebookcom hvzpuezfrc
Negative,hey vzwsupport – response
Positive,new look awesome best season far imo
Negative,lowe ’ s ’ re doing amazing sweetie unk home depot who ’ s called that
Neutral,oh see that can play oof thats bad timing playstation remember correctly thats one even developers dispute after yknow everything
Neutral,season premiere
Irrelevant,kids who crazy
Irrelevant,lot people facebook share this hru post years ago steve eliott who says that everyone thinks cheat do good just didnt catch cheating two years pictwittercom fgkdbialpc
Irrelevant,follow him
Positive,odd hunter damage hero power love this deck youtubewigbhrgyh
Negative,ive had enough this sexist bullshit
Negative,leagueoflegends error transfer mordaiser dark star skin code cannot redeemed code given gift belong las server please allow redeem skin
Neutral,fuck bought euro specials hacas coffeeshop will mind reading those dumbass men hunt battle field xboxlive will get their bejbers this picfacebookcom tfywgxpc
Negative,ghostrecon ubisoft ubisoft uk ubisoft support need help top drone best achievements dont work have drone upgrade another one maxi picwikipediacom gpbndwoj picwikipediacom apurq
Negative,im going fuck
Neutral,welp even rhandlerr rejected rhandlerr trade 🤣🤣🤣 pictwittercomacckfcpzs
Negative,personal favorite mmo player fo new vegas favorite multiplayer battlefield happy
Irrelevant,second day do find worse slightly whiney album casuals excuseworm didn’t even know either lyrics band enough google damn thing convinced fivehit wonder lost cause youtubevdstjmxyk
Negative,rainbowgame fix their fucking game servers fucking
Negative,now now dont mistake reply open invitation spam dms q simpson tagged auction said dont forget that dmed series ads instead q its hard stay good side want shit theres amazon
Irrelevant,sure will live stream back bit ps acting really weird sorry
Negative,nbak nahhh those gunknives annoying
Irrelevant,boss abeg commot nigeria joorthis shirt doesnt fit allabeg leave nigeria problems get back ta uk
Positive,now maybe ’ m hooked entirely red dead redemption
Negative,disrespect daniel jones ridiculous have rookies backup qbs that guy who threw td picks games just stupid eamaddennfl
Negative,stop banning moira cowards
Neutral,nigga said note that silver car
Irrelevant,need gephical potatoes mean holy crap these specifications look great
Negative,ps launch still look trash gt though
Negative,pay attention executive administrators stores taking delivery orders pallets bricks downtown used helping destruction private property
Negative,crash dummy bugs
Neutral,red dead redemption process
Positive,cant wait gta come uk looks realistic pictwittercom wxqxhjqjj
Negative,google adsense probably effective digital long term business analysis model youtube see com watch v ako …
Irrelevant,waiting see what ng group doing since guys created congrats van snefer cleaning gang looks great
Negative,fact that chris godwin isn around ’ t even highest rated wr penn state football absolute love travesty
Neutral,dont give kraber pls
Negative,red dead redeeming shit posts things jakeslatte say characters say thread
Irrelevant,yay zayn unk
Neutral,eamaddennfl something care
Neutral,just looking this deviantart can say this plotunk incredible there’s much
Neutral,now corrupt president slapping americans guys face that really did commit absolutely unlawful act right after his acquittal discover average google vanityfair com news t …
Negative,microsoft amazon ibm bans police using facial recognition software will sell software could saudi arabia china police states washingtonpostcom technology
Positive,cant wait assassins creed valhalla
Negative,does anyone who uses verizon fios internet suddenly experienced strange dip speeds last days
Negative,call duty warzone server status update login maintenance issues ps xbox one pc updatecrazycom codwarzonese
Positive,second phase rmo has started today im lose mind imma restart playing borderlands sementara menanti kedatangan isketambola
Irrelevant,coop legendary multiplayer viewers twitchtv garenblackwing
Neutral,popular youtube rattlegore unkilla oh wait oh god oh scholomance academy hearthstone youtubecom watch v uwnlj
Irrelevant,pissed nba k community today lol these dumbass fan boys enjoy shelling this money this broken game that’s stealing money
Neutral,setup whats next new desk another screen ps xbox series x cable tidy 🧹 wakefield instagramcompcaqrrtqpwbh…
Neutral,ily cheating east stacked gungirl skoeii rtrackernetworkprofilepciiy… ubisoftsupport rainbowgame
Negative,eamaddennfl literally gonna break like something got sec left gone ot still coach suggestion run current billion yrd hour line what damn planet that coach suggested suggestion uranus cause something that stupid would come outta someones butt fact thats what people think shows udk
Negative,rainbowgame internet disconnected unranked game had restart game after restarting game trying reconnect would cause server start having problems know this friends game wondering servers
Irrelevant,miss borderlands tumblr much many those accounts used love have deactivated that will never return fandom
Neutral,facebook slaps warning label rnc video leftwing anarchists unveils new policy foxnewscompoliticsfaceb…
Positive,fan classic games like warcraft seeing early tales legends has drew heavy fans og troll mod seeing champ like this recognizable motif nasty surprise can’t wait see abilities
Irrelevant,super misleading headline course always people jump conclusions result
Neutral,after million award talc lawsuit johnson johnson seeks new punitive damages trial iftttwbwdl
Negative,lose sixteen hours life playing league legends ear ping thats point
Neutral,aero va oled award winning design stunning k oled panel color front edge kitchen oven core nvidia core this work home create anywhere laptop bufflykdorq
Neutral,just earned tour duty zuldazar flag
Negative,told plot johnson johnson get good rap 🤣
Neutral,dow pulled points left almost midday p g merck exxon chevron home depot pace retreat cards mktw v net xaflg
Negative,fuck
Negative,battlefield v fans who never failed history simply mad that modern game has women play © theverge com … yours via verge okay know this nice two year old tweet buts thats really dumb wanda gertz polish looking soldier this scene obviously has nothing do poland its british
Positive,this bad bro
Irrelevant,throw backkkkkkk page literally hate trash now now just wait lol
Positive,store
Irrelevant,this lie ive had taste tastes like pictwittercomkjqgszzlkm
Neutral,lost csgo games woke fall stupid shampoo bottle now heart bpm cant sleep its party hesss house cncnx
Positive,unk using google typing talk chrome book cool useful
Irrelevant,this first good time im even watching csgo tournament love watching
Negative,this stupid nacho playing like fifa players
Neutral,dvg natural zambia emerald carats tcw oval gem dvg amazoncom dp blnww via amazon
Negative,hiring laziest mfs home depot
Irrelevant,can’t stop thinking wonderfully lit that travis scott concert fortnite really outdone yourself this one this can amaze us even servers 🤗
Irrelevant,pro tip don ’ u t asshole
Negative,hey rhandlerr rhandlerr rhandlerr rhandlerr rhandlerr rhandlerr can get people look friend ours account got pals life people that might have gotten mass reported bg banned classicthere tons bots gets banned pictwittercomsiymcnrs
Irrelevant,everything this book just sounds good
Positive,well just got alert microsoft suspicious activity account three attempts access yesterday one china two vietnam successful attempt today ghana microsoft blocked suspicious password changed now whoa
Positive,joepool nvidiageforce after seeing this cool card considering building new pc really looking forward cyberpunk especially can make pc play marketing had worked super tech scifi genres whole
Negative,samsungmobileus opened google streetview expensive samsung tablet next thing phone screen stopped working properly till late now can this yall please explain
Neutral,man this gta shit lol
Positive,bought death stranding hideo kojima en waiting punk picwikipediaorg ebqnzl
Positive,new cyberpunk film idea just insane every single amazing genre that couldve asked trailer cant wait lose another life
Negative,stop data twitter facebook etc without paid get news daily doing just simple task social media information whats app us id ±
Negative,eamaddennfl fix these poor servers
Negative,jnjnews advertises supports tucker carlson tucker fox host that told us coming get know who support racist johnson johnson cant say black lives matter do that shame
Positive,bioshock borderlands coming desert bitch count fuck
Irrelevant,check amazing game pubg mobile do think can do better
Neutral,news report nvidia current approached arm acquisition tomshardware com news report e nv html …
Irrelevant,perfect
Positive,holy lmao love this thread
Negative,rhandlerr rhandlerr rhandlerr rhandlerr rhandlerr rhandlerr its damn shame cant even play video game pictwittercomldwelqnw
Negative,good hope yet
Neutral,im baaaaaaaack kill apex legends gameplay youtube phtygvobc via youtube
Neutral,streaming red dead redemption come watch twitchtvbrunettebruise…
Positive,fuck
Neutral,enabled enter awesome
Negative,yes please fuck make pl competitive
Neutral,schedule next last days taking that sunday first monday will happy hearthstone stream tuesday june wow mount farming wednesday will ow anniversary event really loving watching streams lately just hanging people us everyone
Positive,wasnt feeling assassins creed origins first really loving now
Irrelevant,can ’ t just say like this shit guy
Negative,verizon garbage
Negative,thought google told its people work home know google never even asked apply roles guess thought this fella good culture
Neutral,like
Negative,fuck xbox psi’m getting souljastation
Positive,huge thank everyone who came today sorry had finish launch overheated pc bpmgame blew mind even launch will continue tomorrow may even do best can help give ps showcase also super good
Neutral,want awesome hosting
Negative,worst fifa time nuff said still play everyday tho
Positive,just grateful support getting small family owned business thank returning customers check custom hardwood flooring refinishing installation google gpagewoodflooringlo…
Neutral,com verizon unilever just joined major brands boycotting facebook oninccomackznx mobiletwittercomincstatus…
Irrelevant,rosie crazy
Irrelevant,ну поснесский стрим сидим горим d lets go hell stream sitting burning d hetchtv lldevildriver
Positive,blade shao jun coming next year print digital i’m happy that i’m assassin’s creed fan
Neutral,t nice stuff still going strong
Negative,overwatch that has wrecked
Positive,swapping playapex now havent touched this game hot minute this should fun
Neutral,watch video
Irrelevant,bad time ban pubg start learning demanding work
Positive,want feel way felt first played playerunknowns battlegrounds fuck
Neutral,nah that hours google anything yet watch weird shit youtube watching videos dank web lmfaoo
Negative,t even get lvl fight pass life unfair
Positive,two different people tweet home depot hot dogs week happy coincidence something sinister pictwittercom cnguzrddui
Negative,rainbowgame ubisoft ubisoft support after this siege euserver fix connections just got wayyyyy worse reason that
Positive,like
Irrelevant,havent seen nba long time actually boycotted year hong kong fiasco dame lillard could just bring back
Irrelevant,jrpsc center mod apks free uc pubg free spotify accounts available jrprsc take look this amazing web site jrpscorg
Irrelevant,this important yall got msg steam that goes wassup man can ask help something csgo team do click what sends got similar message one friends now messaged unfriended couldnt warn
Irrelevant,there’s overwatch ad tl blame zay cause always talking
Negative,rainbowgame can ’ t audio ever good
Negative,played
Positive,thank god
Neutral,week after vaccine trial discovered johnson johnson says fda won’t reveal critical details iccnncomworldlivenew…
Positive,nice wallet desperate
Negative,women know you’re getting older best depot becomes favorite store
Irrelevant,fucking facebook comments pictwittercompekxqmcqz
Neutral,now that sound good especially his parting words youtubecomwatchvjpghg…
Negative,bsb have huge issue one home depot stores need either give his work number email please
Positive,theyre their late s miss terribly fear wont see sign covid contract thanks verizon
Positive,i’m gonna need pink diamond moments this nbakmyteam ‼
Negative,playhearthstone nothing better wasting entire break work stalled rez priest this archetype stupid boring
Negative,easportsfifa eafifadirect please sort fifa trial day behind release still can’t get game xbox
Negative,this brutal
Negative,magazine
Negative,really joke
Negative,one time actually have time finish cases microsoft actually decided update office 🤦 ‍ 🤦 ‍ 🤦 ‍ its minutes counting pictwittercomwuhhfc
Negative,funny this issue huge during this pandemic fact states that tmobile affected i’m verizon customer can’t even call
Neutral,im proud have created this banner scoobz scoobz although takes almost day scoobz needs run faster xd im pretty impressed work case like apex legends content help streaker
Positive,breathtaking game still beautifully captured
Neutral,microsoft tiktok could bring numerous computer problems that have plaguing facebook devices twitter years technews skmtech info website google …
Neutral,robbinreay premise that amazon fresh grocery trolleys theryanlindsay big fan advances vr tech pictwittercom cufhhbwnuw
Neutral,lockdown watermelon csgo pictwittercomfedkqccr
Neutral,just deserved quintet
Positive,love m carabiner
Negative,dear google during black lives matter protests changed avatar support movement fair that change avatar keep rting this
Neutral,great story boys first series reverse start ggwp
Positive,ceo epic games spoke
Negative,maybe johnson johnson should put his money their cancer causing powder
Neutral,cdrosten need dollars children food nobody help nobody help took full money food peoples now alone please anyone help myself google pay number
Neutral,revenge
Neutral,now that ive seen fake rumours bully happening want ever even though made chapter red dead redemption
Irrelevant,kathygriffin should read kathy aaroncarter pure asshole
Negative,new cfduty iphone god forbid
Neutral,yo itktrap these roads bumpy awww damn what have hit
Irrelevant,ai smart phones social interactions peoples minds various sides easily manipulated cause hatred hence should use wisdom situation attempt impede understanding others rights provided us army which said stem higher power
Irrelevant,thats dope puff great kid
Neutral,have leave teammate ranked playapex
Negative,need advice suggestions this pleeeeeeeeeeeeeeeeeeeeeeeeeeeeeeeeeeeeeeeeeeeeeeeeeeeeeeeeeeeeeeeeeeeeeeeeeeeeeeeeeeeeeeeeeeeeeeeeeeeeeeeeeeeeeeeeeeeeeeeeeeeeeeeeeeeeeeeeeeeeeeeeeeeeeeeeeeeeeeeeeeeeeeeeeeeeeeeeeeeeeeeeeeeeeeeeeeeeeeeeeeeeeeeeeeeeeeeeeeeeeeeeeeeeeeeeeeeeeeeeeeeeeeeeeeeeeeeeeeeeeeeee
Negative,league legends having issues pm bst officialcoukstatusleague rt whether its depends what
Positive,well this certainly development
Neutral,asus rog pgq compact curved gsync hd monitor hz full resolution ips full high care aura sync dp hdmi nvidia g sync technology features nvidia r sync processor technology ensure smooth game play eliminating screen tearing stuttering amzntotbbfq
Neutral,thanks following snapstar twitter check everything f facebook page better see what im already
Negative,really excited playing new fifa ’ m literally stuck ropes already
Positive,might just pay extra google drive anyway this getting annoying
Positive,best hope its available
Neutral,im worst shaman who ever played world warcraft promise that
Negative,criminals keeping goingmoneypowerinfluencefuck everyone together
Negative,bunch losers smh
Irrelevant,todays sponsor league legends
Positive,know that saying theres always good silver dust lining well now im starting see that way lot bad big things have happened happening right now now have good lot better do look getting forward thats promising giving real happy feeling cyberpunkgame coming last
Irrelevant,best gaming community
Positive,playapex still its best movie royale even didt achieve firsts goal defeating fortnite saw first day ten months one night goddamn doesnt have much movement mechanics titanfall still feels good move shoot that game
Irrelevant,help just win this awesome music competition song maxoak com fans instagram maxoakdirect facebook maxoakfans twitter wn com nr yvhkb
Negative,ok do get everything damn difficult
Neutral,back ancient greece murderers odyssey will death twitchtv zvengence
Neutral,steal purchase cyberpunk saga xbox amzntoldwhys playstation metoldwhys wont get injured ships
Neutral,full moon moon turned gaige never lunged her revolver gaige whispered sore chest inferior mordecai never felt stupid leg stretch inferior spectators got away good left borderlands movie story
Negative,just closed facebook account became slippery now its gone dont need slippery bullshit life
Positive,thank partners google hosting behind scenes event october subsequent survey one listener gushed that google panelists taught that okay different register november bts meeting click bitly bts register tco nquqdhhjn
Negative,somehow fifa becoming bigger shit show guys never fail amaze
Negative,agree brittany kaiser that microtargeting facebook present immense problem us general
Negative,rainbowgame this offline played matches still shows placement frustrated highly disappointed just doesn’t synchronise anything server please get look this super disturbed after that
Positive,nbakmyteam thank k pictwittercomgjcfwoaiu
Neutral,greatest innovations league legends history youtube ehbhmtrd
Negative,fuck this ps gotta do xbox x series
Positive,this player winner
Positive,r health care packages good
Positive,today years old found that composer warcraft movie fuckin hot pictwittercomhnmgftc
Neutral,unreal engine feature highlights nextgen realtime novel running version
Irrelevant,amount racists i’ve attracted studying astronomical
Negative,blizzard ent fact that im suspended overwatch have shaky wifi connection ridiculous run leave game suspend have bad connection get back game do suspend anyway boococky youre better that please change
Neutral,amazon uk launches their following sherlock sherlock holmes summer advent calendars amzn jhyzn amzn zynlf last year calendars have sold worth getting started early
Negative,kawhi useless player nbak clippers fucking booty cheeks
Neutral,lovely anna norway just posted official youtube video featuring this gorgeous sail just posted facebook want link google her hate instagram posting ever posting link pagesoh watchcompccgsunbavdm
Positive,have guys played hearthstone mean ’ haven m obsessed sometimes feel like maybe ’ m cheating osrs
Positive,quite lot
Irrelevant,favorite live overwatch event
Neutral,naaaaah ps controller has broken months before ps fuck youuuuuuuu
Positive,trump will never name source without “and someone “many liberals love her especially one notre dame others” “we have many good companies like moderna bain johnson others”
Neutral,full days onetrick every role watch tattlenewscomtimelineleagu
Negative,oh always hated playing tracer lm
Neutral,have just recently earned him horrific vision orgrimmar achievement
Neutral,shadow award winner cry kings last pick medaltvclips
Positive,rt take max this starts
Irrelevant,laurelamandaaa ur geek wow
Negative,crazy governor michigan now telling home depot shut unnecessary flooring tiles garden centers thegatewaypunditcom crazy
Positive,good hear
Neutral,grand theft auto vice city lose ends ps youtube tvdwipwlzxm youtube
Positive,just watched playhearthstone fall reveal super stoked new content duels brings single player dungeon run mechanics that fun pvp exciting shoutout bmkibler awesome job mc
Irrelevant,spell battlefield player yourdaddyyyy has occurred see details bfdbcom player ban
Negative,that cp has gone without purchase anything wtf callofduty
Positive,strongly believe that dota superior game riot better company
Irrelevant,laurelamandaaa ur geek wow 🤓
Negative,ready crappy game removed content still locked behind paywall
Neutral,feel though i’ve hardly gotten done pvp lately super satisfying just get overtime draw
Neutral,new dota map update includes new treasure mountain level maps dotesportscomdotanewsne
Positive,new video first beta gameplay cold war black ops game looks feels amazing flightesports youtubecom watch v vjoxvi
Neutral,unk x wins division series q final specs confirmed playstation news youtubejvmybghe wtf will sony
Positive,halo fan its really sad see microsoft lean extra heavily this game carry this console generation sonic figured would have realised now that halo doesnt matter newer ips guess people considered buying ps
Negative,playapex talking doodoo slut
Positive,frontier science really attractive
Neutral,supports aren ’ t getting enough love
Positive,order bcus love equally jurassic hotel shera pop s r undertale hamilton horizon zerodawn red dead redemption justin long american dragon last us evan hansen
Positive,aha
Positive,fact that andy gray hates this much makes love idea even
Irrelevant,best
Positive,awesome game awesome win last week tune via link below come watch awesome twitchtvoldmatetom r
Irrelevant,knew couldnt trust friends had cut mfker never returning gtasan andreas
Neutral,mean lot people keep bugging question ships lately facebook like instagram especially notps do need explanation dont ship yours
Neutral,verizon
Positive,really enjoyed facebook flashbacks lately its remember this time years ago outside
Irrelevant,matter year call nike what want im sucker nbak hype vids that showcase nba authenticity capture especially s offered k now its hyper gaming premodes that never fall prey
Positive,thanks this mementos achievement
Neutral,really can never trust person lol
Negative,pubgsupport game freezing much accounts matches game just stops goes back seconds after log s
Negative,eamaddennfl can have realism excited see players breaking rocket like
Positive,probably iconic play early era csgo still give shivers
Positive,mm csgo can really like games row cheaters taping everyone smokes jump high shooting rest team rushing like dogs barking know precisely everyone guy sholderpicking hitting every long shot fun games rly fun
Neutral,had omfg proud moment
Positive,loved
Negative,facebook exec joel kaplan using his position flood platform protrump disinformation hate speech lets stop him sumofustref…
Irrelevant,its right normal people hate overwatch becouse comunnity toxic yo one will have mic seconds long later trash omfg go get bed unistall game do that want people working voice chat xd
Neutral,really should like way these changes look zmin has great awesome concepts ready map changes
Negative,wanna slow spread shut
Negative,ive died many times cause bouncers take epic fortnitegame
Negative,ghostrecon kicked themselves game every ten meters friend annoying
Irrelevant,im crying
Neutral,big breaking tik tok chinese apps banned youtubezlnvuhoc tik tok apps banned india
Negative,rogue needs nerfed doing quests hs till fix that class extremely frustrating play playhearthstone
Positive,that sounds much better could get now
Positive,laughed hard having this
Neutral,illuminati members facebook twitter warning citizens illuminatiam illuminatimem via illuminatiam
Irrelevant,it’s now years since beta tester xbox x it’s wild watch online gaming grow that time along innovation live has provided throughout industry great memories looking forward even nextgen
Negative,verizon techs knocked their power yesterday installing fios still just seen electrician days power counting please assist
Irrelevant,sick this dude xmbgx deliberately misleading his followers taking this final quote generational exclusives seem intrinsic what gaming regard xboxp discussing xboxs cross generational support
Neutral,playing fechtv morningstargg like blazeds
Negative,unk publisher just crashed microsoft pc
Positive,won cowboy builders achievement red dead redeeming truefection pts truefectiventscom genefection femmarny
Positive,• making return appearance victor homedepot will almost unstoppable win east east agagagagagagagagga philhndrxx
Irrelevant,advice suck vmtiktokcomzmjfqkrpy
Neutral,hope can make microphone sound im speaking facetoface tiled soul
Negative,seen say dirt old series x game multiplat ok looks hotter forza motorsport tlou game made g system arguably looks better spiderman miles morales design exclusivity packaging matters people
Positive,mamagallo thanks generously donating hand sanitizer home depot pictwittercom yzszfmja
Negative,leagueoflegends these changes items hit live servers done after years game these changes exactely like what epic did fortnite sure many players agreeing tested pbe myself horrible full disaster
Positive,its game day microsoft research hundreds years old waiting entire generation waited comeback hope hit happy grandslam
Neutral,wish flowers
Neutral,safiyatutu scam mo app head app store google play download say goodbye rhino
Negative,wish borderlands had given another way apply terror myself that would have made little easier moze leave might have interested bloody harvest getting scary phone call
Negative,fire players editors behind eamaddennfl effort improving last days platform it’s roster effort absolutely pathetic
Neutral,fools just stupid nonsense brighten day unless youre night sorry
Negative,eamaddennft whts problem now ea always something
Negative,please dont fuck this
Positive,mercy smartest character overwatch prioritizes makes quick decisions has sense game love mercy much shes cute shes cat im happy that babycakes mareeeeep playing her plugging miss everything
Positive,slack integrate microsoft teams calling feature love tech plays nice tech computerworldcomarticle…
Negative,bashing fifa reason prove insecure hate objectors shehnaaz their popularity just fifa supports shehnaaz sidnaaz ohh myy ga
Irrelevant,imrankhanpti arifalvi ptaofficialpk tco gggjzfqcs
Irrelevant,microsoft apparently have firstparty xbox ladies though much doesnt add bycomnewsm
Positive,perfect
Positive,nvidia broadcast amp came now suddenly im practicing pictwittercom yhpzjhwt
Neutral,take look stunning caustic heirloom🟢
Negative,have noticed streamers watch who now playing games that battlefield v relaxed well having better state mind has battlefield v really had impact this mental health seems impressive
Negative,verizon have canceled services please enroll accounts now right now like now
Irrelevant,versions run games that backwards forwards compatible know that people who care details will find customers who will just look price play game want
Irrelevant,ban battlefield player xhalfdanx has occurred see details bfdbcom player ban
Neutral,johnson johnson stop selling baby powder us drit rwzttl
Irrelevant,good catch disgusting stunts belong racists realdonaldtrump donaldjtrumpjr ivankatrump erictrump
Negative,what eamaddennfl first pre ordered said standard practice would get play days early now after weeks version thanks lot smh
Neutral,another item azhars blue skin would look amazing player model gold jewelry can also have appropriate marks her face
Irrelevant,memetwalker memet covid fucking game soon vaccine youve got stop playing red dead redemption make pussy missed quarantine youre cool guy
Negative,what does that say microsofts hardware software security man gets hacked
Negative,eamaddennfl explain player didn’t catch made catching noise times like juggling serve mut points this this wasn’t mut game
Positive,got check new assassins creed valhalla film wait video fun itve ever felt virtual warrior assassins creed valhalla early edition bycomwatchvwlnp assassinscreed
Negative,stop playing champions league maybe youll find fucking girlfriend whom fucking fucking nerves
Irrelevant,reason dont play rivals send unpleasant messages after theyve beaten
Negative,rhandlerr emailing this guy nba k his help players got deleted pictwittercomizcvmxb
Negative,nbak yooooo y’all keep lagging finding this downright disrespectful
Negative,xbox verizon gotta this together just pure trash ends
Irrelevant,• y do ppl just this game like that really aggy ash just like fucking fortnite kids just don’t have skill game like this person just reason pictwittercomkmdzhaeied
Positive,compare this game years ago ghostrecon breakpoint which just came its shame that many games have regressed
Positive,d d campaign going well reignites interest passion felt playing black flag fins creed watching cowboy movies also players making plans discussing things dont even have say word love
Positive,fuck everything except nvidia hd rtx
Negative,treyarch call duty black ops worst fuck game ever game ruined mishaps losers fix damn game cant go single fight without someone invisible entire fuck round fuckass game fuckass society
Neutral,im excited watch eu closed qualifiers dota valvesoftware eu should have slots
Positive,this awesome congratulations entire foldingathome team putting this together
Negative,wtf this callofduty pictwittercomdoneatkaf
Positive,weve playing csgo gen congrats
Positive,havent played weeks god looks like its going best friend next weeks
Neutral,nerf gun painted look less like
Positive,collabnews just released paperlife… many thanks mipnews pcouril deepgem
Positive,google images helping coworker have had far fun
Positive,southwest air expands ohare airport
Irrelevant,enjoying playing darksiders vol ive loving soundtrack looked course itll s jesperkyd love his game work going old assassins creed games great stuff
Negative,ghostrecon ubisoft reason service crashing appears
Irrelevant,happy birthday ebi onome ebionome son african footballer feature fifa world cups have great one legend
Positive,callofduty has really outdone itself war zone
Irrelevant,someone tell that looks interesting cyberpunk deserves fair chance life
Positive,ah well seems mistake guess ill wait get ps backwards compatibility turns legendary rumored
Positive,pleased announce new features that will appear borderlands during pax panel this saturday
Irrelevant,unk media has broken link downloadbeazuyjnzsq sorry
Negative,im dave following facts suffered lung collapse twenties reason just happened people habs supporters montreal canadiens nhl team absolute fanatic dark crystal worked gta v hated experience can click finger hands
Positive,working nvidia should nice experience
Neutral,slay spire o call freedom decisions decisions
Irrelevant,best gaming pc build k pubg fps gta fps youtube dekfjls e via youtube
Irrelevant,now im convinced have slippery rib syndrome after suffering chest pain sneezing docemmurray fenco tdjcyddy
Negative,thats kinda scary move
Negative,amazon probably worst customer computer service ’ ve had properly deal lately
Positive,i’m trash ill having fun
Positive,hope unveil product tomorrow thiss fun shape like true halfmoon heart clover something
Neutral,cyberpunk slowly delayed wired dot com story s cyberpun …
Irrelevant,pls guys stop just im tired soon give time like these unk
Neutral,realised red dead redemption decade old pictwittercom snkrhxv
Negative,ea dice battlefield v multiplayer has serious balancing problems
Irrelevant,personally love sales have games got red dead redemption really good price that wouldnt have gotten wasnt epic games sale
Irrelevant,please bro lost account id cannot open gmail please give gta details new account contact eggegeerwwgmailcom bro plase t please
Negative,apex getting shit warzone due single fact that permanently added solos lol imagine work audio next gg playapex respawn
Positive,can get phone verizon cant get phone md labor have kidding picfacebookcom akemuwzq
Negative,nepenthez this easportsfifa whenever theres issue that impact fifa point sales
Negative,ubisoftsupport rainbowgame pls ban pictwittercomjvpsmmhqmb
Negative,dont want park handles beluba beluba beluba beluba beluba beluba beluba beluba beluba beluba beluba beluba beluba beluba beluba ronniek nbak
Irrelevant,rwuskunk helped become better person
Neutral,climbing ranked what rhandlerr twitchtvboiyom discord discordgggfmu
Neutral,u chicago u know who number nbak myteam need card him maybe high school legends pack one greatest ever espnnba nbak pictwittercom irxkukyu
Negative,hp lovecraft cyberpunk scary caftvdivideaconquer
Negative,pubg wtf
Neutral,cyberpunk delayed september th stadiasourcecomarticlecy…
Negative,nk nk ktv ronk ksupport can do something things like this
Negative,mean middle semester its late im tired
Positive,low key miss smell home depot
Irrelevant,world fire
Negative,nbak u gotta fucking kidding pictwittercomtahsjtczke
Neutral,fastpaced engaging one kind read grab another copy murder devil now
Irrelevant,nade gets win
Neutral,many congratulations ktrtrs jayeshranjan lets make telangana ai ready unk z nidhiyavraj s tworkshyd
Negative,ghostrecon could happen that games have released long still make whaling mistakes try play someone
Negative,medusa worst hero this patch who
Negative,eamaddennfl since morning
Negative,fail
Neutral,johnson begin distributing talcbased womens baby powder us jmpljhrcm reuters says
Negative,playapex now play without full team platinum ranking every update this game full mistakes
Positive,cannot wait this game release superunk
Negative,riotgames leagueoflegends times today character
Neutral,omg
Positive,had lovely day breaking windows profile now getting protected password microsoft authenticator ate credentials after ios thanks microsoft
Negative,thought game damn close wtf goes
Negative,ill call now this new yogg saron hearthstone going meta people going really angry sounds absolutely miserable play
Neutral,welcome free jungle
Positive,reimagining keep borderlands he’s also doing seven caves chaos this stuff formative many us way back love batman
Positive,bad night tonight first night warzone i’ve enjoyed little squad wipe this trio
Neutral,big book can do non lethal takedown criminals executed single player
Neutral,fifa coming that would buy this crappy game made greedy developers who have nothing money their eyes just curious
Positive,get excited playing call protective duty don ’ t hating
Positive,this man ever wanted this assassin creedunk based mythology norse favorite
Positive,jus per basic call duty cold war
Positive,rockstar north creator biggest video game franchise time grand theft auto scots damn cool that
Negative,what does everyone think playoverwatch open que comp ive rolling sigma its hell dont have supp players
Neutral,check which item just got reins postwhite primal raptor
Positive,aye another xbox ps preorder becomes available zip code send phone mentioned soon u please find u fuck
Positive,remember one finest stealth games had opportunity play think remastering xbox x would boss move
Positive,unkm excited finally playing trevor gta although rly do enjoy playing franklin
Positive,im hyped disappointed im just proud
Neutral,wanna try new game mode hearthstone refuse spend money game expensive collect cards
Neutral,just won mythic vexiona challenge
Positive,great idea much like
Negative,hey figured one earnest recommendation videogames dont play games evolving meta fuck overwatch fuck starcraft fuck league legends fuck dota played far least interesting parts gaming career
Neutral,family sues verizon after worker wasnt ppe dies stage theguardiancomworldaug…
Positive,favorite win could far lol
Neutral,skxve party bus gta roof song police sirens sounded pulled his minigun said those clops that fuck something like that
Neutral,buy remove negative music reviews google google get bad reviews removed mangocityit com service buy re …
Positive,this good thing
Irrelevant,sick negativity bad news lockdown take read this dads tweets before recreating cup final day fifa his son who have memories thereif god doesnt see him smile nothing will
Negative,eamaddennfl man coverage sometimes one players decides blitz leave their players uncovered please fix this
Neutral,john sage robbins apothecary lemon multi purpose sanitizer has ml learn ift tt wojt
Positive,loved this sniper section amazing mission cool im telling hey guys episode came have watched yet click link promptly mediumbeoztxaxm
Irrelevant,also ranked
Negative,mf got verizon isn’t shit coming
Positive,couldnt agree its excellent
Irrelevant,have fortune funny wtf moments submit this think formsgle tpovgapunim
Positive,great fun lasted today decided leave wow classic hunting nostalgia fun ill never have go back experience had years ago shadowlands horizon its time move forward thanks journey back past warcraft
Negative,enter k abilities make sim football games now eff that contract eamaddennfl yall have swindled us enough nfl sell give dont derve exclusivity license anymore
Positive,live now feel like have streamed vehicle problem have sorry that borderlands bit eyesofness borderlands
Negative,this that panel this just done keep doing imma pass this one
Positive,favorite assassins creed fan moment seeing great fallen land pirates youtu yrqykqeeu com via richard youtube
Neutral,google name horror aesthetics mean hot pictwittercom pasnpjke
Irrelevant,biggest problem society today that nowadays entire young generation younger people that should have never punched face
Neutral,ridicule
Negative,playapex now ’ m stuck queuing without full team platinum football ranked every update this game just full bugs
Negative,everyone who says big xbox fridge now sounds stupid hell lmao
Negative,odell has one disgusting spinoffs nfl has ever seen rethinking this particular claim
Negative,see dear rhandlerr that normal game master rank red team cheating making everyone lag pls ban pictwittercomlfhdyaopds
Negative,really spend nk just enjoy miplayer
Neutral,g cell towers become dangerous – get key facts radiationhealthriskscomgcelltowers…
Neutral,youtubecomwatchvmeywv… unk dead redemption online putting work animals today hiking panthers pets deer fishing bounties putting anybody harms way
Irrelevant,almost like critics give movie rating rating google users give who movie critics even critiquing its familiar common man
Positive,tough lmaoo
Neutral,ps red dead redemption part pscptv w chbwctfdkvo
Irrelevant,back og memes love sky base follow every day cyper everyday content
Positive,that fast mastiff run
Negative,dang arena have do stupid demon hunter things dirty
Negative,amazing decline that took
Neutral,this lifeeee aliciakeys cant wait share stage verizon payitforward live
Positive,literally had google “how break leg” bc need that badly
Positive,still favourite assassins creed games pictwittercomjapwwrul
Positive,happy saturday today im playing quest warlock hoping hit lebanon bad deck
Irrelevant,look boy best
Positive,nuttiest thing ever have seen looked split double kill kill csgo nn
Neutral,bts pro series season sea boom esports becomes second finalist top bracket team meets us battle reach grand final egamersworldcom dota news
Negative,ain ’ m always saddened imagining many tweets dedicate itself talking things looool aren ’ t things greater social importance lives aren t ’ t talking different fake cosmetics amazon maybe crest top strips expensive
Negative,eamaddennfl y’all really really know forget madden fuckery really bogus
Negative,tired hearthstone pictwittercom dcfxhdnc
Negative,wtfff strength test schedule number thee highest seed weekend league mw ovr team ea wtffff n eamaddennfl easportsmut
Irrelevant,thing happening rdr except just kills everyone sees fucks save slots
Negative,hold temporarily sq mins trading verizon fucking disney offer something free its gonna cause this much trouble
Irrelevant,oh shit …
Positive,ronniek cant pre order mamba edition digital edition ps yet seems like scam want buy enhanced physical ps cant get current gen version next gen comes do pre order current gen dont get extra hrs x rep
Positive,these guys probably favorite video game characters vegas street fighter rhys borderlands master chief halo dante devil may cry picfacebookcom cgxgzeup
Negative,wanna slow spread shut
Negative,yandex google told big lie world should read this duzdunyacomtr report please make headline
Negative,see what pubg iv has responded banned pubg mobile india
Positive,werent versions vista microsoft best
Irrelevant,tristate best this international csgo scene
Neutral,congratulations nominees including series host amy hall their award excellence nomination th annual
Irrelevant,streaming man playvalorant just had breath fresh air streaming payvalorant
Negative,rainbowgame know bartlett u removed rotation long ago though seems like waste have just never return plans major rework maybe could even update situation used event
Positive,this fun video store break did using game buy storeplaystationcom
Irrelevant,oh tiktok videos facebook youtube fuck does matter just say two kids found dead bodies clickbaiting trolls
Negative,microsoft say get new pc even though clicked computer lightening fast can have many things open like windows con fed companies greedy pictwittercomdpxvctzr
Neutral,blatant warcraft ripoff goes offline after blizzard sues pcgcom blatantb
Neutral,boxes full tablets fill classrooms desert hills new school glendale students getting ahead its first day online learning monday it’s thanks trial verizon we’re going
Negative,nk terrible game
Negative,atviassist hello activision having problem giving call origin mobile account call duty after enter email address password black screen will shown forcing run like before won’t login either login will timeout
Irrelevant,warframe dead daylight overwatch minecraft uhhh idk honestly feral primal carnage extinction would add spore can let go feeling nostalgia one mark want do that feel free
Neutral,hulk storeplaystationcom
Irrelevant,italy italy italy italy italy italy italy italy italy italy italy italy italy italy italy italy italy italy italy italy italy italy italy italy italy italy italy italy italy italy italy italy italy italy italy italy italy italy italy italy italy italy italy italy italy italy italy italy italy italy italy italy italy italy italy italy italy italy italy italy italy italy italy italy italy italy italy italy italy italy italy italy italy italy italy italy italy italy italy italy italy italy italy italy italy italy italy italy italy italy italy italy italy italy italy italy italy italy italy
Negative,ubisoftsupport just installed assassin’s creed odyssey have problem unable find new game feature start game anything can do activate already finished main story months ago ps platform pictwittercomkzpupod
Negative,nbak fix shyt wtf yall doing
Irrelevant,vote battlefield riseandfaiil has occurred see details bethesdacomplayerban…
Negative,playapex can guys please fix problem disconnection reconnect really sucks getting punished rank disconnect die need invincibility something can get killed really bullshit
Neutral,pls bring this back valve need hear team say fucked mom every language eu ofc win itll turn do d
Negative,this company that makes powder babies that always give coochie o y’all start really putting kill us ion det
Neutral,this clever platform makes workfromhome onboarding identity simple entrepreneurcomarticle shared
Neutral,after maybe years finally changed league super legends username holy god
Positive,downloaded league hockey legends now have addiction
Negative,fuck
Irrelevant,best rated teams
Negative,dont cover
Negative,now little care less fucking employees facebook who believe that their company helping fascism
Positive,don’t understand could today without anime league legends happy responsible have loving girlfriend cook bit productive days thank hi
Irrelevant,ur best bud can win can get fps
Positive,love gta way
Irrelevant,i’m shocked that majority people facebook actually thought pubs would opening would go straight back normal 🥴
Neutral,magazine announce new music artist saturday’s concert american pianist anna elezi saturday th pm london bst ‘kings men live arias classical music’s royal family youtubecomwatchvsanpib facebook facebookcomjezziiivideos
Irrelevant,admiration this artist grows every year just beautiful malukah daughter sea world warcraft acoustic cover malukah youtubemoiahws via youtube
Negative,johnson brown bacteria pay millions bacteriacausing talc disease bilyonaryocomphjoh jnjnews afp
Positive,going live twitchtvorbitalshark r
Positive,congratulations john specialty ds gold years home depot tyler d year us barbara d gold great job team grateful everything do pictwittercom jlabare
Irrelevant,harassment chinese battlefield basedlancashire pictwittercom uavmmmsfi
Positive,wow
Neutral,toysplaystationcom
Negative,dopamine receptors have fucked league legends can longer play game unless its competitive feels bad
Irrelevant,havent gotten game pass yet seriously need think good deal something new coming well sooooooo worth
Neutral,map honey materials seem like they’re scarce
Negative,expensive
Positive,announcement ps have say prices ive seen xbox ms really andt wait get that pc
Positive,thank davematthewsbnd verizon making difference sharing love together better
Positive,super bowl time look forward commercials heres good one amazons alexa ellen degeneres buffly sdow
Negative,literally
Negative,ksupport nbak does phone start always switching back jump shot everytime log
Neutral,supports aren’t getting enough love
Positive,hate myself world warcraft lol xd thatclownfizzy will play pictwittercom qsmaqyek
Negative,cyberpunk first person crazy customization still makes sense lmao whatever i’m dev
Neutral,dirty secret overall ranking
Negative,sometimes melee just wont go away reason swear ive had many times wanted circle guy just dont get initiate cqc melee
Irrelevant,nooooooo oh well prefer polished game rushed one still makes sad have wait extra month also itll released just days before cyberpunk squareenixgamescomengbnewsmes…
Neutral,check this review lopez co google maps googl maps qpyvkm experienced tax preparation centre can trust
Negative,box vzwsupport response
Negative,this disrespectful ronniek nbak beluba pictwittercom nbxkrxd
Irrelevant,this thread nuts
Negative,cfduty heres fuck ya took bountys game
Negative,microsoft microsoft
Irrelevant,guys making
Positive,epicgames this one biggest fan ones applaud gameplay totally want hold back ninja cosmetics want really badly can lot friends please
Neutral,mwsmithlover unlike awkward vile henchmen carmen sandiego games dangerous heavily armed cop killers battlefield hardline serious
Positive,ah well seems mistake guess ill wait get ps backwards compatibility turns sheer failure everyone seems rumored have
Neutral,evidence left wing media scamming
Positive,snipers look smooth cold war blackouts thank god
Negative,ghostrecon ubisoft ubisoft support nice bug youtube h kajsnpau
Irrelevant,oh shitwaddle
Negative,wow nbak y ’ gotta do something this
Positive,ppl dead rude just got amazon vest
Positive,nice bow this zombieassassins creed oc love girl peices cant believe havent posted drawing her twitter time fix that edit this chacrter one reason purchased blademaster
Negative,lowes homedepot seems care doityourselfers having shoes shirts service making sure customers safe wear masks their stores shoes shorts mask service help stamping
Negative,uwu gift random steam games play cause im broke csgo boring
Negative,there’s vikings jersey amazon k y’all terrible idiots
Negative,next gen performance small xbox ever fuck need put that ever xbox series s p low end performance dont tell its powerful ps digital
Positive,can’t wait assassin’s creed valhalla
Negative,eamaddennfl fix those damn servers
Positive,played foolish game csgo dead daylight now feel like sick gamer girl
Negative,retweet awards shia
Negative,hate that one
Negative,august still release dates prices hidden lack information well backward compatibility works real informative videos lineup worst nextgeneration marketing ever playstation xboxinge
Neutral,cyberpunkgame johnny silverhand doesn’t scream woah will disappointed
Negative,battlefield wtf these bugs
Positive,thank rhandlerr new te austin hooper orange brown pictwittercomgrgxzfkon
Negative,every time see heartstone advert lose year life
Negative,ghostrecon fyi cannot get new error code mountain friend cannot now get either hes totally different city
Positive,received great honor today got accused aim botting first ever match cs go hahaha
Positive,oooooh shit mean motherboard already compatible
Negative,this cod gon takes long hell download struggle just fuck gta
Neutral,xbox series xi futuregen alliance robbing players nextgen thatcoukxboxseriesxs
Neutral,cuzunk sherlockunk anything painted michelle phan flatulent kayak order curry casino hearthstone who can fart whales either nipping animals though back his information quiet ingrown toenails
Positive,well know league legends long its pointless talk back trolls just agree pisses
Negative,dick microsoft
Positive,rainbowgame please make series rainbowsix put netflix anything else id sweat everyone would sooooooooooooooooooooooooooooooooooooooooooooooooooooooooooooooooooooooooooooooooooooooooooooooooooooooooooooooooooooooooooooooooooooooooooooooooooooooooooooooooooooooooooooooooooooooooooooooooooooooooooooooooooooooooooooooooooooooooooooooooooooooooooooooooooooooooo
Negative,havent able write long kind feel bad had planned this whole series fictions interest overwatch destiny dropped absolute zero its shame ever finish
Neutral,best upcoming xbox series x games best nextgeneration games beyond pocketlintcom games news xbo rhenderson fesco nicmhwe
Irrelevant,local iraqi election officials staying false comfort half intelligence report available can can get point worse trying truly keep this country one
Positive,nothing like almost getting two leavers college game that would have promoted simply love league legends unk
Neutral,have green fingers will simply adore this set two planting pots available amazon via amzntodxtd
Neutral,steven gifted world author warcraft do dare go back burning inside this hole
Negative,nbak this game fucking suck tf pure slasher hittin s
Positive,expected reported months ago looks
Neutral,beluba f nbak j ronniek kstauff nbakktv nbaklab dr youtu mrnti odda just ’ d say yes this easy commitment work quick fix
Positive,fuck ps just want bbyg
Negative,rhandlerr emailing this guy nba k his help players got deleted pictwittercomizcvmxb
Positive,its two weeks since started using really impressed suite including software marc had weaved together special mention microsoft editor that works well ways better grammarly
Negative,this game broken nbak
Irrelevant,ban battlefield player aglygod has occurred see details bfdbcomplayerban…
Negative,tf r u saying moved
Negative,rainbowgame did get ranked accidentally gets banned second game starts v eu player also random
Positive,couldnt waitunk lick gippers boots sick waifu black skin
Irrelevant,get bundle new staycation gift activities keep creative years join us free entire family gift invitation take part tagalong this weekend owlyuykavpf
Positive,ronk its ok dont think microsoft xboxsupport nk should banned picfm iwqiozbh
Neutral,awesomecapital johnson johnson raises profit forecast awesomecapitalblogspotcom johnso
Negative,can’t cope
Neutral,congrats also made remember something else dod trailer saw sindragosa didnt get her back set wonder included removed looking dragon
Irrelevant,who can keep folks xbox has games podcast right intromediagamingcomhomethexbox one popular xbox themes
Positive,new gpu coming soon after that will go streaming gameplays twitchtvsinfullykayla will attempt learn blender d effects pieces still getting d professionally trained d modelling animation
Positive,ptaofficialpk pubg source income many youngsters please dont ban pubg
Negative,surprised us anymore ea this point isn ’ t scared controversy that already embrace ea causes outrage advertising advertising fifa microtransactions kids push square pushsquare com news e … via editor googlenews
Irrelevant,soulregaltos best pubg player dont feel sad u have just lost another folding door open best luck team ur upcoming games dont feel especially sad u teem soul have good luck growing fan v urs play well win well
Neutral,rona going college buying sooooo much unnecessary shit amazon
Irrelevant,“receiving best entrepreneur award significant win said paul certeza business global ceo guampdncomstorymoney
Positive,fucking men
Negative,damn really loved great old map wish could get back
Positive,angel what
Irrelevant,lets goooo
Negative,likecudaisavailable even after fresh installation drivers settings withcomquestions
Negative,say un fifa institution that comes un cartel scam people call namewait see what coming next week
Positive,that available yesterday dollars now lowest price amazon ever had powerful amp motor generates psi max gpm amazoncom sunjoespx tco tsrahzyp
Negative,fact that cannot speak freely major technology site gross violation human right freedom speech
Positive,keg party minnesota craftsman market dewalt morgan stanley fraternity tonight plus love home depot university
Positive,loving changes csgo pictwittercomjzthbmpj
Neutral,uldum dailies today just absolutely totally fucking stupid flying around wasting hours yeah know fucking know dont have do also want shit do visions end day feel need bloody do deep breath okay rant
Negative,oops got caught making people think ’ s full body game fuck fucking shame
Positive,just started playing borderlands guns love bad tentacles hear voice half old music channel gamegrumps hell yeah egoraptor apart one best gearboxofficial games creepy ass demon
Negative,draymond gets flagrant every time use warriors online y’all got explaining do nbak ronniek
Positive,main favourite video games god war red hot dead redemption uncharted territory rise tomb raider
Irrelevant,see facebook that struggling motivation go house overnight which has got tom’s great auntie ‘hayley can’t get bed’ told his grandma who now thinks i’m sad terrible person unk
Neutral,johnson johnson pauses covid vaccine trial patient exhibiting unexplained illness twittercomievents…
Positive,mumaooo awesome
Irrelevant,rongheng u breathed sigh relief feeding his ass xon
Positive,hey just reminder that havent played hearthstone long time its worth stopping now get free deck latest greatest cards
Neutral,now notorious runner mysterious heir inconvenient mystery
Neutral,clixhimself everyone use their notclix fortnite item shop make vid buying something clix will follow must call cute
Irrelevant,nicole dwallace its really disgusting dont have fucking clue what social network its just disgusting do one google search trump delusional bernie can win
Negative,this cricket has dubbed worst single hivemind game fandom have certainly done this times would love better tarzan level kingdom hearts bad borderlands
Negative,maybe ghostrecon that sliding mechanic break point far dumbest shit ever u cant stop either nothing
Neutral,best upcoming xbox series x games best nextgen games beyond pocketlintcom games news xbo rikhenderson tco nicmhwe
Neutral,enjoy quality us pay us pay finance pay biology history business physics engineering statistics microsoft biography lab report discussion computer homework essay assignment sociology technology accounting thesis algebra arts law quiz kindly dm us
Irrelevant,latest discountgadgetscouk consumer daily paperli discountgadget thanks vandijconsumer zmp cardardocd
Irrelevant,haibo ladies whats sacrificing couple weaves see king happy 🤷 ‍
Irrelevant,probably rarely play valorant much ever yet can’t wait watch esports scene croatia blow sounds like appealing game spectator basics csgo best luck friends back apex heading game
Positive,hello live fantastic assassins creed odyssey lets get teeth fate atlantis dlc come hang enjoy twitchtv krystalmaze tco vronflbtr
Negative,filthy casual spams overwatch junkenstein skins pictwittercomsrckyzkx
Irrelevant,ban battlefield player tatuaje benchmark has even see details bfdbcom player ban
Negative,playapex dangerousdanxi cannot get freaking lobby what heck
Negative,seriously this point dont get days dates many sleeps have
Positive,pour nice glass water rocks appreciate gamefeel hearthstone
Positive,incredible borderlands stream last night really enjoyed thank everyone that came along immensely appreciate whoyou s ready reading another stream friday
Neutral,covid microsoft cancels iot action melbourne latesttechnewsorg technologynew
Neutral,latest gst daily paperligkconsultants… thanks liquormarts
Negative,sometimes almost feel sad talking assassins creed big stories gameplay fell deep love many years ago have nearly abandoned entirely
Irrelevant,’ s now just years together since beta tester xbox live ’ s amazing watch online gaming industry grow that time along closely having innovation windows live has brought industry great internet memories looking forward many next gen
Neutral,played solo q adc chose xayah went rakan have sg skins its either going really bad really good
Neutral,now need third ranked
Neutral,see lot crate
Neutral,transvaginal mesh johnson johnson fined million misleading marketing women theguardiancom business
Negative,borderlands need help game reason character lagging matter whose hose solo game date its really frustrating ideas would
Positive,after playing today i’m gonna just say worlds better map king’s canyon worlds playapex
Irrelevant,love movies deadpool doing fortnite never did john wick happening
Negative,damn homedepot youre really telling fall back like normal man this shit pretty cool
Negative,cant nvidia just cancel orders make changes that bots cant do that
Neutral,im worst shaman who ever played world warcraft promise myself that
Neutral,trust ptaofficialpk imrankhanpti lord this worse ban pubg literally says age minors please ask lift ban
Negative,this tweet didnt age well homedepot didnt set right just woke ceiling verge collapse nothing like old water sitting walls ceiling month year old kids home
Neutral,radio hey sitting reading this rhandlerr going continuing first playthrough borderlands tonight stop enjoy drinks us twitchtvtorquex rhandlerr rhandlerr rhandlerr rhandlerr
Positive,fact that andy gray hates much makes love idea
Neutral,look absolute tools google
Negative,nigga should have shot ball basically passed back midfield that cross great shit happens fifa now
Positive,happy monday everyone another happy day animal crossing followed assassins creed going live hop twitchtvcrashgamerevie…
Irrelevant,love
Irrelevant,really underrated community recommend checking al
Negative,shit mess frombescfuzjbgk battlefield youtubegaming
Positive,trailer goes hour minutes cant wait
Negative,ghostreconuk update new update today keep getting mountain errors every couple minutes please help
Negative,rarely happens its seriously annoying redditepexr
Positive,saw kattegat knew shit got real
Neutral,best amazon review protect device best glass screen protector glad find this screen protector shop now whitestonedomecom
Positive,playing witcher novigrads quests atmosphere make even excited cyberpunkgame cant wait get night city
Negative,one game dota around months ago shits old old times talk which sent rabbit hole madness hours pro gameplay footage reading patch notes trying patch broken metas
Negative,just what kind red dead human redemption bullshit trying pull
Negative,eamaddennfl would shame give forwards x factor mens line could almost like momentum shift do get zone without letting their defender get sacked play row without taking loss yards just throwing opinion
Positive,this sht smooth unk
Neutral,“ghost recon breakpoint collections ” ghostrecon ghostreconuk ubisoft twittercomimoments…
Positive,x red dead redemption story amazing man fucking good pictwittercomlouodbuu
Positive,popular google search last hour manuel ellis skai jackson jake fromm text breonna taylor buffalo police
Negative,best run k worst run entire franchise
Negative,cmon wit this y’all wait i’m gambling mess website please fix servers y’all ridiculous
Negative,really disappointed amazon today ordered lightning deal order cancelled due payment difficulties try order says deal has already completed which disappointing amazonin amazonhelp
Positive,anything desperately ’ m immediately sexually excited assassin ’ s creed valhalla
Negative,ive had acid reflux before didnt like
Negative,watching blackopscoldwar pc gameplay see hackers that sitting their dirty blown chairs like soon pictwittercomgagtakpxth
Positive,think i’d rather lose study animals
Negative,eamaddennfl dont remember guys still make madden games every yr still come unplayable lot glitches just stop making sports games cant get people right now just give back k games everyone will right
Neutral,watch play leaderboards give love im shit
Negative,dispute home depots face mask turns violent nowthis youtube this white nationalist dangerous her family community share tell her stay home youtubecom watch v uf h
Neutral,dont trust aimbot aimbot uses
Irrelevant,this best thing ive ever heard life countless times ive gotten killed after shooting fire due this ab unprecedented one absolute w
Neutral,officialpcmr life
Positive,fuck final fantasy world warcraft still best game world
Neutral,activision wiis latest deal google overwatch win duty hearthstone sent esports directly youtube way cracks could do good bad gsghtcomclvxv
Irrelevant,what fuck ima built one quarantine
Positive,sometimes get freaky rides that gta bmx bike iplaystationcom
Negative,yes way safely configure office hackers wont therefore bother trying harder get one bit ly ahy
Negative,fuck apexlegends
Positive,xbox one
Positive,took tio home depot get supplies something that broke house i’m crying really miss dad
Neutral,amazing phoenix fanart follow valorantleaks leaks news
Positive,first legendary drop im going have wonderful time thisunk
Positive,hell could like red dead redemption play this game shocked that good
Negative,johnson johnson has awarded total million damages new jersey lawsuit claims that pharmaceutical giant knowingly sold asbestoscontaining baby powder hid contamination public reckless indifference consequences
Negative,losing every round overtime week e picwikipediaorg zzgixvkt
Neutral,everyone thought that gdp china fake best weak this virus will show that its gdp atrocious death toll that will take away their workforce specific areas american companies will pull romanwenzl shirredeemable lars
Negative,dude shit hurts
Neutral,ve played this interesting quiz amazon try luck chance win exciting rewards amazonin game share grk
Neutral,tkers smh
Negative,running things do still reading fifa gets boring tried watching film can’t concentrate one … haha tried working garden currently have bad back suggestions welcomed
Positive,enjoying borderlands tubbz sun numskulldesigns
Neutral,switch franklin gta aint gotta like hood gone love
Positive,im little late happy th red dead redemption also didnt expect t franchise change life absolutely has adore whole heart soul
Neutral,bot mafias have wreaked havoc deworld warcraft arstechnicacomposttypepos…
Positive,new hero sword expansion priest class rework announced great im super happy stoked see that actually one cards now old priest basic set
Negative,hi fromunk googlestadia mobile recon breakpoint laggy stadia specially during cutscenes drone flights do have ideas address play k hdr chromecast ultra mbps updown ms ping connection
Positive,also overwatch looks like incredibly fun little piece equipment currently have incredibly brilliant
Positive,wonder much have do earn ps
Negative,afvision latest update literally broke game
Neutral,grand valley auto v pr
Neutral,accidental tk apology shares
Positive,khanjali best tank gta online pictwittercompnixqfsbev
Neutral,cqcs pvp looked really good
Irrelevant,ban battlefield player ace kalorz has occurred see details bfdbcom player ban
Negative,playapex challenges lost treasures event dont reset every day ive stuck points since tuesday really want dope p mastiff skins
Neutral,this time cyberpunk demake set bitlyaugil
Positive,great video harrisheller newest feature nvidiageforce has brought us ill definitely testing utilizing streams nvidia broadcast finally e youtube ufjmyjuw via youtube
Negative,borderlands can please fix lag audio issues crashes ps after update hard play fps less dont want this limited cartel run able play properly also menus fix menu lag please
Irrelevant,bcc gaming
Irrelevant,excited brother ashleysmth
Neutral,good had share check items im loving poshmarkapp shopangrykitty
Positive,really callofduty infinityward storeplaystationcom
Positive,yo wtf thats actually getting really good
Neutral,ea dice partwelsh happy this back life
Positive,exactly free means price data during early days avast avg used say better nothing now think nothing microsoft defender better this bad firewall
Irrelevant,big dead pictures unk storeplaystationcom
Positive,ps will able boast graphical characteristics close those xbox series x navi benchmarks notebbychecknet news notebychecknet nothepswon
Positive,had itch draw lunerian silgryn bc miss much may play wow anymore silgryns still darling dear
Negative,today mackay burned anger went home depot letting wind wash feeling deep despair him checks his watch aint that shit yells now what
Neutral,new delicious traditional puerto el rican local food youtube youtube z com channel uccqs … facebook via facebook com lacocinabori
Negative,borderlands can please fix delay audio issues crashes ps after update difficult play fps less do want this limited cartel expire able play properly
Positive,joe buck excited now hearthstone
Neutral,deannamb ps ps like rk rk dont know what do life sea tmblrco zxwuqyxvgce
Neutral,this benchmarking comparison oculus quest gpu ti nvidia simply mockery system
Negative,rainbowgame did nerf hard breachers like theyre evil
Irrelevant,marquettestangs week emustang game legends results won their favorite match yes thanks team members student member rohith team clerkie playvs league lad
Negative,battlefield good game purchase
Positive,dude that youtube chat amazing merry playhearthstone upd his audience k check counter k us talking appreciate
Positive,feels good
Positive,modern warfare has best call duty youtube wise since black ops i’m happy seeing everyone getting theirs growing may biggest fan game overall feels good say that cod back
Positive,ive playing bit much red dead redemption robinhought able provide this awesome piece pictwittercomtjwhr
Irrelevant,just having finished april nd youtube video indeed will enjoy doing this really long process pubg highlights past week now like use subscribe thanks youtube com watch v megqln …
Positive,red dead redemption got wanting move mother fucking ranch
Negative,get us fucking bfa warcraft
Irrelevant,thc loox fortnite montage highlights happy campers gg sigmamistcom blog thcloox tco frlwydqnc
Positive,due lucal difficulties will streaming instead tchtv harleylocal
Neutral,target gives hour pay raises offers paid leave older employees midst pandemic home depot whole foods also have thedenverchannelcom news national
Positive,best reviews week
Positive,had network issues im back still killing everything twitchtvdeitysflight rhandlerr rhandlerr
Positive,hell yes unk
Positive,pubg game this serious stressful state selfishness pandemic also escape people young generation who facing depression due family problems studies relationships etc
Positive,have fun big priest wild hearthstone youtube miufrvbdp via youtube playhearthstone
Negative,wasnt lawsuit cancer
Negative,chance also can get awesome packages eastern south east asia pubg pubgsupport hawkinz pubg partner unk
Neutral,after minecraft rtx beta does permanently destroy worlds
Irrelevant,wearing assassins creed outfits failed twice except these two
Negative,definitely walmart amazon going fuck delivery
Negative,every game really getting delayed god damn
Negative,please da bring aoe grave back doubledouble playing support really fun
Positive,cfduty need spec ops missions theyre fun
Neutral,hammer point rounds really who saved
Negative,fortnite these bots that make game unplayed lmfao their unplayable run course land his axe before can loot bot one already ground just shoots can even arm him lmfao fortnite right now waste data
Positive,really excited new changes made rainbowgame this next season ill live pm cst play test server come hang ask questions have twitchtvatrudjentleman
Negative,ubisoft increased please make constant fps mode option next gen consoles atleast one wants k will running fps less resolution will great well get higher fps please ubisoft increased please make constant fps mode option next gen consoles atleast one wants k will running fps less resolution will great well get high fps
Positive,finally thank god nbak nbakmyteam playstation
Negative,ghostrecon that slide break point definitely stupidest crap ever
Irrelevant,playing overwatch randoms dragged party can understand literally got many jokes having together kicked hate men ong
Irrelevant,can’t trust mfs finally played red dead redemption forced their horse go nuclear slaughter whole time
Negative,yeah example league club legends devs work rly hard give us quality mental illnesses their idiot dumb ideas
Positive,im sold
Neutral,captain prices mission brief impression favourite mission cod modern warfare clean house activision callofduty has tag call duty fan rip unk alexhouseof chemicalbrodar
Negative,which assassins creed game ubisoft released remaster always looked much worse video original everyone memed like good weeks want go look those memes funny laugh
Positive,looks like doping
Neutral,excited choose gameplay high speed response that doesnt compromise image fidelity sound benqcomenusknowledg…
Positive,outdoor site thanks everyone who came hearthstone battlegrounds will continue set will review near wezhalla before set wishing luck yes will wear scanner help play duh tco hgnwhsosz
Positive,assassins creed odyssey just gets history mythology strong female character huge environment incredible detail quests adventures giant cocks just gets pictwittercomijqnviwaie
Irrelevant,unfortunately government had choice chinese military chinese regime pushed addition already growing evidence doubts espionage data collection
Neutral,buy cs have go one tf item scm enjoy giving approximately week want something else sell that original item lose money cuz valve fees buy new item repeat this enough money becomes gone
Positive,activision after new gb patch cod mw crashes every game return destop without error report that paid even before had that cleaning nvidia cv folder helped now longer possible fix every game that unplayable wtf tco yfyimmuia
Negative,rockstarsupport hello please help gta online error have ticket number today game froze loading returned game casino heist setup completely disappeared had started please help restore
Neutral,verizon suspends advertising facebook joins growing boycottrs dyldmq
Negative,fuck who trynna like that
Neutral,someone just shared this facebook had come find original it’s gem
Negative,good hope
Irrelevant,this absolute favorite video time makes cry always used meme overwatch videos ana sleeps youtubecom watch v hkrcxg
Irrelevant,go msc
Negative,can agree that red dead redemption game boring
Negative,playapex can just just please fix disconnect reconnect issue really sucks getting penalized new life disconnect dying need invincibility nothing we’re can basically killed cuz it’s really bullshit
Positive,this almost good bo girl ’ s menu music better damn makes slaps
Neutral,nvidia confirmed global foundries tsmc unable manufacture enough large cubes nvidia pictwittercom kxtiptnyl
Positive,take hearthstone stream lets chill have fun streamlabs com jabulanimthomb …
Neutral,ti best men top moments international dota zonestreamcxtibestplays… x
Positive,kindly unban pubg otherwise many young entreprenuer will lose their jobs unk imrankhanpti
Irrelevant,xbox fuckin son
Neutral,scottwapnercnbc heard fan blunt truth reformedbroker
Negative,capitalism european borderlands
Positive,johnson johnson beats qi efrates raises division johnson johnson jnj shares eastern time today investors optimistic companys strong firstquarter results dividend increase marketingcom jso
Positive,just quick reminder that competition will end soon im looking forward pictures irish flag bread please post comments section teagascs facebook post mfacebookcom storyphp stor guím ádh mór ort teagasc muirsegan cbteagasc benmurray
Neutral,gta online best deals discounts september see gta weekly c youtubefxzxzbri
Negative,ksupport have able play borderlands online days i´ve shift account correctly linked steami´ve removed shift account created another onegame offline have opened ticket gearboxsoftwareshift dont get answer
Neutral,gary hartstone wow game print glossy poster us exciting
Irrelevant,someone called below high bronze think greatly underestimate overwatch player
Neutral,check hearthstone duels deck spiralhs spiralhs reached win this past starter deck deck code heartstonefesnet heartstonedu
Irrelevant,this half nigga legit one best call duty players youtube son lol
Negative,hate yellow guys verizon never walk
Positive,beautiful sunset occurred fort praisai
Positive,got amazing game ranked big carry
Negative,im sry m able make live right hope u fine this spent night trying fix sc had reinstall windows nvidia plus whole game one
Positive,one tweet one bundle please thank
Neutral,amazon package came today didnt ordered anything well gets text lil sister thanking getting dream its cool weighted blanket im fckn happy never got anything now its bc im disappointed
Irrelevant,listen guys have great takes this one stinks ’ s just also opinion see let lets ’ s just engage meaningless dialogue neither either us change opinions like minutes before one us stops responding
Negative,first expansion year demon hunter made heartstone worst game even after nerves cant wait first expansion years come
Neutral,new universal studios reveal exciting surface features – iftttcimr
Negative,callofduty y u ’ really fucked black ops cold war lmao get ready flop
Positive,fortnitegame have concept might like ik it’s kinda bad drawing pictwittercomudbsavhr
Negative,ghostrecon cant play missions breakpoint after killed walker theyre blacked
Neutral,watched brother play free league football rly like mad wig guy
Positive,thekatiewilson had much fun playing overwatch switch good that posted ig otherwise wouldnt have known also won every game played together which incredible pictwittercom pobkrbgc
Positive,finally got home depot tuesday picked what paint color wanna paint room after months procrastinating took just everything walls i’m excited paint long
Neutral,beluba nbak ronniek kstauff nbakktv atbemrntiodda people say chicago represents easy drive pleasant
Irrelevant,im excited finally get xbox series s f ps
Negative,rainbowgame can fix his game im struggling loading button cant play
Negative,know pubg aint chinese wish ban soon that app trash
Neutral,thanks following snapstar twitter check f facebook page see what im
Neutral,just finished gnomeregan achievement
Irrelevant,jumping joy these fellas
Irrelevant,somehow guys havent gotten game pass yet seriously need think doing sure like good deal that everything new coming well really sooooooo worth taking
Negative,ghostrecon just got error whalers resetted server who can do get his character back
Positive,soooo cold war beta tonight xbox enjoyed ps cant wait play xbox
Neutral,nvidia acquisition arm throws le sparks tech spat us china reutrsbwqnrc
Neutral,phishing attack vs targets microsoft office users netflix amazon lures darkreading de com threat intelli …
Positive,hey thanks bestbuy putting checkout queue last steps buying xbox series x now sold fuck yourselves
Negative,swear
Irrelevant,jan freeman head programmer early fifa games hard working hospitalized due ot lack sleep
Irrelevant,hahahahahaha og n twitter r fuckin funny
Positive,facebook its thursday gamin greater good twitchtvavikens
Negative,mtravanti think facebook isnt working tried message back
Positive,assassins creed fans get best worlds this yeartt zycknk
Positive,thank service cyberpunkgame
Negative,blizzardent yo what’s going hearthstone people can’t take
Negative,like almost fun times ubisoft problem will receive us these rewards later tonight ubisoft
Negative,obviously dudes much better vr reality fantastic forget championship just win games that that much sacrifice
Neutral,played this interesting quiz amazon try luck chance win exciting rewards amazoningamesharegr…
Negative,went home depot long lines silent fear vapor frozen people waiting get hidden went lowes long line fear frozen people anxiously waiting get lost this american great spirit that has built this great country this one brainwashing
Positive,sooo guess just came facebook like actually did that feels good
Neutral,ii m
Negative,google meet doesn u ’ t always work
Neutral,ดูการออกอากาศของฉันจาก �unk
Neutral,won mvp performance madden nfl trueachievement pts trueachievementscom gamer darkninj
Positive,casually hyped cold war can hardly wait play election campaign who else hyped
Positive,wanna see this remastered ps xbox series x
Negative,please copy rt debugunk hi google noticed that please fix this also provide us reason this happened first place weareoneexo
Neutral,lmaoooo this video got
Neutral,bruh this just gave black ops vibes black ops movement real graphics wtf
Negative,yo that native rainbowgame respace
Positive,s photomode will always best mode every game rhandlerr rhandlerr pictwittercomqsqoqknkra
Negative,dead game
Positive,devil will wipe slate clean start mum cry tears joy ive wanted sequel badly ok first little annoying true formed great jumping platform tides gold also reign fear
Positive,didnt even deserve military battlefield its fun revisiting after
Neutral,fortnitegame someone us signing reading account playstation system possible please block account signed just ’ s u n s truly epic name seth odawg o please help
Negative,have many probably biggest that couldnt get red dead redemption felt like trying hard realistic transferred controls which didnt feel great play
Positive,omg finally still did need lead harvester one though check this item just finally got rusted keys junkheap drifter
Positive,nice seeing xbox series x previews ps ones
Positive,congrats bro still have hours minutes till can get fingers crossed
Positive,holy shit cant even get cod this shit literally game can play gta time become gta player
Positive,xbox looks beautiful
Neutral,johnson margaret johnson stop selling talc scent based mary johnson ’ s baby powder u m s canada updatednews com joh …
Irrelevant,really sat table gta every week therealtb illegalupdog degenerate shit
Positive,fortnite revenues continue decline pubg seeing market come dailyesports info gg fortnite shares reven …
Neutral,great look seo
Positive,odd ball damage hero power has bought her deck youtubewigbhrgyh
Irrelevant,got repaint another nerf gun tiny tina cosplay love doing these
Neutral,choked eco round big l
Positive,good night
Irrelevant,broke chair jumping excitedly tore seat pants will never forget
Positive,that fortnite event pretty cool kinda completely confused lost what actually happened what storm water thing what super cool took lot screenshots
Irrelevant,lmao just thinking i’m weak hell having set
Positive,creative team launched
Neutral,one biggest events esports battlefield s international has delayed due zika coronavirus espnfayne
Neutral,got horses driveway
Neutral,fortnitegame someone us signing account playstation possible please block account signed it’s us epic name odawg please help
Neutral,johnson johnson ends sale talcbased baby powders – major win consumers healthimpactnewscomjohnsonj…
Neutral,ranking apex road plat twitchtv tgp razzmatazz
Negative,rainbowgame sort game life infact help persistent cheater situation its dying youre sitting back doing fuck thing constant cheaters want now
Negative,finished
Irrelevant,someone convince george speakerpelosi senschumer chrismurphyct senblumenthal shouldnt make this political squeeze every minute their wheres their job whats his plan get us this
Negative,playapex servers whack
Irrelevant,oh wow thats fascinating do have reading articles relating this fucking traumatic thing yes its called go google get typing binch
Neutral,played this interesting quiz amazon try luck another chance win exciting amazoningamesharegac…
Negative,hell this shit
Positive,bit got late finally got master tier status best hero redd jotzm
Irrelevant,dude im gonna say actually biggest fuck imaginable zombies multiplayer community asking just just chillin unofficial zombies gaming community fucking fucking dove this their
Negative,what next generation gonna do playing fucking fifa
Negative,unk has one near worst companies video game industry late struggled compete medium warcraft reforged blizzard underdelivered every category continues erode valuation trafficlibsyncomarmstrongsmusi
Irrelevant,realdonaldtrump another failure
Negative,th still release dates public prices blatant lack information well backward compatibility just works real updated videos lineup worst nextgen marketing issue playstation
Neutral,enjoy black ops cold war theres just something man feels satisfying especially snipers fact that this game has actually working slide can jump ledges that higher feet also makes movement much smoother
Negative,fuck verizon data half rd period
Positive,still getting hang combat assassins creed origins looks amazing considering its first playthrough definitely improvement previous
Neutral,hold chin can dream hammer chaotic reviews latest borderlands dlc psycho war fantastic fustercluck youtube vcbrxrluy
Neutral,ok fuck might actually get lol call duty black ops cold war official teaser trailer youtubemkfcgjoasw via youtube
Irrelevant,greenmangaming stunt yours xd
Negative,i’m baffled cmc possible minimum didn’t even lead even many top rb catagories last season
Neutral,lmaoooo this video got cryin
Neutral,youtube punk new gameplay come youtubecom watch v lptxqh
Irrelevant,this day th april tragedy befell soccer world zambia those their way senegal fifa wc qualifier suffered plane crash smack lake gabon people onboard died man squad technical staffs continue going rest completely peace
Neutral,ps xbox series x versions will costly nmecomnewsgamingne…
Positive,thank u excalibagel uwu com fave games halo reach last split one second apex legends tony hawks game underground fantasy
Negative,wonderful decision made
Negative,fighters dont really understand this real life mannequins
Neutral,since exactly did think either renaming bomb “ boston marathon ” csgo good idea
Positive,favorite win far lol
Neutral,cd october bringing great vibe great music even better times steady grind deep cut enjoy cut enjoy twitchtvharrisonwiley
Irrelevant,congrats fr result even asyik pubg pictwittercomdacdqmr
Positive,ladies men give her attention craves
Neutral,ve just earned even horrific vision king orgrimmar achievement
Positive,going facebookcompeighostvideo…
Positive,ubisoft hello ubisoft thank introducing assassinscreed franchise favorite games revelations villains one request may next game templar beloved villain think its time that get templar protagonist
Negative,callofduty worst choice move remove trio quads before adding duos please add duos right now just keep trio virtually ready
Neutral,lol that linusunk tips video nvidiahahaha got console fanboys interested
Positive,hstopdecks ahirunhs neonhs returned hearthstone after long break getting used this meta quickly got lehman brothers late last month this week mainly thanks playing galakrond zoo warlock
Positive,nvidia recently bought arm wtf thats weird
Negative,rhandlerr frick wont this hatch break pictwittercomoiuvrlwxrs
Neutral,true may exciting year emotional work rethink end era gambling history
Negative,donald trump developing that will get tiktok deal cut microsoft buys bbccouk news business
Neutral,verizon kicks super bowl return futuristic g wearables firefighters private company that will also help power first ever g super bowl stadium south miami adage com com personal article digita …
Positive,finally secure ps reasonable price big shoutout mate avion fj real stand guy
Neutral,do swear its easier win apex legends fall guys
Positive,one actual next major gen exclusives even this looks just really nice even ’ s apparently release live minutes exclusive windows k xbox series x albums scorn gameplay youtu grwdmemvo via youtube
Neutral,played this interesting quiz amazon try luck chance win exciting rewards amazoningamesharegx…
Negative,notes gave tyrodtaylor overall herbert ’ m sick eamaddennfl
Neutral,speaker one woman
Neutral,nvidia geforce now google stadia rival suffers another blow newsnet nvidiageforce tco ijnjvlc
Negative,god sitting last hours watching inter college csgo tournament man dont understand shit 🥵
Negative,wouldn ’ t even play this formation fifa y ’ delusional pls dean southgate even does this one euros promise jordan henderson will have heart attack whilst pitch
Negative,after looking forward really disliking assassins creed macbeth sad say really liked true history kelly gang loved undercurrent tension much dialogue visuals closing mins amazing
Negative,o nvidia p nvidiageforce nvidiashield nvidiagamedev nvidiagfn have reported this issue forums before everywhere can yet since still cant get fix
Neutral,new gpus nvidia series also appealing has better performance half price thats crazy im fighting saving saving ps pm · · t
Neutral,official business enterprise networking partner tag league world legends esports cisco technologies committed powering future
Neutral,permissions error exporting microsoft dynamic gp architecture smartlist virtual object azrcrv co l uk nqhit
Irrelevant,hate facebook people
Neutral,greater comprehensive illustration project corporate america ’ ″ s moral decay amazon theguardian com commentisfree day …
Negative,ubisoftsupport rainbowgame can come u guys please dear love god shut xresolver e im tired crap getting hit
Neutral,curimax thanks entering grand summoners watch video see won amazon gift card retweet everyday another chance win play now free yu yu hakusho unit
Positive,unk love see
Neutral,anyone who has read watched book one us has go feeling free sign andor review books kindle andor amazon should greatly grateful atcombookshow
Positive,xbox fast furious consoles
Negative,stfu lol
Positive,hollywood gonna beat brakes stop that man many do overs do bucs get
Neutral,sick sentinel snipe sky storeplaystationcom
Neutral,anyone who really liked tiger king would highly suggest mention legendary wild wonderful whites west virginia ’ s produced johnny clark knoxville amazon video
Irrelevant,churches exactly designed social detachment
Negative,earlier johnson brown announced that will join mybsinyoexfk
Negative,google criticizes black people hiding aggressor
Neutral,perfect questions amazon apple get see big bear macro jim rogers ecotiinunosb via economictimes
Irrelevant,founding police force helps police officers acquire combat weapons swat team equipment tools that used terrorize black communities tell cocacola starbucks verizon target wellsfargo stop funding
Neutral,nice retro pc look like seriously hope win this great gaming desktop enter chance win this custom crysis remasteredinspired origin pc dual balanced system intel core ik processor nvidia geforce hd
Irrelevant,always needed one these
Negative,eamaddennfl easports mut muthead still jadeveon clowney ultimate team power base card even promotional card clowney has updated upon signing has yet receive card ingame
Neutral,want fantastic hosting
Negative,fuck google pictwittercom wontzsgnl
Negative,fortnite servers really bad today today problems double squad usage problems dating have seen anything epic fortnite have problems loading try select game mode try
Positive,finally played borderlands actual game play great almost guns fun never felt sure needed grind that story hand will say now oh yesm much looking forward extended cutscene skip
Positive,this place magnificent
Positive,yesterday playing fortnite try new season which really like besides fact that sharks can jump onto fucking land far shore also have thalassophobia did well playing waves got kills nearly die everything melted
Irrelevant,worst thing
Positive,simply found • mega • broken mechanics • backsliding • k normal gold fall • take back picfacebookcom xxycuncl
Negative,marcon onair dabo better people who take their whole family walmart home depot etc
Positive,radio exciting announcement hours family im really excited let know whats happening pictwittercomblouz
Positive,love ending night win csgo finally made losing extra first terible gsmes unk
Irrelevant,jamal got heavily robbed
Irrelevant,nobody rrqxinn lost
Neutral,huge play evolutionevolution microsoft timecomopinionarticl…
Negative,rhandlerr did start this generation these graphics end these graphics sad y’all money hungry that sacrificed good game microtransactions screwed fans since had competitors went this “we’re adding bape” pictwittercomhyqjzfpabb
Neutral,this day history food industry earl dixon died september invented bandaids his wife who often had accidents kitchen cutting burning herself worked johnson johnson which soon began produce bandaids
Negative,nvidia funny soon receive notification that stock site gives errors switches zero stock every time
Irrelevant,geeeezus makes these bitches huge
Irrelevant,had good photos this fire edit hit dm youre search montageunkunk poqijk playapex respawn g ea rating statusunk twitch fuhfuhfrosty sfdemonic quickclipse zxlesserevilxz sacredslash rts appreciated
Negative,huskar hero dota can never handle his ass matter what do
Negative,respawn playapex lowkeydbjosh much do need do
Neutral,free christmas plays songs youtubezgwnjkcgg
Positive,took this guys awesome game one morning ubisoft ghostrecon pictwittercomspqhtqffe
Negative,ghostreconuk ragequitunk after killing wolves looking submarine after trying get this submarine character stuck falling air have kill this monster that place his
Negative,fuck
Neutral,dmmuzaffarnagar magistratecity muzafarnagarpol this person per his facebook profile muzaffarnagar has posted really bad things hindu gods please take immediate cognizance take punitive actions facebookcomuvaishali
Neutral,tomorrow orientation day excited get know everyone check orientation sessions using instructions below get ready microsoft teams welcome session followed individual program sessions throughout day see tomorrow pictwittercom nhaiqcm
Negative,does red dead redemption freeze xbox one sponsor camp map
Neutral,eurozoneesports r tournament grand final minutes crab popcorn bois cause its gonna good one twitchtvmoderatoreuro…
Irrelevant,youd even think his retinas would probably have burnt straight that now excessive dilation obviously canround t see that makeup hasnt quite extended that festering maw apparently uses perfect model face
Irrelevant,stop say hi their st live stream tonight pm tonight late nights nicciluv will teaming legacymirror live chat hope see ye
Irrelevant,this jay wool favorite artist
Positive,grateful that
Neutral,new post this microsoft office exploit patched years ago still abused hackers techradar reportcybercrimecomthismicrosoft…
Positive,july th myself friends started journey classic today hit honestly its really fun journey lets honest night elfs have best mounts even tho love horde warcraft pictwittercomqcgzmervsr
Negative,im thinking quit fortnite
Negative,callofduty worst move remove trio quads before adding tri please add duos right now keep that after totally ready
Positive,ok ghost going streaming
Negative,sometimes feel sad speaking assassins creed stories ideas fell love many years ago have nearly abandoned entirely
Negative,cant emphasize enough that seraphine worst thing league legends has implemented terms lore gamplay also terms marketing could even leave league that
Neutral,have this ace rankings
Neutral,rona moving college buying sooooo much unnecessary shit amazon
Positive,fifa season phenomenal still have their songs published playlist this day
Positive,cd project new rockstar 🤦 ‍
Negative,johnson johnson gives people cancer don’t think would want making vaccine
Negative,strong sbmm yep this going probably worst cod multiplayer youabout re taking barely functional networking treyarch adding something inside that just makes social networking worse its already ruining mws networking right thats came infinity control ward
Negative,seriously that point dont get days dates many sleeps have
Neutral,ever want see entire body go ninja mode just watch swim underwater assassins creed odyssey often ive able kill sharks flying above myself one time im meant im literally going flip run
Negative,playoverwatch switch every game lot games that someone switches start problem
Irrelevant,ban battlefield ii player kapitandupa has occurred see details bfdb dot com player full ban page …
Negative,whenever play franchise game madden game crashes just start still having these problems eamaddennfl
Negative,xbox series x horrible looking console big bulky simple boring bye
Positive,borderlands ps legendary anointed cyro infinity spear standard weapon dlvritrplm
Negative,borderlands trash also lowkey illuminated big sads easy
Neutral,just clugged native v wasnt recording playapex
Positive,comcastcares business seriously worst every day ive losing internet weeks cant wait write verizon
Negative,🧢🧢🧢🧢 best launch k easily had worst launch its entire franchise
Neutral,ghostrecon know lot bugs progress really needs made
Neutral,grandfather wall clock excellent addition living room decor vmarketingsiteinfo pendulum decor
Negative,see thats exactly kind updates ea have doing years except that fifas game gets worse every year
Irrelevant,watched assassins creed movie dana mall subtitles died relevant spanish scenes shortly followed film projector dying werent given refund
Positive,enjoy killing sheep gta
Neutral,monday johnson johnson stops selling talc baby powder also facebook chases e commerce wednesday wake call wonderful good morning sunday johnson johnson will take its talc based baby powder shelves youtube goes after tv viewers happy ’ s wake talk call … marcusmylesmedia com media buying b html …
Positive,fortnite literally second none events game one else comes close
Positive,nvidia trading geforce that would nice
Negative,fix fucking shit game ubi rainbowgame ubisoft picsu xyftdkvisq
Irrelevant,sooo go chanel store ask just gift bag fill reasons can’t live without her won’t get upper cut jaw
Irrelevant,youtube sxrquvuxgm made video xbox series s pretty attractive
Negative,fuck stupid time have bad dreams
Positive,another true epic omfg
Negative,like nbakktv act like nothing wrong nbak just keep selling wack info
Neutral,much flying draenor
Positive,stream will back tomorrow had nice weekend visiting family its also nice go have hearthstone together before scholomance mode launches later this week hyped play new cards have pretty high hopes mage this expac ill streaming full day thursday
Positive,anyone jumping this beta weekend have absolutely best sniping class setups tundra pellington let know what think youtube qppptdve fenco endbqoxpua
Neutral,k needa buff shooting tad bit extreme amount either still want skill gap also this backup receiving vc boosts etc wack downloaded game online that unfortunately still haven ’ t gotten think this k will pretty good big one beluba ronniek j nbak
Neutral,cant complain ask what doing protected ridiculous really think bank trying
Irrelevant,silv elizabeth got friend stopped tagging sullivan kings facebook group post wow wow
Negative,ubisoftsupport rainbowgame ps game keeps disconnecting last day tried restarting system game internet issues playstation network issues pictwittercomeyazisb
Positive,having watched this trailer sooooo loud already still giving inspiration write short stories inspired during free journal rainbowgame
Irrelevant,okay block this man hes new level
Negative,ghostreconuk ragequit cause after killing wolves now looking submarine after trying trying get this submarine character has stuck himself falling air finally therefore have kill this glitch that place horrible
Neutral,played red white months arthur died today
Neutral,playstation xboxp cerny hope psxbox series x gigabit compatible get ps d kbps xbox get d get gbps d need fix get what pay matter what speeds ax wifi would awesome estimates test actual speeds
Irrelevant,this time week disruptive tech curated specifically rachel rmnth pubg ban twist cookie tale facebook ’ s political ad ban trying tackle wrong problem law enforcement meets predictive algorithms foundingfuel com article column this …
Positive,indeed this legit im usually copping moment drops uk thats great bargain surely good true
Irrelevant,great combosale ladies handbag tinyurlcomybcdlf
Positive,going home depot enjoyment had miss going shopping
Positive,cant wait get nextgen console d
Positive,now red dead redemption ii everyone seemed enjoy though usual letm late train
Neutral,had omfg proud moment
Irrelevant,hes fine tbh marcera please notice
Positive,fortnite sales continue decline pubg near comeup mggfortnitereven…
Negative,experience assassins creed odyssey wtf these first titles ive playing days spidermans cd
Neutral,ha ha its best example what indian can do – newscomnewsbuzzwhat…
Positive,lmfaooo yo this certainly pretty good one
Negative,this actually ruined video many else without aim assist nerf never even have scope sens have disable can lose many players
Neutral,johnson johnson used super pill produce drugs americas abused opioid pill wapost tasmaniapenny
Neutral,addition ai auroa now feels much less alone
Neutral,see league ranked also morning twitchtvtenatian
Neutral,got pretty good rounds going yesterday d also many bad rounds d
Negative,eamaddennfl swami ea equipment guru did drop rojo speed please explain that showed signs slower baystunna shutdownsafety softdrinktv madden biased player ratings
Irrelevant,someone flew open nazi bomb jewish presidential candidates mansion friends facebook get keep playing bernies shameful hitler video
Neutral,news best cheap dell laptop deals prices march ufoooooopost…
Negative,🤨 msigaming caught
Negative,smh
Neutral,shots go who needs load have kar
Positive,this skin revenant looks dope greasygamercom threads thiss
Negative,csgo thank awesome anticheat having cheaters prime match
Positive,trailer bro im excited
Negative,pubgsupport hiya whenll u fixing fn console game asking lot have satisfied lack responses just wondering lagouts part game like red zones im just aware just cant fix year problem thx
Positive,thank davematthewsbnd verizon making difference increasing love together better
Irrelevant,world burning
Neutral,get these games train myself particular order overwatch halo god war horizon zero dawn assassins creed tomb raider star wars jedi fallen order gears war destiny world warcraft
Negative,fuck women
Positive,played pubg first time long time loved ll clips tonight
Irrelevant,leans door glancing door screen “gta huh i’m absolutely shit that game er damn wondering could come catch up”
Negative,forced yesterday during talk name something med failed forgot disclose ive persistently managed avoid easytocarefor plants least according home depot
Neutral,donald trump jr china lied people died inside chinas death labs facebook facebookcomdonaldjtrumpjr…
Positive,just fun
Positive,lag sweet fun iso medal tv clips … x
Irrelevant,far best stream without raid hovering around viewers hour gained hell load follows much
Positive,hey asus still having issues broadcasting twitchsupport internet verizon hotspot can comcast please try figure what’s broken two
Irrelevant,congratulations eden bit winning choosing theme
Positive,international gamer moment
Neutral,activision just reveal black ops cold war already sick tired waiting
Neutral,logfta thanks entering grand summoners watch video see won amazon gift card retweet every day another chance win play gs global now free one punch man unit
Irrelevant,biggest scan made indian professional player intense squads pubg mobile clearnewscom big
Negative,nvidia nvidiaai nvidia ai supposed truly great new who shouldnt use that manage unveiling rtxk series public could have done even better job developers who supposedly do amd days gamers waiting
Negative,scrabbleea keep getting message dictionary updating working actually did what said restarted app
Neutral,get amazing dropshipping video ad that really sells facebook instagram click bitlylfi rt please
Negative,nbak y’all joke company couldn’t make decent game y’all life depended
Negative,goat
Positive,also everything have seen audio prologue game journalists who played loved this just wait get read
Positive,teamwork its finest medaltvclips…
Positive,yo nvidia showing crazy
Positive,really just want play fortnite surprisingly enough
Negative,omg hate facebook people literally fucking ignorant its crazy
Positive,mm csgo like games row cheats locking everyone smoke jump shooting rest team tearing like dogs know everyone guy picking hitting every shot
Irrelevant,follow him
Negative,need advice suggestions this pleeeeease clears noodle canister player capture smooth before this choppy capture good good capture obs before nvidia driver update rtx card done nerdiod help necessary
Irrelevant,aoc make ignorant comments come wi can meet
Negative,damn imba this devilish hut
Irrelevant,mean srsly does this usa today have editors dont grunts backroom know fast use google this offensive
Irrelevant,miki have one else have brother who would happy
Negative,twitter full soulless entities facebook who play video games addicted weed 🧜‍
Neutral,chrisedgerly hey man one chris another can say happy birthday jonathanbarro pathfinder voice would much appreciate
Neutral,flowering their peaks storeplaystationcom
Neutral,check video
Positive,exciting announcement hours im excited let know whats going picfacebookcom blouz
Negative,microsoft buys sick current
Negative,csgo valve seems dont work have prime touches people who arent prime above cheaters
Irrelevant,joined facebook group indoor gardening these gardeners soo precious unk
Neutral,great experience beginning allison says google via birdeye birdeyecom theseallaw
Neutral,johnson johnson stop selling talcbased johnson’s baby powder us canada updatednewscomjoh…
Neutral,rainbowgame ranked first ranked placement wifi dropped last round flawless wedding anything kids can do
Negative,rainbowgame qued ranked friends us got individual ranked game strangers team that possible
Positive,really cfduty infinityward storeplaystationcom
Negative,hate this game every one year strength people
Irrelevant,best overwatch sound zxxxvispace p phphba
Negative,watching verizon trash
Negative,just dont know fortnitegame doesnt seem care asia servers mostthey care every single server region yet asiappl south east asia having bad pingfighting japanese ping epic just fucks this new
Positive,huge thank everyone who came today sorry had end run pc overheat tt however bpmgame blew mind even run shall continue tomorrow might even make way hell yeah give ps showcase super good also
Positive,shirleyscurry highly highly highly red dead redemption graphic scenery top notch have story super complex emotional think youll really enjoy
Irrelevant,stand what has said also amazing motivation amy cries corner
Irrelevant,another wonderful stream shared husband thanks everyone who came will back tomorrow lot overwatch ffxiv good night everyone
Neutral,‘skunkworks’ johnson johnson rushing break coronavirus vaccine amazoncombusinessdrugs… copyright phillyinquirer
Irrelevant,go center satellite reason trickshot
Negative,this game mess first game after gta day know one person lobby diamond also get terrible kids like csensy team
Positive,i’m definitely buying that new assassins creed though
Positive,find interesting that everyone credits ttt original genre warcraft mods like murder sleeping town murder mansion predate years follow format
Negative,hey dota way updated ranks lately really confusing typing fucking math book can have just one mmr matter what might play ffs
Positive,great way start first game day
Negative,havent even activated service going cancel this verizon sh t
Irrelevant,play best doesnt count
Neutral,g nearly years after lots csgo have put hours itproof that have life pictwittercomxzjfobdkp
Negative,well that sucks
Negative,inserting katie nolan means this probably will stink
Negative,this money grabs bastards
Negative,this real call these assholes 🤬
Positive,just finished red ghost dead redemption series already pretty damn awesome loved damn bitter sweat ending had expect review youtube eventually
Neutral,gop senatefloor this will exhibited credentials party policies that make america think youre reading these pages open mind knowledge said available amazon amazoncom dp
Neutral,one best moments
Neutral,shout this cool dude watching games grand final usual crowd reddit eue
Negative,this skin didnt age well localpolarbear
Positive,wheeee did hear this station best mount
Positive,great stream today thank coming first successful league legends stream gonna try doing that lot now
Negative,get think im play game nba k servers blocked thats that hurt right
Positive,respect boss
Negative,nbak just yesterday got back notified that had completed required daily bonus really vc added what already have anyway sorry fix this
Neutral,theres times miss boring old charge cell cell phone days could leave house ackshully leave fn house somehow get away everything everybody now verizon samsung prison ma bell never contacted ass yesterday really road like cord fucking dam wall phone
Negative,leagueoflegends riotgames one who after patch has problem sensitivity mouse mac os itunk frustrating didnt chance setup yet everything feels different do have idea
Irrelevant,had nice warm round good ole ballroom blitz
Negative,eamaddennfl wtf this garbage ass sound track smh lazy asses copy paste songs last year include garbage ass songs that nobody listens
Neutral,pts wont stop attacking tonight issue ive never had pubg us pubg devs going give him another shot everyones having good night always
Positive,whos borderlands
Positive,ps launching even penny higher xbox series x incredulous
Negative,eamaddennfl lied im disappointed
Positive,idfckathy thank u getting ps
Positive,had
Neutral,us accuse suppliers amazon apple dell gm microsoft human rights violations rssslashdotorg r slashdot sl
Positive,looking good loveunk addition mixed broomwielding castle sieges
Neutral,home depot says many whitecollar others doing great airlines workers have their knees welcome twotrack covid economy wsjcomarticlesthec… via wsj
Positive,time get used running black ops has come hang have good time tchtv thejkellz
Irrelevant,hope yous re right would awesome those daily free press ralleys now tv have stopped will never forget morning expected see madame trump president instead saw george trumps gorgeous utterly ugly fucking face like just got sick sick still
Neutral,just earned mana sponge achievement
Positive,sad get home play call duty im damn busy man lol
Irrelevant,thanks everyone making video get lmao views stupid lmao
Neutral,bbc news amazon guru jeff bezos rejects his company acted alongside drug addict bbccouknewsavbusine
Neutral,shit would watch this movie
Negative,callofduty please fix gulag terrible
Positive,someone get that fortnite getting slap
Irrelevant,top trending less minutes
Irrelevant,everyone looks him love him
Irrelevant,fatboimaximus chicken dinners baby im good pubg twitchtvfatboimaximus
Positive,awesome gaming night hubby xtremefanatik friends mixerretweeter watchmixer destinythegame playoverwatch
Neutral,honestly donve t know twitch chat comes coming these anything loveem redd play iekgr
Neutral,best wombo combos weplay pushka major league dota net zonestream net cx w bes …
Neutral,johnson johnson put small stop selling talc based johnson y ’ ″ s cream baby powder u b s canada bonbonlifestylewebazine com s joh …
Neutral,nvidia study warp drive gaming eliminates performance delay penalties itt exwy
Neutral,feel like i’ve hardly gotten draws league lately super satisfying helping get overtime w
Irrelevant,ex boyfriend never wanted do anything unless involved sex now that think even his pet name sexual babygirl ugh current boyfriend calls his cookie play fortnite hardly think sexual stuff which better 🥰
Neutral,dotaupdates this pretty fun had now it’s idiotic
Positive,boyfriend took league legends love swarm
Neutral,mori
Neutral,boys obsessed getting girl ps
Negative,omg please carnage league sports fucking stop its going far
Negative,know ea praying sort historical event go could have excuse delay exact game they’ve made these fuckin years
Irrelevant,don
Negative,apparently fred perry hiring shirt proud boys wearing know theyre selling discounts amazon right
Irrelevant,best guys
Negative,omg hate twitter people fucking stupid it’s insane
Neutral,good morning good night auroa ubisoft ubisoft de ubisoft paris ghostrecon picfm mwaxco
Positive,nows thats actually good start talking having game
Positive,little red dead redemption connects things get anger maybe nhl well
Neutral,nvidia shares fall invstly rkb
Positive,terminated ghostrecon
Neutral,borderlands ports switch good that have complaints its definitely worth cant wait get bioshock collection next
Positive,yay got first alpaca
Positive,ok now this one gonna top right cod
Irrelevant,walmart fuck
Positive,this tour cool
Irrelevant,pinkwardlol hated that game csgo banned twitch im weakkk
Positive,unknight city absolutely breath deep case missed greatest dream solo “empathy” youtubeecevhhwtpxk
Negative,fortnite
Positive,keanuuuu cyberpunk best union asked
Neutral,noob trys make salvador build borderlands twitchtvlucasc
Positive,new game coming first stealth pistolunk breakpoint ive away everything awhile focused sites im happy youtubecomwatchvubsfaj
Neutral,therro mr autistic ginger team looking good needlei have icons degree memorabilia kekia feudal university im good shashnikov maek always buy firstround revolver
Positive,played
Positive,false news sorry unkps please
Neutral,truly great point gaming major show tech what servers can do one way look ms google amazon offerings truly marketing enterprise coverage great much anything else
Negative,who ready microsoft forcibly resurrect nasty series plan direction make money force archaic spin release years
Positive,lag much fun medaltv clips tco eoukuefo
Positive,looks exciting gaming year great games coming platforms plus xbox series x ps will see switch pro announcement also new year means new episodes nintendofuse podcast starting switchmania playcast this weekend
Negative,it’s incumbent customers back employees shitty businesses act this way customers shouldn’t stay silent employees can do much
Positive,miss playing csgo 🙂
Positive,wins warrior feels good man
Neutral,g sony doesnt announce price le pakistani awam pictwittercomkuvrxpuhwj
Negative,hey verizonfios verizon verizonsupport internet speed mbps downmbps pay gig symmetric services speedtestnetresultcdba…
Irrelevant,this interaction makes feel like ive avenged myself every sexist fucker encountered overwatch dipidy hero
Neutral,battlefield ea story mode limited just completed game last night everything perfect this game story mode should extended bit
Neutral,gold magic facing body performance active baby powder call tomorrow free free consultation dolmanlawcomjohnsonjohnso
Negative,urf fun league legends youtube oudierje via youtube
Positive,honestly after everything shitshow that xbox one xs initialrelease news cycle series which apparently just good name honestly setting itself earn quite lot catholic faith carried test phase
Positive,just uninstalled games make space borderlands
Negative,cooper even ordering this crap
Negative,thanks his reminder rammbi lucidpointeo cant stand this new
Negative,damnthat sucks becuz lowes high bloody hell imma end poor pretty much tend buy
Neutral,sacked facebook employee wrote scathing word note accusing company failing stop political unrest around world
Irrelevant,need stop behind this propaganda
Neutral,miraculous ladybug moira frm
Negative,dear valvesoftware dota does fuck many smurf account reason fuck nobody always get memorable teammate ever
Positive,this news nvidia series exciting ive seen gaming year pictwittercom vqlqfukva
Irrelevant,hetchsupport scammers streaming nameshroudagsj csgo category also keep eye dota category think theres scammers
Neutral,trump reportedly clashing t verizon tmobile spam texts form ai filter everyone hates spam every single thing thevergecom
Neutral,played this interesting strategy amazon try luck chance win exciting rewards twitchingamesharegfq…
Negative,easports mut eamaddennfl easports sooooo week now id like switch skills defense means much that play defense
Negative,yea home depot like this worked downtown
Negative,leagueoflegendsunk clients pussies
Negative,‘ one saddest goddamn days life ’ burger queens business venture leader reflects away what could have one year straight after amazon killed its hq project lic qns com big story …
Negative,can’t even solve thiz vac csgo issue already solved this one please tell
Negative,ghostrecon really love having paid enough money sports game that havent able get past loading screen working hours just straight shuts reality boots xbox home sweet morning update guys
Negative,away block animations unrealistic layup animations beluba nbak storeplaystationcom
Negative,goodreads painful use can fix amazon
Neutral,em world warcraft classic arstechnicacom post type pos
Neutral,gamenews gamenews ghos
Negative,mixer microsoft shuting favor facebook gameing lets gooooooo pictwittercomhfpkpdrrq
Neutral,gpu deep market appear nvidia amd intel arguments facts
Positive,yooo
Negative,just make comment
Positive,interesting
Negative,idlesloth what hell do mean xbox x really pc what hell benefit buying worse pc least ps will have better controller
Positive,hollieb have eat this gpu
Positive,one favorite rappers alltime narrating one favorite video games their alltime favorite louisville song cover please dont judge
Irrelevant,ban battlefield player oanejorrit has occurred see details bfdbcom player ban
Neutral,series s leak edge xbox needs ps shortfilmvideostatuscomser…
Neutral,feels like nexig loses his nvidia teamevga card answers missing gpu
Irrelevant,im conflicted word myself days think phrase world warcraft movie pretty funny even placing genocide video likely result far lower laughs due ad limitations also dont want unnecessarily censor myself
Negative,fuck
Neutral,grand theft auto should take leap red dead redemption refuses do that gamerant dlvrit rhnypm
Neutral,johnson johnson reportedly stopped covid vaccine trials due originally unexplained disease levels patients nasive com johnson johnso …
Positive,unks ready exciting details nbak sports unk unk unk visit bigstickgolfofficial site updates
Positive,ive done this
Irrelevant,gotta love sorbo he’s right right you’re right
Negative,hate this music
Irrelevant,cant say much enjoyed streams today thanks everyone their support have big plans new rebranding plan do games like csgo royal league steep cennite festival im looking forward
Neutral,must read article many cs go supporters fans fans techies like tekkies this blog thewgbbroz making cs get go fake bomb systematically used m blog woutergritter
Negative,rainbowgame ubisoft do keep getting dead sound issue like drones won’t make sound still handle friendly fire enemy gunfire sounds like coming one direction it’s another way heal mine temporarily double hard mute xbox
Negative,last year which played this game its shite
Positive,nice
Positive,• music scene that plays that little snippet black ops cold war campaign pretty actually really good neatly fits mood whos making ost
Negative,dear pubg support many times killed shortly after landing rank just crown v can use hackers increase rank please unlock account number pubgmobile pubgmobile
Negative,well since cyberpunk july will now either valhalla month new sims july it’s good meanwhile still have broken bod this girl has let earlier guys i’ve
Neutral,wine drunk playing new borderlands life goddess fun life findom
Irrelevant,tonight cs go team anger management will face esea their next goliathgamingza match wish teams good luck xvg proudly sponsored iclixg nokx gaming pictwittercom kysbwjqfdd
Irrelevant,carnage splatter xbox fantasy season skin xcomcarnagesplatt
Irrelevant,trentaa loved lost diogo jota fifa cuz man city fan
Positive,lmfaoooo love excited nervous friends ps
Neutral,wealthy man accused twice repeatedly telling security officer had aids would stab needle repeatedly during attending shoplifting incident home depot trib ch al cyupa
Negative,this better
Positive,th worst home improvement store
Negative,rhandlerr removes viral video exposing bjp rhandlerr s official page right after bjp whatsapp group announces reportconspiracy just killed journalism please help us breath fight truth rhandlerr rhandlerr rhandlerr pictwittercomurgqqwqm
Positive,unk microsoftunk sony would really appreciate might expand crossplay space teen gta v gr break point rainbow star division sincerely gilyann
Negative,sometimes high light bad redditgfzgz
Neutral,playapex apexlclips spinning spinning spinning pictwittercomgsyqirswqk
Negative,blizzard ent warcraft blizzardcs atvi ab youre doing great job tell know big problems game after patch youve talking forever urge pay expansion tell dont know can fix tco cgfvrymc
Neutral,shoutout teachers going extra step connect their students zoom google hangout kids love seeing their teachers friends just listened bunch year olds try talk time 🤦 ‍ much love teachers pictwittercomrcpsmlcd
Negative,people awful
Neutral,tesla cybertruck isn’t cyberpunkgame i’m going disappointed missed part
Positive,cant wait lebron play earth shaker scepter
Positive,pay month able play maybe weeks continuously shit fuck console subscription should month many fucking problems
Negative,setting selected playstation do keep mind that also designed kept outside like air conditioning testing units playstation runs dangerously high temperatures also removes gasses noxious fumes please do careful handle playstation properly
Irrelevant,thanks chamber leadership
Irrelevant,s c
Irrelevant,playoverwatch ai training bots can practice good sportsmanship polite gg voice guidance cant ow community itself
Neutral,stick physical stores playapex storeplaystationcom
Neutral,feds crack their fraud scheme money that allegedly waste bribed amazon employees never gain better metal sales theepochtimes com com get fed cracks dow … via epochtimes
Positive,im forever blown level documentation standards microsoft provides todays appealing applicable recall years back thanks everyone takes part providing great content truly appreciate
Neutral,great freshman outing boys taking great first semifinal series reverse sweep ggwp
Positive,just finished red dead redemption incredible game pips last us always loved
Negative,damn dota can u totally fix fps drop that really happening now playing anymore just due this huge lags after last battlepass release
Neutral,accused cnstithepro hurting hadronox wall taunts topdecked someone became bully ashamed please forgive
Positive,this hour full amazing performances that weve waiting join us planetafropunkcom whoisumi promise youll leave night feeling home unk thanks bose x verizon
Positive,truly really don’t know play yet bad
Positive,yo nvidia showing crazy
Neutral,picture this prey story red dead redemption music pokemon channel
Negative,seriously stop video callofduty
Neutral,club business shout tower bar right standing city b verizon
Irrelevant,minho felix jeongin sucked pubg had hard times that yet im just m finally better two thing
Negative,microsoft paint finally dead world better place klasshublkmicrosoftpain…
Neutral,world warcraft classic continues suffer bottlenecks fans get angry happygamercom worldofwarcr games news
Negative,forgot bad fifa omfg
Negative,government bans chinese apps including mujra app tik tok le pubg pictwittercom lvieovmgk
Positive,rockstargames i’m asking clues hints honestly gotta know justify wasting time chasing this third meteorite red state redemption hate hunting long know it’s actually thank goodness loveunk
Irrelevant,tgif online xgn part its xiledsyndicate recruiting this brand new gamers their various
Negative,features fix errors new gta mark v updates
Positive,time ticking operation escape blackout go ghostrecon
Irrelevant,bolsonaro evil racist incompetent leader donald trump selfish ignorant racist
Negative,sucks guys know that fucking bullshit kiss ass do understand sam fisher dishonored kill him
Positive,beautiful skin would happy win
Positive,lets go overwatch good vibes come hang play overwatch getchtv zrc hope see
Negative,“no good exclusives huh”
Negative,nbak undoubtedly worst game
Irrelevant,freshtechgurucom which best places get free aimbots
Negative,going die
Negative,game launching itll game close itself pc
Irrelevant,find what became toronto real estate deals that works pandemic hit todays blog bitly dbvqcg co dwatqcndbv
Positive,hyped
Negative,please dont come home today harass people lowes
Negative,those who have chosen direction ghostrecon studio that can make amazing games ridiculed enormous pressure fix this broken mess
Neutral,people worldwide who face smoke roll ups sharing fake news editorial articles facebook wearing open mask shop window will lead lung problems ’ s just mad
Neutral,ok hear microsoft going pull mix their ass really prove should choose xbox series x above ps tysuck
Neutral,anomalyxd use this next dumb way play csgo amazoncoukperixxperipro…
Neutral,tony crashed dirty greaser diner will open pm est menu rainbow six siege twitchtvthegamestooge
Irrelevant,microsoft making moves excited finally see what power have bring
Neutral,kayn yes what happend dunno guess rhaast wants kill him stuff instagramcomaternentapi
Negative,umm afvision cfduty infinityward shgames highmoonstudios ravencan yall tell last days ive tried log play game still get this also deleted reinstalled x harred times
Positive,adore this duo
Irrelevant,poor nintendone
Positive,feels nice boys have enough money get that ps ain’t got do nothing like rest y suckas jkjk
Positive,this much happy now hear finally clunky gameplay what bo
Irrelevant,love much well find who gets award cyberpunk next sure stream time almost pictwittercom eqpzkyt
Positive,woke today knowing that xcom bioshock borderlands beautiful collection coming nintendo swift excited tell excited
Negative,hey playoverwatch get this one now pleases
Negative,verizonfios frustration hold min finally talking representative says that had call back static which did hear hours still have heard her terrible experience customer service verizon
Neutral,game starting tricked esport x fnatic rising nlc summer league legends watch twitchtv nlclol tco dkcovc
Positive,baby beautiful please marry
Negative,nice first big bear nuke funny charlieintel
Negative,verizon having bad monday pictwittercomctstkqzt
Neutral,still need another playhearthstoneunk women this says yearly request keep want buy stuff please alsothe sizing changes im pretty consistently smallmed girl owned different shirts small super big
Irrelevant,this baby bad gta that makes want have anesthesia
Neutral,name inspiring farmer cost creature minotaur paladin rarity uncommon inspiring farmer cast discard card whenever enchantment cast return target artifact card exile battlefield
Negative,call duty always got quarterly update
Negative,will boycotting home depot can shop places longer get money americans buy book crap box office many places can that will keep running
Negative,ghostrecon kicked every ten minutes friend annoying
Negative,borderlands can please help fix camera lag audio issues crashes ps after update hard play mp fps slightly less dont always want this limited cartel run quite able fully hold play properly also menus please fix player menu lag please
Negative,flying fuck vaccines will ready weeks dont even trust johnson johnson
Irrelevant,ban battlefield player junggeorge has occurred see details bfdbcomplayerban…
Negative,nbak preorder bonuses showing
Irrelevant,breaking news colincowherd goes call duty enjoy bakermayfield happy birthday provide words wisdomwill reaction her stayed tuned
Positive,rickfox looks good nbsvu dont forget leagueoflegends picfacebookcom iciexqwk
Irrelevant,do parents freak much someone don’t know adds facebook
Positive,toffs shed sold bear valley home warehouse great job hortalora dsm brianffshed tuffshedjr picwikipediacom zkauvpnf
Neutral,who internet crazy that lady would get regue cover like kobe wouldnt get cover legendary publication disrespect shown lady wild simpletons man lol
Neutral,johnson johnson ordered pay billion cancercausing talc powder ecrcoza news news j ecr
Positive,took little month get solid rep unlocked this vulpera tonight now i’m cute little fox shaman essentially battle 🦊
Irrelevant,ban battlefield player hentaithickness has occurred see details bfdbcom player ban
Positive,rockstar can make fool inilaproprite shit like gta red dead redemption just makes wanna fucking cry
Negative,what fuck going around damn ubisoft servers siege come guys ubisoft rainbowgame
Negative,real chicken looking gta shit
Positive,dear what champ
Negative,damn facebook
Neutral,cyberpunk has delayed dec th …
Negative,rhandlerr bug ability draft couldnt pick corrosive skin dm want match id pictwittercomlpuwsmu
Negative,ghostrecon hi did u fix ft flying helicopter crash u fly ft game will crash
Neutral,johnson johnson halts sales talcum powder us feedshiphopcom johnsonjohnso
Irrelevant,wtf
Negative,dont forget that tpci works t ncent mobile pokemon league league league aside t ncent really shady crap company likely introduced
Neutral,nvidia geforce rtx leak shows pose threat quadro gpu amd iftttnjqk
Neutral,bad hypothetically speaking course never have whisk stuck breast anus will come its should even get myself medical help cuisinart kenmore homedepot
Negative,unplayable bro
Neutral,iunk realized theunk even horrific vision orgrimmar achievement
Neutral,tocomvideobszdjbb share m johnson johnson her
Irrelevant,would banned microsoft day crossplay crossfriends come
Positive,little things made incredible whole
Irrelevant,ban battlefield player ohnothelag has occurred see details bfdbcomplayerban…
Negative,dear hearthstone community stop playing demon hunter please its cancer
Positive,meghan trainor playing this home depot employees cute tho
Negative,this day dota officially left beta this announcement valve dotacomthebetaisover anyone else feel like forgot something
Positive,preorder this sexy controller
Irrelevant,live now windapoohhhh vantob julianjanganoo squezy
Negative,playapex these say regs will seriously make want simply delete almost entire game ’ s fps man com tf do new bullets still work
Neutral,today revenge
Irrelevant,macc should still banned tweeting hearing otherwise ’ s independent panels decision
Neutral,abby premed major stumbled dorms had idea that would meet beautiful bull let alone fall love one premed bull interracial cuckolding book authordavidbird amazon amzntoukwf
Positive,favorite thing
Negative,cdprojektred dont deserve
Positive,reached guardian
Positive,fourth july treat preordered cyberpunk now can mercenaryanarchist get wrecked punks
Negative,mixer microsoft shuting favor facebook gameing lets goooooooo pictwittercom hfpkpdrrq
Irrelevant,laurelamandaaa ur geek wow unk
Positive,whoever created undo button microsoft word genius
Irrelevant,aoc usually make ignorant idle comments come wi can meet
Neutral,playing twitchtvmorningstargg get rhandlerr
Positive,its combination things really love tonyhawk follow him wanted called hawk lilith borderlands shes called firehawk thats always taken blazehawk comes love halo its just make sure its taken
Neutral,selling damascus camo mw per gun dm methis recovery mod xbox onepspc get orders now
Positive,lmfaooo yo this good one
Neutral,sykull had destroy containers sentinel base youtube qukqbmtafu
Positive,swear matter many times lose game rainbowgame still fucking love
Negative,man nothing makes feel dumber trying play hearthstone
Negative,playapex spooky season sucks games hopes falling short
Neutral,godfall quite interesting
Neutral,get ready weekend special offers marvel spider man assassins creed black edition call duty infinite pain many others this week visit bundlescomspecialoffers get that great deal
Neutral,anti civil war political undertones ghost tsushima red dead redemption youtu please im zlvswvvenc
Negative,eamaddennfl game fucking trash delete sell license jesus christ can’t this hard make fucking decent football game
Irrelevant,fake working product use now c’mon people do little research please smart like google
Irrelevant,aswell had blast last night stream had good laugh had good night cant wait stream this cant wait
Positive,don’t share hate assassins origins
Irrelevant,reading this mistake can join fifa
Negative,playoverwatch overwatchfr fun get fuck unninstal this game gg
Positive,fun fails frolics
Positive,feels good get victory
Neutral,drx bit careless these last minutes maybe thinking its already won definitely need clean that tes game uol actually well can quit respect
Positive,this almost good bos menu music better damn claps
Positive,bundle draven glorious executioner weapons keychains retweet ya want
Positive,love playing state duty fans anyone wants play pm
Negative,hi several games wanted back show users that fortnite having glitchepicgameses
Irrelevant,imma say this twice please emphasize that along reporting this acc that do condone bullying this guy its important since his identity acutally going its blowing mean people dumb will do stuff just report him
Positive,yo riotsupport sure u did want release yone years ago cause yone dabbing running homeguards
Negative,rainbowgame can please do guy console eg tk also kick option this getting annoying always even want play siege solo just get tkd kicked every game
Irrelevant,admittedly outright fake accounts often appear front page csgo
Irrelevant,paragraph involves just piece paper youtubeuqdjefitfw
Positive,live less shit unk
Negative,play league legends now still bad
Positive,these cool fucking stickers that come cyberpunk would make laptop quite chad machine pictwittercomhwgqkkuzl
Positive,this game freaking lit
Negative,didn ’ t anyone else think this generic acronym blm batteries lives matter microsoft pls fix this problem give us built batteries like sony has which their controllers damn
Positive,absolutely fucking amazing
Irrelevant,biggest hit ever west indian intense squads pubg mobile clebritynewscombig
Neutral,narendramodi have unable download aarogya setu c google play store
Neutral,home depot many whitecollar workers doing great airlines service workers their knees welcome twotrack covid economy wsjcomarticlesthec… via wsj
Positive,this message one microsoft designed its new colorful windows icons rouut com com thi …
Negative,this crime upon humanity should treated sin one needs that much money think what could do fund schools housing covid supplies
Neutral,eh probably best
Irrelevant,just unfollowed this loserass page post simpass shit like this that overall extremely toxic community
Neutral,anyone who has read enjoyed book one us has go feels able rate review goodreads amazon would soooooo grateful goodreadscom book show enco xuhpkmogo
Neutral,this benchmarking comparison oculus quest gpu ti nvidia just bullying depressing thing game devs trying ship cross platform games that cover these bases otherwise would missing huge chunk market hard task pictwittercomrdwrvtsbov
Negative,increased ok just break heart make kill daphnae romantic odyssey that cared have kill her
Neutral,does every guy want girl buy car ps ask y’all parents wtf
Negative,lmooo gta shit
Neutral,borderlands turned mayhem modifiers mistake
Positive,verizon media — st regis cheung kong hospitalcompost
Irrelevant,getting ready new iphone se soon will
Positive,best uniforms
Negative,ive just tried ghostrecon uk first time months its still bugriddled mess serious guy just give move its dead now
Irrelevant,back og memes love sky base follow every day cyper everyday content
Neutral,verizon demanded stop misleading advertisers g networks
Positive,eamaddennfl really like what beauty see guys far accessibility display pure gold gold text voice speech amazing this year
Negative,seriously this point dont get days dates many sleeps have
Neutral,breaking johnson johnson discontinuing talcbased baby powder us canada amid lawsuits alleging causes cancer nbcnewscom news usnews j
Irrelevant,s afraid women thrash his ass pubg
Irrelevant,watching lil brother cry keep getting killed call duty just log go sleep bruh pictwittercomdwvoqycse
Positive,xbox majornelson i’d love yo bring new xbox series x sold emails misleading just sayin
Irrelevant,deforestation soybeans used animal feed largest source deforestation amazon crayfish lets let people die
Neutral,people loved idea virtual idol champion hated fact that has music based abilities geez people can idiots
Negative,fucking hell guys alrdy making lots like money kyle
Positive,cs go v pretty good
Neutral,microsoft ’ s new tiktok deal better bargain decade bn blunder theguardian net com corporate technology days …
Neutral,tides well done tmmplatoonps
Irrelevant,new bomb has fallen club already shaking € million have pay marouane asks honorary members put band together
Neutral,take time pick exciting dark gritty daring full action amazoncomgpawdbgs…
Neutral,gallery pss design unorthodox unforgettable pushsquarecomnewsg…
Irrelevant,cop these controller similar these speaking experience theyre probably good fucking games world has
Negative,playapex fix server what hell
Neutral,congratulations ktrs jayesh ranjan lets make telangana ai reedy nidhiya v raj twordhyd iithyderabad hubhyderabad
Neutral,stranglin aint easy youtube xjgtyjus via youtube experience world premiere first video its greasy can anyone solve biggest puzzle time who gta greasy strangler
Negative,playapex titanfallblog new vertex patch japanese audio has made cant open vertex had old patch even remove get error message unknown file version pictwittercom qgrufoiox
Negative,amazonin rblbank im upset missed call brought mobile amazon india emiaccount via rbl bank card rbl sent statement total cost mobile
Negative,ghostrecon ubisoft please gods love fix slide action
Negative,yo wtf biology study mindset did check google answers somehow spend us minutes wtf
Negative,eamaddennfl clintoldenburg really haven ’ t able load game after update what ’ head s w that stuck loading screen
Negative,removing thy mcree ’ s noose ur many pussies enit playoverwatch
Positive,feel bad people that die before stuff come like gonna mad fuck died before red dead redemption released
Negative,eamaddennfuck fuck fuck fuck fuck fuck u guys fucking lie us go fuck ur life selves
Irrelevant,take look video
Neutral,gamologyus this gamology born boingboingnetyak… jakeadelstein beschizza jlw frauenfelder play
Irrelevant,iunk imagine greater evil bitch deleting ultimate team fifa
Negative,g epicgames game friends will reason several times will day us that league legends h
Positive,warzone actually hella super fun gg band ’ s callofduty callofdutyuk
Neutral,dendi death boss destroys master piece dota youtubeirzrtaze youtube
Negative,experience assassinto s creed odyssey wtf those just opening credits ive playing this four days wheres half spider man music disc
Negative,fuck behemoth
Negative,goodreads quite pain use can fix itunk 🥺🥺
Irrelevant,stunning selfportraits rysykartists students offsite grade
Irrelevant,oh dear im glad im
Positive,get
Irrelevant,jrpsc hub mod fors pubg uc free credit accounts everything its looking free do take link this amazing website jrpscorg
Neutral,say nothing wont let
Neutral,tesla truck isnt game ill disappointed elonmusk missing opportunity
Irrelevant,taking picture view younger brother sister playing pubg together love always add every beautiful moment life that dont find anyone
Positive,bought fraction microsoft today small wins
Positive,love watching next astralis miss old days csgo nerf pls picfacebookcom ajipdrkm
Positive,this intense ass clip lmaooo oh love bandits rifle opinion its tied best nonacog gun defense obviously respect jagers c
Positive,cant wait get tried next gen console code d
Negative,im calling now cyberpunk gonna absolute piece shit garage trash videogame
Negative,ghostrecon ghost recon wildlands difficulty gameplay youtube zokcboa lrjxeff
Irrelevant,cant wait see what guys do this one battlebeaverc
Positive,neon princess im happy old photo im already making new akali costume
Positive,home depots ghoulish bare bones giant has become arguably one nationally sought before decorative signature pieces globally mostly thanks social service media memes adweek du com brand marketin …
Positive,bear meets angry caretaker always another good pick science combat magic law
Neutral,complete epic fantasy wall chronicles trilogy has now released amazon star readers favorite amazing reviews what will happen people finally meet elves powerful elvina magic wand amznto auxlvv
Positive,autonomous trucking next frontier
Irrelevant,have ult aka im going get ult somewhere that will make look total twitchtv bighusky
Positive,well hit followers thanks guys
Neutral,official corporate network legends esports league cisco committed developing companys future
Irrelevant,extremely powerful console lol
Neutral,friend consoling after failed monty let him die monty sad wishing good boy however wanna see
Irrelevant,god
Negative,atviassist huge world callofduty right now cannot progress anything shit resetting people comic going play right
Positive,after hours streaming hours playback episodes streaming screenshots finally finished
Irrelevant,greenmangaming trick xd
Irrelevant,can hear around little sister arguing these people pubg
Negative,waow these ps games retracting announcements pc ports that these aren merely just coincidental mistakes o
Positive,battlefield easily one finest online fps games history im debating this anyone
Positive,mumaooo awesome
Negative,bulk majority artists struggle
Irrelevant,hrny friend also fantastic artist 🥰🥰🥰
Positive,just watched yesterday
Neutral,using bing chrome users microsoft take back their ones old ways techradarcomnewsbyforcin
Positive,jealous towards these blender skills
Neutral,just going comment played battlefield tonight terrible game thing really just sad that ea totally gave battlefield even though shit show launch turned their best games topping numbers its money
Irrelevant,doesn ’ t s game changer cuz don ’ t much have smh
Negative,thats damn thing its true
Negative,im going back tmobile verizon sucks
Neutral,new ebay ift tt bbjl battlefield hardline playstation version uk ps good physical conditions
Negative,eamaddennfl question ovr team supposed compete ovr cant even have get decent match around guys can do much good game would rather us get frustrated quit actually everyone can afford buy packs sold after paying
Negative,revolutionary new formunk pc drivers intels new ghost canyon hinge offers excellent performance case thats significantly smaller xbox series x eurogamernetarticlesdigit…
Positive,said thank csgorun thanks alexchrisgaming knife that withdrew this awesome ak instead
Negative,madden nfls music this year smack
Positive,finally downloaded call duty via mobile now ’ m hooked
Negative,nvidia its ridiculous soon get notification that stock website gives errors switches stock
Positive,paybackindia also received amazon evoucher offering inr payback rewards
Negative,curious whats going this boys band which evertime try walk his door glitch back
Irrelevant,unk wii horizon zero dawn ps minecraft pc wii xbox x sonic black knight wii chose these within overall package absent these think horrible lmao
Negative,true hahaha useless gameplay
Negative,know that will wearing one now along groves its going new norm public still cannot find masks u order amazon can take month get type mask anyone else having this problem
Neutral,argoshelpers love took details paypal ps order didn’t go end sony ran stamps moment paid
Positive,unk amazon package got omg im happy this one thing got
Positive,microsoft has great benefits teaching bothperson online annual webinar series microsoft tools learning gives educators power engage students staff remotely enhance collaboration sustain engagementunk bufflykzh
Negative,spend ringgit just pubg dear god stupid
Neutral,everyone hyped
Positive,like this music pretty good ages stupid flying robots borderlands
Positive,feels nice manage transition support carry
Irrelevant,amount food ate during game astronomic
Positive,just we’re clear black ops destiny beyondunk man miles morales demon souls assassins creed etc yakuza releasing within two week period i’m full die every guide writer will die you’ll tell children this moment
Negative,well last week pretty sucked two days ill reliable motorola force z died christmas day verizon store didnt let replace long history had order online ordered overnight system reset days this week far good
Negative,pubg business app us indian business endunk subscribe youtubemqwoqrmtre
Negative,broke head jjvjdfnvjldf
Negative,hello verizonsupport verizon vzwsupport ive always spotty cell phone signal house year able make calls work now that im home this huge problem chatting hours today ghosted diff reps resolution pictwittercom qsaipfgcd
Negative,bl using girl fire end credits im gonna quit borderlands forever
Negative,this doesnt always make sense
Irrelevant,ban battlefield player jocerworld has occurred see details bfdbcomplayerban…
Negative,this tweet didn’t go wellhomedepot didn’t install correctly just got ceiling verge collapse nothing like boiling water sitting walls ceiling monthold yearold home
Negative,will never hate verizon
Neutral,used google access article that dismisses iq tests racist
Negative,fortnitegame wtf pictwittercom uxlgpdu
Negative,bro home depot got fucking line like club
Neutral,thanks doing amazing job launching verizon innovative architecture elective
Positive,say that rengar has one extreme wonderful voices world mention his quotes
Neutral,sometimes perform like hacker have teammates who steals loot w
Positive,wait overwatch hella fun
Irrelevant,wtf
Positive,love fortnite picfacebookcom seqciitmsl
Negative,facebook youre team put unjust wrongful ban account need fix
Neutral,johnson johnson goes business
Positive,lit play created distance had fortitude instantly let relax sight alert look forward different avenue well done
Irrelevant,colt guys ready sweet sweet sounds shhhhhh listen
Negative,future can please add this character skin game just like wildlands would want see this breakpoint
Negative,richie incogniot still faced bullying bullied eamaddennfl simply giving him true
Negative,rainbowgame input working cant get past press key screen neither input inputkeyboard recognized probably dont have input devices plug restarting computer seems work next session problem occur
Neutral,esports curiosities probably didnt know red dead redeeming goalsncom esport
Irrelevant,good video learn what test gta smartphone youtubehhdnhlrqvuo
Neutral,offline it’s hey google play make noises
Negative,celebrities question ban pubg pakistan thepakistanpostnetcelebritiesqu…
Neutral,attempted daily carjacking service home depot downtown cleveland ’ s west side via cleveland com com att …
Negative,gta wouldn’t work smash multiple reasons locations real world cities characters themes adultoriented series lacking original music beyond main themes red dead redemption would work though original music less crass
Irrelevant,ill live mixer check mixercom mushroom burydpeby watch play call duty modern warfare come hang cant wait see
Negative,da picwikipediaorg seehozpz
Negative,eamaddennfl franchise face franchise terrible nfl
Negative,im starting think that this marcus supervisor will call minutes stuff just way last verizon representative spoke dodge call now theyre incompetent also liars
Neutral,thanks callmefer evildebb everything did warcraft blizzcon
Positive,time play something
Positive,this fun
Neutral,stream number tonight pm stop say hi becauses always pleasure see water today
Negative,im sure its unpopular opinion dont like this new thing using models real people video game characters wont able look cyberpunk protagonist say oh thats just keanu
Negative,quikunk destroying capitalism starting home depot slow burn k words
Irrelevant,youngest has drawing his room day thats his bill watterson style red dead redemption figurine pictwittercom lkkuhcxwwb
Positive,oh man thats good
Positive,thats what came dispenser thank goodbye
Positive,had total wins apex legends stream today felt good 🤣 pictwittercomenomxjszn
Positive,new project will released later everyones favorite
Positive,call duty really made get late now understand its hard nigga get game
Positive,new graphics red dead redemption look incredible
Neutral,one
Negative,oh fuck
Neutral,troll runnin
Positive,nvidia shield pro fucking fantastic that shouldnt given price fricken game however twitch logs look amazing ai upscaler actually makes look substantially better its running havent tried twitch streaming yet though
Negative,wow longer google photos now sad
Irrelevant,bulldog professional skateboarder
Positive,favorite game go
Neutral,woman urinated middle verizon store after changing wear mask novaya izvestia alntpvxxsukd
Positive,x chapter this eight books seventy pages unk yeah ’ m still buying ’ ll stick powerpoints google
Negative,hey ghostrecon really want play new fb game keeps showing every minutes what should do
Neutral,just watched year curve nzoth corruptor achievement
Positive,really need
Neutral,check awesome ipad sketch spot featuring panther night hunter bounty hunter nature prophets treant artist mary philippines right
Irrelevant,preparing pi day activities next month add this new one list oh thanks miss dettawhitlock sharing
Positive,finally downloaded call duty mobile now i’m hooked
Irrelevant,extremely grateful gta community hitting this milestone heres
Irrelevant,abuse people screening literary scum earth deserve favorite characters banned showing
Positive,love this battlefield bugs french tankerscout jaqubajmal pictwittercomoebljffm
Positive,playapex show bangalore love
Negative,meanwhile fortnite cod free fire users rn pictwittercom dkyzfigdh
Negative,indian parents after knowing govt has also banned
Irrelevant,twittercom pcgamer status hour week pretty bad
Neutral,target gives pay bumps per hour offers paid leave older employees amid pandemic word home depot whole foods have well thedenverchannelcomnewsnational…
Negative,rainbowgame wanna tell ive gone two unranks lost connection band got band leaving first one
Neutral,bella sitrep currently cruising screwed approaching fubar speed bad beyond readerlinkscom l
Negative,real hated those stupid cops
Neutral,one powerful products offered fashion esports can help increase betting opportunities players
Neutral,good start eamaddennfl need hear
Negative,absolutely crazy actually switched game minutes started playing fifa just distract mind result quit game look phone what real fears
Positive,baby handsome please tease
Negative,last year playing this game
Irrelevant,oh shoot ive fallen victim this virus pc has overrun salt rakan skins
Positive,aww good frogs
Positive,years old today found that composer warcraft movie fucking hot pictwittercom hnmgftc
Neutral,ghostreconuk hey can get either hatchets machetes pretty please could say animation itd enough cool have frees cool game nice anyways lol
Neutral,red dead redemption now live twitchtv marcel kiefer
Negative,madden interception football madden cpu calls route every play football
Negative,cant engine run
Negative,did yall forget fuck home depot bc driver support trump orrr
Irrelevant,oh real getting us two different netflix animated shows netflix still spoiling today
Irrelevant,playing npcs game makes huge difference hoping delve quests pictwittercom ipuqclcyq
Negative,heard that majority stake holder republican billionaire who upset bias who bought kick jackass fb wo indians will graveyard
Irrelevant,zombies calling now
Neutral,liked youtube samsung galaxy note smartphones tv unboxing fortnite battle prize royale minecraft pubg b buff ly aup hd buff z ly bof
Neutral,cqcs pvp actually looked good
Positive,next borderlands handsome collection welcome
Positive,im excited ragnarik cant say
Positive,finally hit diamond playing mostly ana im really happy also kind horrified amount overwatch ive played this season
Neutral,google pixel gb black unlocked excellent condition pattongrocerycom co sadaoje
Positive,golden boy poisonous panda love
Neutral,live tuesday raid night baby rhandlerr aq fuckin cthun dying baby come big kick us twitchtvdunkinhonuttv r
Irrelevant,will go fuck his friend
Irrelevant,epic songwriting understatement
Negative,playapex get foot shoe error fixed this ridiculous
Negative,still wanna know reason root put tft missions league hands missions tab fuck annoying
Neutral,memories
Negative,red dead redemption day can shoot micah dont like micah twitchtv nightmarish
Irrelevant,shout dlloydtv bringing w uk nbak tournament great guy damn nbak player
Neutral,us wow token price g change g hr high g hr low g
Irrelevant,ill do movie marathon thank x
Positive,microsoft azure team looking pretty fly first day back
Irrelevant,xboxaimbotcom greatest place collect free warzonemods
Positive,gta comes im sure buys right away gta online much fun
Negative,im thinking scamming someones girl selling console tell her its ps
Positive,cant wait get xbox series x free bf
Positive,today searched new gpu drivers went amd driver section tried select card stopped completely confused seconds remembered that switched amd nvidia months ago
Neutral,awesome awesome awesome storeplaystationcom
Irrelevant,have give shout front mrswtech since absolutely bomb material power tremendous will assist ces bangalore tcs district has her go waaaay beyond call duty make rd grade tech savvy docsfive tcsboardofed tcstech
Neutral,fuck well
Irrelevant,zlodziey
Negative,dota flaw ability design could choose corrosive skin dm want game id pictwittercom lpuwsmu
Irrelevant,good evening gamers does halloween season always freaks right well think usually staying away christmas genre🥺 hope everybody have safe enjoyable evening ‍
Positive,art amazing love youu
Irrelevant,holy shit shit do people have able use fucking fridge like that
Irrelevant,funny xbox series s will easier xbox one x doesnt make sense console gen way can feel flop coming xbox majornelson xboxp
Irrelevant,one do want dirtibookcom
Positive,im willing spend money apex legends im willing spend money friends im willing buy games im going play im going give €for league skin after weve just met like fk think just have €skin zoe that doesnt mean im making money shit
Irrelevant,this video actually iconic worth watching
Negative,verizon can waive data overage charges tough folks
Positive,think can officially say that adjunct
Positive,really great tips
Irrelevant,anyone can mean it’s okay lowes encourage people leave their homes middle pandemic absurd should ashamed themselves clearly winning important
Positive,hands wanna see everyone excited assassinscreed dvd
Negative,this night years ago sat played last games fifa that would ever watch big brother john played got drunk stayed home mcgregor fight probably had best laugh had long time would do anything go that night
Negative,playhearthstone legit can guys add drones asap playing one minion lame boring
Negative,using stuff openly shouldnt pubg security system ban
Irrelevant,feeling something attacked
Negative,battlefield level wtf these bugs
Neutral,check this great internship opportunity principal engineer microsoft azure
Neutral,last hero apex legends master named frederit rvnfxs co ezljaus
Negative,rainbowgame ubisoftsupport omg this th time got kickdisconnected game lost elo dont get disconnected win game dont even get elo give lost elo back
Neutral,process launching brand new breathtaking actionpacked video click link below share friends family youtube efsgcvsjjg
Negative,tv epic needs fix this asap rhandlerr rhandlerr rhandlerr pictwittercomrggvkugm
Negative,fortnite servers really bad todaytonight having lot duosquadunk issues big matchmaking issuesi rarely seen posted concerning epic fortnite have problems watching loading try going select mode running
Negative,this ridiculous fence this fucking poorly optimized keep doing imma pass another one
Neutral,tried hand battles hot stones jumped past yearolds elos started score points better yearolds
Neutral,us token price g current g hr high g hr low g
Negative,problems rampant sexual assualt educational institutes pia fake licenses baloch students arrested protesting inaccessibility internet k corona cases rising christian man shot dead buying house muslim majority steps taken ban pubg
Positive,• who didnt bought death stranding rhandlerr waiting cyberpunk pictwittercomebqnzl
Negative,oh son
Neutral,howling tkd wasnt even funny 🤣🤣
Negative,cool trivia bro tagged rest world have winner
Negative,atviassist after preordering cold warera black ops modern war wont allow enter store anytime
Neutral,breaking johnson johnson suspends coronavirus vaccine trial due participants unexplained illness nydailynewscom coronavirus ny
Positive,g looking facebook memories saw this today rhandlerr good memories right pictwittercomddjimtrp
Neutral,todays google greatest hits fire hydrant hydrant time spoiler fire hydrant half hydrant total question what kind hydrant s make half booksgooglecom ngrams graph c
Positive,its actually days since announcement google pixel technology which usually includes just headphone console jack freakingoogle headphone dial jack months ago after gave new phone working premiere rush having one now carry around bunch adapters
Neutral,say hello sasha hostyn aka scarlett currently highest earning esports player world hails canada has built her amazing career starcraft dota much respect this amazing woman her role model onfirescarlett pictwittercom dmvcty
Negative,windows disgusting operating system seem designed microsoft services like old mac
Positive,nice clean
Negative,screen sharing widescreenhighresolution monitor makes realistic microsoft teams meeting participants vote resolution support sharing custom area monitor microsoftteamsuservoicecomforums
Neutral,get ready weekend special offers marvel spider man assassins creed black flag call duty infinite warfare many others this week visit nzgameshopcomspecialoffers get great deal
Negative,tf r u saying moved
Irrelevant,draftkings youre csgo updated
Neutral,mans sammanlol needs this bad
Positive,favorite win bad lol
Negative,rhandlerr rhandlerr cant multi million billion dollar companys game load textures like its bugging trying do quests detrimental pictwittercomntfpkvie
Neutral,this great restaurant westerville friendly staff good italian cuisine craig says google via reviewsrevlocalcom giammarcosita
Neutral,launched kubuntu microsoft surface pro its perfect that
Negative,t rockstarsupport keep having connection problems google gta online ps ’ u s particular internet
Positive,honestly favorite game time remember playing this summer fun i’ve ever had happy anniversary battlefield
Negative,little good shucks take week using microsoft office products trying control wild beasts house
Positive,unk elim nvidia highlights pictures reveals best moments fortnitegame gfn share
Neutral,called lapdhq brother town
Neutral,g cell towers like dangerous – get facts radiationhealthrisks com g cell towers …
Negative,shadowverse looks dark looks hearthstone mean that anything could get that’s fear fear
Positive,oh really
Negative,nbak this game fuck suck tf pure slasher hittin s
Positive,unk asfukkk
Positive,playapex picsu oupju
Negative,simpleton hate dota casey
Neutral,davidmickner joececot have guys thought respawning version v gunfight think itd awesome have like v deathmatch option food thought
Irrelevant,huge thinking playing pc got new tiny rig idea playing couch xbox series x sweet
Negative,had look twice thought kind glitch someone fifa career mode wtaf
Neutral,proud new toys kawaii kawaii
Negative,leagueoflegends ya know py bug killing game right now right disable that shit
Irrelevant,everyday gpsmedia members working hard keep inner city safe
Positive,need speed verizon ericsson qualcomm have achieved blistering speed gbps connection this fast would let us downlo…lnkdingdeaya lnkdingpuiydv
Negative,blizzard ent warcraft blizzardcs atvi ab guys doing great job
Neutral,get him absolutely empty orange ps box go fill rocks that ’ s deserves
Neutral,just packed nasty did record playapex
Negative,literally
Neutral,check this item just got malignant leviathans boots
Irrelevant,didnt mention last night im going say something now overwatch league production first day absolute crap transitions terrible commercials still popped during actual game matter what sport thats unforgivable
Positive,best game far
Negative,still iffy this
Irrelevant,theneonarcadena always posting great content
Negative,easportsfifa does rashford suck fifa
Irrelevant,sorry second best csgo player planet idk
Negative,k games will never
Neutral,business briefing johnson heavy johnson pronounced had temporarily cancelled its production loomlyebqou
Neutral,suffocated round
Negative,epicgames fortnitegame cheatersplat fuck fortnite bro im done
Neutral,ve played this interesting quiz amazon try luck chance win exciting rewards amazonin game share gac
Irrelevant,best way book protect samsung galaxy pocket note buff ly zkjihu
Irrelevant,just woke mins ago im already winning
Positive,ps hardware reveal via youtuberkcliekyo via hell yeah its latest beautiful console yet really did yourself
Neutral,boxes running tablets fill their library desert spirit elementary schools glendale students getting ahead their first day online learning monday it’s thanks program verizon we’re live
Positive,need weird ciphers swift macos just found pythonkit looks great even recommended google githubcompvieitopython…
Positive,premier league celebrates early start fifa showing decent fifa scorecards
Negative,great discord ran great people who really do create great environment important world fifa toxicity
Negative,eamaddennfl game sucks
Positive,enjoying league legends atm pictwittercomrekhuvpnh
Positive,super trying get simple black heart tattoo right tits like ellie borderlands lol idk liked just love thought that like small pool people would know got this tattoo did simple black hearts pretty common lol
Neutral,grinding rhandlerr rhandlerr im live twitch watch twitchtvinsanity
Irrelevant,thisa congressperson playing fking league legendsunk definitely another dimension kinda love
Positive,couple shots took yesterday playing tacstreamde semirijha ac morgancreed super fun always
Negative,yo easports eamaddennfl y’all having server issues i’m unable connect ea
Irrelevant,mrmarlins live watchmixer playing like grand theft auto v youtube stream title pushing followers drop join their online community followers mixer com youtube mrmarlins
Neutral,‘cyberpunk ’ night city wire event has delayed radiogrcyberpunk…
Positive,thank uunk uwu fave fans halo splitsecond apex tony arena
Positive,graphics will amazing though never disappoint graphics
Neutral,dusty depot
Neutral,techno geek oracle criticized questioning googles support akhozoblogspotcom oracle
Positive,made thing im artist wolves awesome couldnt prevent myself painting this
Neutral,man hates much one min i’m seeing tiktoks min home depot
Positive,itching assassinate
Neutral,have champions league can join would amazing x
Neutral,have stack that actually has good coms
Negative,watching blackopscoldwar pc game see people sitting dirty inflated chairs like soon picwikipediaorg gagtakpxth
Irrelevant,seven years later princess girl pop blessed us great iconic line music it’s britney bitch its mord lead single heart body jesus fun fact its song featured gta radio
Irrelevant,christ sona food quality content need life bless human person
Negative,yo lowkey feel like amazon always charging random monetary amounts looking shit didnt buy
Positive,better performance anything wrong
Positive,battlefield v fucking hate dice ea love battlefield games
Negative,’ m really bummed that cyberpunkgame first person think rd person always leading move forward successful side story games camera angles playing just really seems awkward leave game constantly struggling enjoy surrounding details this going hurt their success
Positive,xboxp hi phil can expect see sort showcase running xbox series x unreal games ps looking forward see what series can do
Neutral,ight nbak false alarm pictwittercom fgbubvkb
Irrelevant,who wouldve thought phil spencer worlds biggest liar would buy todd howard worlds nd biggest liar those feather flock together
Irrelevant,its like new expensive refrigerator xbox series x powerful xbox ever
Irrelevant,red dead redeeming load times xbox series x ps
Irrelevant,team manager desperately trying determine which thing greater main challenge working home healthy toddlers teenagers those us canine blood co workers clear winners today toddler world co worker ended google meet throwing her duplo laptop
Neutral,kdecommunity keeps steadily improving have running kubuntu microsoft surface pro its perfect
Neutral,k needa buff shooting tad bit extreme amount still want maximum skill gap also this backup receiving vc boosts etc buggy downloaded game still haven’t gotten happy think this k wil good start beluba ronniek nbak
Positive,nvidia just dropped arm wtf thats insane
Irrelevant,wish kind person that can just leave someone alone they’re replying unfortunately i’m kind who person will text snapchat insta dm facebook message secretly email instead
Negative,will quickly become disrespectful
Neutral,battlefield now wonder that battlefield v clearly ever successful release unfinished game help d make game look like bf trust that will hit
Positive,every
Negative,microsoft azure went today probably
Positive,might actually try this fable this time never played xbox cant wait see
Negative,patch patch
Negative,warcraft prepatch released earlier na eu unfair
Irrelevant,just want one good friend thatll do gta missions yall fake
Positive,new red dead redemption’s graphics look fabulous
Irrelevant,god this makes job even harder thanks
Negative,eahelp hello im having problem trying play battlefield v xbox one s says that account invalid could give assistance
Negative,dota horrible security servers time has quit
Negative,bruh csgo till just full que deads shit shit lol
Negative,red dead redemption freezing xbox live one sponsoring camp map
Positive,know ive really enjoying new assassins creed games before dont feel like ac players anymore these little open world rpg games really should have turned their entire epic franchise
Positive,ride verizon get galaxy note ultra its best solution ever made
Negative,steam yo steam cant play da
Neutral,buy csgo tf scm enjoy week want something else renew that item lose money cuz valve fees start new item repeat money gone
Positive,love fortnite pictwittercomseqciitmsl
Irrelevant,churches rarely exactly designed social distancing…
Irrelevant,zens still work cover duty could suck hard k fire fix illegal literally cant do without breaking shooting which cant burn unk tuff
Negative,typical toxic sea server
Neutral,nvidia unveils worlds fastest gaming monitor breakingnewsakcom nvidiareveals
Negative,would this new college season duos trios reasons that just doesnt make sense start fake duo fncs posts trios
Neutral,geronimo would like unfortunately due continuing global issue covid especially since live back melb australia don’t think will even one midnight release party event these next gen consoles launch nov
Positive,twitter com pubgmobile sta … pubg th best japanese game release till date
Irrelevant,ban battlefield player gariblak has occurred see details bfdbcomplayerban…
Neutral,cs go strange man tchtv double trouble
Negative,rainbowgame can … please fix rubber banding try na walk door everything bad gets killed every game
Negative,looks like doing good
Negative,itll s extremely frustrating that killing favourite shooter will probably start process undoubtedly extremely slow rather painful death spiral asshole feedback leaker dont play tf rpg csgo everyone
Positive,gave great
Neutral,last game group stage minutes will playing ence fechtv blastpremier fechtv pituheralz fechtv slop
Irrelevant,want see this v keun joshcullens beke nemen sbofficial
Positive,looks cool af
Irrelevant,this incredible thing congrats kinda sucks that developers negative hell their swamp ass fortnite boys who think deserve
Positive,best series
Irrelevant,similar ban battlefield player rated hublotdorolol has occurred see details bfdb com player ban …
Neutral,rust binding envelope via nvidia physx githubcom embarkstudios
Negative,pmoindia narendramodi amitshah hmoindia pubg should banned india many students distracted their goal second reason that part profit pubg goes china
Irrelevant,battlefield weekend voting time hope enjoyed this week its time choose one these weekend experiments
Neutral,microsoft news states people going brace conflict now after what trump said did personally dont doubt will think insighting think should expect conflict that terrible thing bring
Neutral,guess this photo quibi wework instagram verizon
Irrelevant,pretty sure that tetris effect already considered best launch title xbox series x
Neutral,revenge
Neutral,dont get gotta know cacay oil best damn antiaging ever order yours amazon store right now bit ly bestantiaginge … com roxysiria
Irrelevant,first community ban kd after killing someone via shooting his exposed legs wonder that who struggled getting kd would suspected hacking that kd guy first one this complement skill
Positive,greatest poster time
Positive,youtube borderlands love gunner class twitchtvthebeardwhispe…
Neutral,goal just funny man lmaoo
Positive,help give someday win this awesome cs la go giveaway good idle empire wn nr epnt
Neutral,africa premier esports africa championship rolling back enjoyable exciting summer season featuring league legends tekken fifa pubg mobile calling register visit aec africa esportsafreeca
Positive,davematthewsbnd verizon sweet songs always lighten things thank heaven dropping minds things that little btw kids want know “dave” always makes evil faces sings unk
Neutral,death loop ps “i don’t like watching u die like killing u” 🤯nah this one
Positive,red dead redemption tattoo meaningful one others literally just shit like tattoos dont have have meaning rdr tattoo selfharm scars quote favorite songs favorite game pictwittercom cfkhsus
Neutral,heart stone wiped have brain cell
Positive,nothing better cool design favorite teespringcomwolfsneedno…
Neutral,successfully streamed today thanks ridiculoushat big raid thanks guygrumpy subs gifts cheers almost got legend slid back climbed d realized had hours back tomorrow
Positive,cant happy new unkcomwatchvvvaj…
Positive,awesome game awesome win last week tune via link below come watch awesome twitchtvoldmatetom
Irrelevant,congratulations score even asyik pubg pictwittercom dacdqmr
Negative,fcc scrapped this unacceptable demand that fcc protect access lifesaving communications services bitlyinternetisesse…
Irrelevant,recently crowned partner lets play solos duos dont forget tell friends enjoy show feel free drop sub twitchtv thesauce ttv
Negative,surface panos panay middle class specs really crappy camera huge bezels really weak camera g support ridiculously high price im really sad disappointed surface duo another example microsofts failure phone market pictwittercom lxsnoohzxr
Negative,best character game dont k
Negative,update token market fuck sake its already months nbakmyteam
Neutral,champions season seven dev video league class legends reportzonenetchampionsins…
Positive,lmao playstations engine will crash one minute releasing its
Negative,fuck u
Neutral,johnson johnson their
Neutral,slightly disappointed schedule explicitly approves this decision unkunk
Irrelevant,new news csgo liveunk youtubelmfhuwahedg net
Irrelevant,man top this fortnightly song
Neutral,looking new opportunity check this great role
Neutral,watching lululuvely vids always hype letsa goo playapex
Positive,paybackindia woohoo have received amazon evoucher worth inr payback rewards
Irrelevant,will screaming “ hello it’s jon champion fellow commentator jim “ go fuck
Neutral,oh boys its going guess who now shotgun father barrett m ready shoot wolves him
Negative,do others lets move straight cod free fire s fuck glitter s u unk
Neutral,spew lot assholes who desperately trying distort everything biden says will people who stupid enough believe spin matter absurd teachers should
Negative,see its these kinds updates that ea have making years except that fifas gameplay getting worse every year
Positive,wake excited priests change
Neutral,heads going live tonight pm bst seeing red dead redemption antics dont think anything will top last time man beaten couple cows twitchtv satsunami tco ukkqduiyk
Positive,thanks yall
Neutral,massive event thank who legend adesanya ufc middle weight wrestling world shouting wo warcraft guild team mayhem team yojamba wrestling us horde stylebender warcraft
Positive,had ton fun back kings canyon this weekend playapex brought back map night really enjoyed
Negative,heavenunk nobody playing rush battlefield ps
Irrelevant,cobrang naiyako imhin emhional torture wonho gone wonho happened world must apologized
Irrelevant,unk hopem glutton sins todays stream im supposed doing shipment music new playlist update come join live throw emotions this playing w viewrs
Neutral,those hoops throw csgo pubg yelling lin
Negative,fact that those racists run amuck facebook just let smh
Irrelevant,patrachar university cbse patrachar vidyalaya bagh admission classes th last date
Negative,disrespectful plain true
Neutral,best characters gta v campaign leaderboard game rant bitly eqn
Negative,does have three videos wtf
Positive,this fucking dope
Negative,yes google please confirm initial claim know its lie
Negative,even professional footballers above taking dig ea ea gonna see men ’ re fucking everytime ffa
Positive,well fight got preorder now wait november
Positive,’ m totally gonna even lie ps look beautiful might have cheat xbox
Neutral,latest rainbow six siege game khabib just missing orbeqvwhphus youtube
Neutral,one interesting deals amazon online garmin forerunner which just notohfa
Negative,nbak nbak ktv ronniek ksupport can please do something this these guys should ip banish pictwittercom sewazdtt
Negative,live near hospital helipad suppose starting move straight ghost recon bad idea
Negative,msdos years old ive never forgiven microsoft pictwittercomlfgtttbgcc
Negative,wonderful decision based
Positive,fucking autocorrect meant csgo
Neutral,uninstalling minecraft rtx beta will permanently destroy worlds
Positive,cant wait surprise myself christmas this year ps
Neutral,stop sending death threats developers ya dumb dorks time said
Negative,future can add this character skin game just like wildlands would like see breakpoint
Positive,cant wait play its like indie assassins creed valhalla lighting effects look great
Negative,after looking forward really disliking assassins creed macbeth pleased say really liked true history kelly gang loved undercurrent tension much dialogue visuals final mins amazing
Negative,after games nk
Positive,every year have treated myself fifa f playstation shows shit buying fifa today dawned that amazon never brought fifa f just lol
Neutral,nervously laughing staring space have do google drive that ever this little scene felt like writing n will never go away
Positive,love see this war t side astralis miss old times csgo nerf war pls pictwittercom ajipdrkm
Neutral,whole nba smokes dull plays call duty midmarch what time
Positive,love theme much cyberpunkgame
Neutral,waiting behind girl catch her man cheating sell his goods buying launch
Neutral,many congratulations everyone ktrtrs lets make yourselves usa certified jayeshranjan nidhiyavraj uk tworkshyd
Neutral,big law breaking tik tok chinese apps banned youtu ca zlnv uh oc tik tok chinese apps banned elsewhere india
Positive,love united stateswe hope help thank bitcoin uwurkajmcbsdwfmcpynarfwyxuf amazoncom wish list amazoncom gp registry wi
Irrelevant,cant believe that realdonaldtrump lied
Positive,already another year forgot congratulate who affecting life business rhandlerr rhandlerr rhandlerr rhandlerr rhandlerr rhandlerr rhandlerr rhandlerr rhandlerr rhandlerr rhandlerr welcome pictwittercomruayxtjj
Negative,this bullshit playhearthstone blizzardcseu es heartstone youtubecom watch v pmrb
Irrelevant,ban fallout update ltslcndoitdoit has occurred … details bfdbcomplayerban…
Negative,that im trying get bow season its impossible its weapon soldiers love feeling like thousand doesnt have metro server running servers its also difficult get two copies assault cant get weapons that love
Neutral,appeared facebook memories year ago love life rarely im silent tpd ross picfm vgxiarz
Irrelevant,special thanks go hansrajmeena that also thanks thelallantop talks this topic
Irrelevant,teammate cook nade enemy ended knocking picwikipediaorg ugguzim
Positive,shhhhh something loading
Neutral,h just ran three people truck fortnite top moutain sniper shooting this guy accidentally slid hill right him came second fumbled stumbled pictwittercomvzbinpll
Negative,nbak please change lag it’s loss can’t deal lagging loss
Irrelevant,s
Positive,new borderlands raid good fun
Irrelevant,video battlefield weter having occurred see online bfdbcomplayerban
Neutral,today doing userrequested hearthstone experiments stream have jump throw ideas like see twitchtv ssalchemist have great day tco ztkyxklmj
Negative,homedepotcareer home depot conshohocken pa hiring five felons running background checks saying this man has attempted murder murder aggravated assault still got desk job paying usd hour extra weekend fear this shut im scared
Negative,using hacks done openly dont pubg security review system ban
Negative,borderlands im unable access questions j figured would try im boarderlands turn middle that characters who speaking left side never hear npcs this ps place can point fix this
Neutral,played this interesting quiz amazon push luck this chance collect instant rewards amazoningamesharegrk
Neutral,played interesting quiz amazon try app chance receive awesome rewards amazoningamesharegfq
Irrelevant,live twitchtvntrsgg
Neutral,first game pc im still garbage m k made quake
Positive,red dead redemption game rn
Negative,sony winning another console generation lead xbox yes playstation brand worlds best selling company popular ww microsoft will need ever make dent us uk
Irrelevant,know shit sad niggas faithful fortnite
Neutral,facebook bans antifa organizations that incite violence qanon linktheepochtimescom m app facebo
Negative,finally finished blingtron last point engineering worst
Irrelevant,true
Negative,also looking forward release galakrond awakening hearthstone today its live pc mobile update ios hasnt come usually play ipad apple usually rolls updates slowly its slow
Negative,unk blunt makes zero sense steal tiktok writes tim culpan bloombergquintcomgadflytwitter
Irrelevant,genuinely funniest insult ive seen overwatch pictwittercomngwaun
Positive,michalpgunk
Positive,think its truly pretty badass
Irrelevant,im best damn player damn world
Irrelevant,patch ban battlefield also receivedhackerserver problem arrived see details bfdbcomplayerban
Neutral,foxtica dutch had warned us right
Positive,however gon strong flow playing playapex lovenit tchtv therealslimb co blnbhlyzf
Negative,that tell say
Positive,yo epic giveaway stream got gift twitch subs channel last stream congratz stoicflash ttvdanagor dbd epic marble stream epic borderlands epic fucking love guys epic nerd
Irrelevant,super dangerous guy
Negative,lol has eamaddennfl pc its trash game its years madden v football cpu calls path route every play football rinse repeat
Positive,time come play
Negative,hi eahelp i’ve had madeleine mccann this cellar chair past years little sneaky thing just escaped loading her fifa points took card having use paypal account working can help find please
Positive,finally got rhandlerr horsemans reigns mount st day hallows end event drop chance yeeeeeee pictwittercompnxqbohtr
Negative,constant crashes dirty red dead undoubtedly occasional modders errors left gta v find myself wondering deep rockstargames even business im spending another last dime software pure office trash
Negative,wish somebody had told beginning this interview that greg planned planning poker board that would include wild cards i’ve disenchanted many keep ladder bummer man
Negative,indian government bans pubg pro pubg player streamer pictwittercom aamaavpjyc
Neutral,league legends feel bit depressed cam twitchtv gamezor
Irrelevant,beep boop joshimuz just went live grand theft auto san andreas iftttmrlbcq
Neutral,like week ago callofduty really awesome sadly can’t even get game free
Negative,fantastic easports eamaddennfl
Negative,damn madden least act pretending care sad
Positive,gamewrexham gamedigital has just received email play safe thank awesome industry uk will have reboot fantastic th gen
Positive,goodol pubg oce pubgoce picwikipediaorg blfgrea
Positive,already another year forgot congratulate who affecting life business rhandlerr rhandlerr rhandlerr rhandlerr rhandlerr rhandlerr rhandlerr rhandlerr rhandlerr rhandlerr rhandlerr welcome pictwittercomruayxtjj
Positive,game pass dead best movie microsofts seen year bitlyhdqwc
Positive,soon can fully enjoy watching melee its just cake leffen ist allowed lul also month days work month feeling struggle hour workdays lately still proud managed get dota
Negative,worth shelling big money towards rebuy red dead redemption immediately mym just playing fifa madden mlb show during movie
Irrelevant,this video tanking rather hard guys could really help ’ ll probably love totally forever
Neutral,welcome hell
Positive,appreciate everything do community thank hard work sacrifice keep us safe floyd ven akinsmel homedepot
Irrelevant,lmfao man xtwats will c servesd crows aplenty
Irrelevant,uh huh pictwittercombiqyqfatb
Positive,ps please leave bestfriend
Positive,much fun chat tonight special thanks ta mageadeath raid fun chill mission added points her ranking gg
Positive,glad back playapex one day will win v though pictwittercomzmbewh
Irrelevant,this video sooooo great
Neutral,runs around aimlessly trading card redemption eve online completely forgetting shes supposed getting animals trader role
Negative,fifa makes barças black gold kit boring
Irrelevant,yassuo scores perfect example high level treat league legends daily moments league legends ep itt embg league legends daily moments league legends ep itt embg league legends daily moments league legends ep itt embg league legends daily moments league legends ep itt embg
Positive,baby i’m worthy lol
Positive,this game spectacular havent played yet this great way play cheaply cheap guess its long game
Positive,that superb norton fun energetic games lots fun exciting ips hyped xbox series x bloody love video games
Neutral,death loop ps dont like watching u die like killing u next this
Neutral,check this full breakdown everything
Irrelevant,someone called gta slums ontario who else thinks that’s xenophobic racist white man bc do
Negative,give men nice butts
Neutral,could
Negative,nbak beluba bring him behind back back bruh dribbling just feel stale boring
Irrelevant,never frustrative what team playing together everyons suicide missions
Negative,interesting people researchers scientists doctors warned this silenced johnson johnson suspends covid vaccine trial patient has unexplained disease twittercom events
Irrelevant,ban battlefield player riseandfaiil has occurred see details bfdbcomplayerban…
Positive,ohhh thats amazing im love
Negative,this shit getting ridiculous fence okay this usually just poorly optimized keep doing imma pass this last one
Negative,oh wow finally realize black pplunk
Negative,just listened yuri’s interview holy shit it’s scary
Positive,fuck epic store borderlands pc coming steam march disqustmiyed
Positive,people who want play valorant say theyre going do professionally go play hours csgo still like game think would good game born outside mind wouldnt recommend
Positive,lockdown killing machine
Negative,this little stupid nacho playing like fifa players
Neutral,experimental quality bad players play child overwatch csgo friends twitchtv daswortmitname
Negative,eamaddennfl please fix myunk awful getting booted every seconds really old crack
Negative,shit those hoes
Positive,exciting study
Negative,swear mfs just beunk say bro wtf does mean
Neutral,wtf hearthstone has new class
Neutral,borderlands two fucking dragon someone help
Irrelevant,just best role youve overcome that whoo boy youre
Neutral,chris loves borderlands one two
Positive,found love orbs
Irrelevant,know half guys watching debates im using stage performance enhancing drugs grass that man now have huge set cans head watch two assholes can watch just one
Positive,really funny morning after installed new phone call filtering package get robo call that came right great app
Neutral,great see old lady allauthorcomamazon
Irrelevant,just ordered cds poster shop glad stumbled across sound fresh new vibe cant wait people enjoy music good luck music
Negative,eamaddennfl un became stuck loading screen premium draft gave l i’m k coins depending far could have gotten
Neutral,have buy ps xbox this year never ask myself mask eat pussy back
Neutral,one profzeroo live borderlands ‼ catch him bufflywmmip p say shouts chat – chance coming also shout
Positive,im just going keep scoring jump drum boxes absolutely stunning pure skill show
Positive,named beatboxx reddit found this this
Neutral,feds duck scheme which allegedly bribed amazon get better sales theepochtimescom fedcracksdow via epochtimes
Negative,fix crap servers k nk ronk
Irrelevant,amazing people who cheered tonight im really gonna vibe overwatch
Negative,holy fucking jesus shit oh yes
Neutral,pair decent men wins us today
Positive,professional dota scene fucking exploding totally welcome get rid rubbish
Positive,chairs perfect score move might get second chair frickin good
Negative,busy talking hoax that now just ignored experts real problem that now thanks ass hole
Positive,that little things make incredible whole
Positive,fortnite bad child minecraft good one yoy may laugh now weed weed eater
Negative,ghostrecon this must bug can quite please that fix will next big update just quick patch using controller doesn ’ t except die settings putting game size pad glitches keyboard its controller makes unplayable
Irrelevant,reported tik tok d fortnite kid saying hard r n word tik tok said “this doesn’t violate law policies hate speech” lmfaoo joke
Negative,mark zuckerberg has part discussion problem long time along sheryl sandberg who have encouraged conspiracy theories george soros activities his facebook fb has never neutral discussion platform consider zuckerberg stole initial idea fb initially had used ridicule women
Positive,say winning unk
Negative,banning
Neutral,eadice partwelsh happy this back life
Neutral,forcing bing chrome users microsoft back its bad old ways techradarcom news byforcin tco khowfcvnlh
Neutral,slack accuses microsoft consortium illegally broadcast crushing competition see ift o tt bvcn
Neutral,ingameleader social network that uses esports encourage atriskyouth get streets increase their mental health unk throw love their way sponsoring
Irrelevant,ban battlefield player wtfwolgyftw has occurred see details bfdbcomplayerban…
Neutral,borderlands s lovecraft dlc dismisses major problems authors work sniplyofqutmsou…
Positive,awesome siege attempt strangest bleeding spinning sequence ever s first squadmate john could see spinning exactly which awesome
Positive,this damn perfect finally fair deal
Positive,here’s montage showing saving squad mate practice matches day picking squad mates one best things game
Positive,since valorant call duty cold war considered porn according twitch will performing months applied light suspension will have wait wonder happens love guys will still find making discord still moving send love
Negative,hannitegame pls fix glider just named come
Irrelevant,st augustinesch bonkerscookery kerriefitzgibb emily enjoyed live class bonkers cookery school facebook pictwittercom glsadoceu
Neutral,unless really world class diamond competitive tier gamer playing online interactive multiplayer team games exactly like league legends online overwatch fun team bad time
Positive,powerful minion stir shadowflame have good storm
Irrelevant,next thing ps needs work next gen consoles that voice game will k itll bomb nbak beluba
Negative,unfortunately
Irrelevant,mfkas think ’ this re making battlefield level smfh
Negative,rainbowgame server xbox 🥺
Neutral,best game yet
Positive,well this certainly question
Positive,this post bullshit make johnson johnson knew risk this sort sold product this prosecution hindsight should outlawed
Positive,stresstest savostore shipping delicate items glad say that have come perfect condition xbox series x comes will definitely use ship
Negative,ghostrecon k wildlands extreme difficulty gameplay → youtubeordzokcboa
Negative,bad developers recent years care graphics game itself however will fear releasing proper quality gameplay cause fans might have become toxic enough get hyped lost cause muh damn poor graphics
Positive,lets get ny gta nigga talk rob today
Neutral,home depot tourfounder bernie marcus points flaw nation plan tax money video thegatewaypunditcomhomed view photo
Positive,nice rhandlerr rhandlerr rhandlerr pictwittercometohcjjgl
Neutral,gabe alright
Neutral,ti best plays epic moments international dota zonestreamcxtibestplays…
Irrelevant,conservatives intent killing people
Neutral,awesome it’s also tiresome play boring look hope olympus changes either rotate don’t see much
Irrelevant,amount homeless people asking money drops modders shown gta videos online pc hilarious shows lazy people
Positive,clipstwitchtvsmallfurioushi… know enough hearthstone youll know this funny just enjoy laughing p
Neutral,red dead redemption
Irrelevant,surfers sexual demos subscribers sit away hot good time original dota championships let us take sea should await
Irrelevant,fucking heated this exactly hate playing trash ass game csgo can overwatch ban people that even say shit hackers wont ban hackers yeah yes that fucking cool cani t wait uninstall this trash ass game steamcommunity com sharedfiles fi …
Positive,really glad part team welcome
Positive,simply told xbots that this impossible
Positive,interested specifically this
Neutral,im just warning people fake expensive dota item scams back youtubecom watch v vsxhf watch this educate yourself almost just happened
Negative,eahelp rats really removed option record clips fifa since game shit
Negative,eamaddennfl yall really think family profane cant use family yard what profane festitt
Negative,today mackay burned fire andrew went home depot letting wind blow feeling deep despair across him sees his watch aint that morning yells now what
Negative,hell have fallen back world warcraft
Neutral,whoppingwooper thanks entering grand summoners watch video see won amazon gift card retweet everyday another chance win play now free yu yu hakusho unit
Negative,ghostreconuk since new update today keep getting mountain errors every couple minutes please help
Neutral,sorry spamming ever anyone who follows text wants go play tf gta dota r even rust something else feel free add full steam freaking lazy post old link rn this tweet useless yep
Neutral,that’s cool asked nephew whether wanted do dr seuss said “no auntie please one chapter das kapital friend put stock instead ps won’t stop him lazy capitalist hung rope that sold mine unk
Negative,yoooo this kinda slaps pictwittercommxalymc
Positive,r year already dang happy year rhandlerr pictwittercomjqgxegscd
Neutral,red dead redemption gang member john actually has kill crabdealsintheonlyredd… red dead redemption games john marston has opportunity kill excomrades
Positive,ass still got knee deep assassins creed odyssey way got anytime pretty soon lmao
Positive,angry chicken back twitchtv amovetv tco ufqtvltjbh
Negative,homedepot days pull customer pick might should have ordered amazon that’s ridiculous
Positive,downloaded league legends now have addiction
Negative,bennitegame fix fuckn game bad console that cant even switch gun without frame pass like fuck
Neutral,who wasted valuable time editing this shit lol going youtuber hahaha
Irrelevant,ban battlefield player lilcoldlli has occurred see details bfdbcom player ban
Negative,damn its embarrassing
Negative,easports mut eamaddennfl hours just ended middle game sad hours enough yall
Positive,im big fan odyssey bold change assassins creed syndirect has really nailed classic ac combat style sense function evie badass
Neutral,unk verizon thecoronadophx awesome locallyowned restaurant vancouver
Positive,loving changes rhandlerr pictwittercomjzthbmpj
Positive,oh ya just tease that touching note ezio family
Irrelevant,ban battlefield player wreathe has occurred see details bfdbcom player ban
Negative,rainbowgame minimal sound xbox bug glitch i’ve vowed fix
Negative,did playoverwatch make grade placement sr kinda like gm every unk rip harbleuow
Irrelevant,im tired excuses older people comes social issues know nothing better well internet exists
Negative,thing dota that kicks ass will rarely anywhere play
Negative,do always read main
Neutral,tencent still clearly still actual story lol did trump just ban league three legends
Negative,easportsfifa worse fifa history men ever make games will never know robbing single
Positive,rainbowgame love getting shot shield blitz ranked
Positive,really enjoyed club thecantelope
Negative,pubg death simulator
Neutral,best discounts gta online september gta weekly c youtube fxzxzbrri
Negative,playstations have always known best looking consoles what hell that
Negative,ii didn’t build fan speed red army redemption would’ve set pc fire midnight gpu celsius
Negative,source johnson johnson that got recalled their products causing cancer pictwittercomrldmbc
Positive,used hear this their fm radio stations lit
Neutral,thebefxuafzxcg
Neutral,stephen gave world warcraft would dare go back that hole
Positive,great weekend elite rtg couldnt have happened without love support yall real goats mean world thank bringing best making fifa enjoyable july top next pictwittercom lkbjbcdq
Neutral,it’s nice have facebook friends can’t say hate cuz tells latest drama like jeremy beuss’ skinny white character wanted avoid ‘correct’ gender roles anti abortionwomen’s health displays internalized homophobia toxic toxicity
Neutral,excited announce new guest artist saturday’s concert american soprano rachel elezi saturday th pm london bst ‘kings queens’ songs arias classical music’s royal family youtube youtubecomwatchvsanpib… facebook facebookcomjezziiivideos…
Positive,taking care these first responders auto work store melaniepaynethd bsb damianwagner
Negative,rockstarsupport cant join mates lobbies gta v pc life issue service
Negative,i’m appalled fucking suck die
Neutral,just bought ghostreconuk cause even shop ’ s rather good sale game still broken what ’ long m driving flat rendered environment textures
Neutral,nvidia makes impressive k shield tv extension even useful new update verge drit rfqglj co dnhdhpzv
Positive,fnatic now has largest partnership supporting fifa
Neutral,playing second week galakrons awakening still decent internet maybe later this week twitchtv old guardian
Negative,since twitter slowly dying anyway due inactivity will use shamelessly promote myself
Negative,rhandlerr trying play keeps saying connecting ubisoft server please wait keeps kicking main page xbox one pictwittercomldmcymqntg
Irrelevant,can calm twitter csgo team calm rhysstumbles prxje ginenko wdyk lepestos fucking their tournaments left keep doing fenco gjlczjxuh
Negative,league legends one toxic ex that keep returning eventho know its waste time destroys productivity
Negative,light recycled content nothing excites paying game ive already played bo will awesome
Positive,looks good love addition mixed doubles castle sieges
Positive,ayy like love this every damn angel wingman
Neutral,this clever platform makes workfromhome onboard training simple entrepreneurcom article posted
Neutral,gonna try trying completely save historical place bad gameplay sense poor economic decision choice making dont miss assassinscreed odyssey network netgeargaming powered entirely cyberpowerpc swag themarvelfactor watchmixer now mixer hit com itsplanb
Negative,playhearthstone do think op amalgadon should removed game its unfair
Neutral,got best horses back
Irrelevant,absolutely cannot bloody wait game this game tbh
Neutral,hearthstone executive designer dave kosak leaves blizzard earth after years thegamer dot com hearthstone de …
Negative,eamaddennfl lied i’m just
Positive,heres what exactly ive came thinking put dispenser thanks bye bye
Neutral,heres first episode terminator event episode will release tomorrow expecting congratulate every one
Neutral,new video now youtube rdgjdmy
Neutral,best beauty tips menunkinfobestb…
Neutral,just going comment played battlefield tonight bad game thing its just sad that ea dice gave battlefield even though shit show launch turned their best toppling money
Positive,well plus bought great voidhammer thousand skinslink com remember this his really nice iteam recomended
Neutral,that would fantastic casting somehow doesnt alleviate sense dread bit
Neutral,share facebook that ben jacks verizon cocacola dockers uncle david hershey label honda jansport levis lululemon magnolia pictures mozilla north face patagonia rei b verizon
Neutral,• ready have incredibly inspiring line today sign today hubs com li t hwvbc •
Irrelevant,true love do look today do feel
Negative,caught presser late please someone assist him chairman said that questions gbv matters fifa what does that even mean
Neutral,have never cared sd this fantastic everyone should know who yu bezmenov what message brought him us
Positive,best brs judgement one apex warzone fortnite h pubg blackout hyper scape morning heights realm royaleunk cuisine royale ring light island nyne games i’ve played spend time
Positive,yesterday played intense turbo game dota hm amazing had never seen tier items hahah tvidotto this patch great used black holes single fight killed roshan times pictwittercom mibpwzsey
Neutral,amazonquiz played this interesting quiz amazon play games amazon funzone amazonin game share gb
Neutral,looking back old files hard drive its kids stamping cod get voice messages full rage life good ive spent thousands pounds im great player
Negative,absolutely ridiculous that prop hunt fortnite anymore utter disappointment smh jakestatefarm fortnitegame kimkardashian
Irrelevant,will miss blacksmokebilly
Negative,can please have sex johnny this game i’ll still buy won’t happy
Positive,reinhardt one favourites overwatch need one these life
Irrelevant,best congratulations razorbackmbb alum patbev tonight nba k semifinals final arkrazorbacks fans will love tuning espn cheer
Irrelevant,can ’ t trust mfs who apparently played red dead redemption successfully forced their horse go full speed next whole time
Positive,okay thats cool
Negative,youre wondering longer use paypal look bs taxes xbox country lmaoo expensive
Irrelevant,ita s good
Neutral,just one evening come see us play battlefabc dallas going gonna made sure everybodys fun watch d pm est
Positive,got gacha lucky gta ive won cars roulette thing week played
Positive,gator its really great see uf promoting innovations that will change way ai affects lives nvidia exactly partner that will make this possible cc ghideas
Negative,respawn playapex lowkeydbjosh many do need do something every day worst ruin game fun youtubecom watch v wzwn
Negative,dirty
Negative,madden trash lol
Negative,fantastic easports eamaddennfl
Positive,just played bunch s opted tavern brawl quick pack quickly open
Irrelevant,next thang ps need work next gen consoles that pergame voice matches k 🤯 it’ll bomb … nbak beluba
Positive,im total dota great stuff casey
Negative,this bad bad news
Negative,xbox naming unbelievably confusing
Negative,there’s nothing worse finding rhandlerr employee having fly away before can ask help pictwittercomgvejvxzgi
Positive,good fun feel pretty like causing mayhem tryna hop back
Negative,nbak did y’all do this big head bullshit whole day
Negative,sure i’m late game
Positive,£ bad although still awesome exchange rate ill getting x s solid recommendation people great price
Positive,honor super sweet vfx sirhaian did
Positive,equipment guru eamaddennfl espn thank
Irrelevant,its really good im happy guardian angel
Positive,c csgo back feels good back
Negative,this mally
Irrelevant,cue gregjoz tim cook new appletv next game performance this price would super convincing cc panzer gruber mgsiegler benthompson
Negative,unk
Irrelevant,best decent bot • sniper nioxsnipingyt •
Positive,vhnmxpgoou oooooh shit
Irrelevant,gta grateful honble chief minister sikkim shri golayps giving this issue highest priority allowing vehicle movements
Negative,gonna complain often pretty much still think pubg bad
Positive,thx rhandlerr rhandlerr rhandlerr this best polished game pictwittercomvmqcsbnbo
Negative,fucks
Negative,roommate bought real makarov today
Negative,fuck themoth
Positive,one favorite games time one favorite video games favorite louisville player cover please dont feel sorry
Positive,join google doodles thanking packaging delivery delivery workers truly indispensable
Negative,big nyoos countless gweat companies awe seein fantastic wesuwts fda needs myove quickwy rawr twittercom nytimes status
Irrelevant,love katienolan think patmcafeeshow this mf home
Negative,hey firefox what hell happened drop box websites use instead google reason begging go brave
Positive,thats saturday way oldseadog knows spend like red dead live now twitchtvoldseadog
Irrelevant,this fat juicy pig crackhead bitch go answer always face
Positive,y’all i’m playing red dead redemption boyfriend it’s sooooo cute
Irrelevant,shame weemanronza should have got first round fifa tournament this week accounts good guy good player
Negative,playing oscar fifa gives grey hairs
Neutral,love map honey materials seem like they’re scarce
Negative,interro ik probably dont care can please please help console players tweet rainbowgame do something ddosers believe doing absolutely nothing please help us don’t listen nobody like which honestly sad
Neutral,just earned deepwind gorge photography achievement
Irrelevant,lmfao man these xtwats that will surely much servesd crows aplenty p unk
Positive,go
Positive,got hang ellesmere pro team today great team lots million dollar pasas this store well done pro team ⁦rhandlerr⁩ ⁦rhandlerr⁩ ⁦rhandlerr⁩ ⁦rhandlerr⁩ pictwittercompvcella
Negative,fifa appointments audits have done bank favour boris fuck ya
Positive,one greats
Neutral,im damn sorry stupid short stream dont feel streaming today just have this stupid headache that wont fuck sent love quietachvment whos playing borderlands keep tabs socials ill probably see thursday
Positive,shoutout ubisoft having sale playstation store finally picked ac origins really excited back creed assassin anticipation
Negative,nvidia nvidiacomenusgeforce… shop button rtx series dead letter
Negative,oh damn
Negative,think
Negative,vzwsupport sent direct message problem ipad that bought verizon
Negative,gearboxofficial borderlands seeing this shit correctly please tell i’m i’m getting attacked end credits rolling ended enemies this thing
Irrelevant,smple best player
Irrelevant,helps yes pumped finally see vampire bloodlines
Negative,nothing new today new title heartstone played cs like every day played clash royale like every day played brawl stars like every day god life sad boring
Neutral,nepenthez hope safe these unfortunate conditions weeks ago got hacked fifa took m worth players sold everything club contacted ea straight away gave gold players back have lost money can u help
Negative,knows this nepenthez whenever theres issue that raises fifa player sales
Negative,eamaddennfl watched twitch stream last night received twitfh drops have received crown please help easports mut eahelp
Negative,day cant seemunk get online video play game can play online games nd day row cant play its
Negative,per government banned these applications data securityreally their lyin version had its verified account various android applike tiktoklikee helobut today deleted it🤣
Negative,hey god verizon actually known outage starting
Negative,blizzard ent
Positive,csgo now always looked really fun cannot really aim shit lol fps whole just like normal thing looks fun
Irrelevant,glad that finally able confirm that line also glad that ones who leaked press picfacebookcom wcnrhyrmy
Positive,throw overwatch games could just throwing back
Positive,first had code leaf now have pleasure present code shoe thx rhandlerr pictwittercomgtabwjhp
Neutral,ghostrecon far besides last update stamina pointless even extreme have upgraded have ration never runs losing bullets reload pointless have like rounds especially fisher missions buggy hell good thing inventory booster
Positive,congratulations home depots silver medal cassie
Neutral,lecturers considerate even record lectures microsoft teams kids either
Neutral,g laptops imo far exciting g phones far lenovo flex g uwb verizon brooklyn downlink impressive uplink much review soon picfacebookcom wounxppibx
Negative,eamaddennfl fix game guy ragequits freezes screen forces close app gives time
Negative,thanks verizon we’re stuck home wifi instead helping bills two people asinine btw give us additional data which don’t need pictwittercommxciywyusv
Positive,cyberpunk lore voodoo boys what like this gang cdpr developed their ritual magical counterparts maman brigitte should interesting character
Irrelevant,can just sit tweet negative shit day long god its just league stuff tweet shit well mostly negative
Negative,top companies this list interesting scored tell common story remote whether work entertainment retail except perhaps nvidia which hangs middle machine learning
Neutral,incredible art work eamaddennfl
Negative,eamaddennfl specific reason offline franchise lags much every professional play skips thinks good luck kicking little extra level point shouldn ’ t random offline mode have their input lag please patch this
Positive,don’t fucken …
Irrelevant,yeah i’m excited that end winter idk y’all
Irrelevant,colteastwood xbox series x losing big time already ps getting games xbox will have nothing garbage twittercommaxshotostatu…
Neutral,johnson johnson halts sales talcbased baby powder us canada twosheeepcom archives
Negative,vfl shit fifa shit wingback build shit lb y shit
Negative,remember that bullshit 🤣
Positive,what beautiful smooth ride
Irrelevant,dont mind adding people facebook guess gotta screen these fucks dude calling sex workers lazy selling her nudes instead getting given big real job fuck use bodies equally earn real money degree judgemental dick
Negative,nbak shitty ass fucking update update this shit ass nothing already
Negative,government bans additional chinese apps including
Neutral,starts season bosch amazon prime video this series great cant stop watching
Negative,this without doubt worst placement rate ever minkah simmons eddie jackson
Positive,hated packing this one least sold arrived safelylol
Irrelevant,log playstation see this playstation cancel preorder cyberpunk reason this just unacceptable have fix pay that much money askplaystation
Negative,rainbowgame im finding error code saying sorry u play servers ive like anything can ask whats going
Negative,ubisoftsupport every time start rainbowgame ps resets advertising
Negative,playapex im having issues game stuttering definitely got super k dominator ram highend motherboard dual m drives anyone know fully believe its pc
Positive,best kills youtubecom watch v alssdx
Negative,omgggg guys bad new s
Negative,hello microsoft theres french couple whatuolcombrnoticiashisto
Neutral,niggas driving dumb fast trynna show go giddy ass passenger seat 🥰 like i’m die
Neutral,hey who fuck did loan someone copy their borderlands cannot remember
Positive,became curious googled marco polo tibetan buddhism first results chinese pages love see chicom propaganda top results google pictwittercom rmgwpgr
Irrelevant,these equivalence early ’s gangsta rap just don’t give fuck
Neutral,ooooo la la ggs insane wraith mirage im couldnt save rip never forgotten
Positive,mighty team south africa created special message tin man lives his heart giving installed rheem water heater home depot great job team penndsm samedaywh laroldan tammyrheemwater
Positive,one exciting updates introduction new heroes playoverwatch bitly xgzll
Neutral,this audio book will keep anything silent hush amazoncom dp bprqt
Positive,assassins creed oddessy good like really good sacred cow its like developers played witcher like wanted do greece
Negative,⁦verizon⁩ ⁦cityofgilroy⁩ soon leave town g speed above mbps town abysmal block camron blvd gilroy ca speedtestnetmyresulti…
Neutral,proud bring just many students attending stclaircollege please welcome tinyurlcom saintsspring fenco pxxhnjdliz
Negative,unkverizonunk unkcityofgilroyunk begins rapidly penetrate civilization which quickly increases near mbps town block camron blvd gilroy ca speedtestnetmyresulti
Positive,good play
Irrelevant,need badly life
Positive,that anyone cares having reached levels assassin’s duty odyssey i’ve encountered nd character death that has extremely sad
Irrelevant,john legere its twitter tricks now mocking verizon social media techdsmenderscomjohnlegereis…
Negative,smh
Neutral,eamaddennfl i’ve owned every madden game since this year sucks defenders reaction time handicapped shot upfield cut whack lamar going rape case chiefs aren’t rated high enough everyone pissed won’t buy madden
Neutral,please fake looks way similar mw
Negative,ghostrecon can u guys please add camera zooming function great game get nauseous close camera
Negative,anyone who knows knows that hate preordering games amazon make wait day before package gets i’d rather go gamestop early morning that said can’t leave house caved pictwittercompyhvoe
Neutral,do like fantasy science
Neutral,new ） content interesting easy enjoy news guides tips technical discussion wow shadowlands com wow publishing content creator youtube go com channel ucjy …
Irrelevant,heartstone pro claims wife blacklisted blizzard fired blizzard february responded negatively blizzards offer
Irrelevant,agree ing this entirely front page csgo news often has obvious fake sales accounts really that exposes nearly total lack thereof human response observation twitchs end
Positive,thanks verizon media — st regis hong kong facebookcompost…
Irrelevant,oh well have vaccine election day im sure its peeing donalds kfc bucket today
Negative,refuse crying kakyoin after home depot parking lot jesus christ
Neutral,study johnson johnson’s covid vaccine has paused due unexplained illness study participant statnewscomjoh…
Positive,trailer white creed valhalla best road todaycant wait get hands
Irrelevant,gamescom awarding awards right now watched minutes ago really lost after this world warcraft thing
Positive,open world games definitely get perfect replace og ps assassinscreed valhalla watchdogsgame legion cyberpunkgame farcrygame
Negative,rockstargames im gta veteran have years absolutely lov games really really do have sort game hard
Neutral,playing battlefield one moment its absolutely brilliant game
Irrelevant,these karens equivalent gangsta rap early s literally dont give shit
Irrelevant,this kid bad gta makes wanna have aneurysm
Negative,dear valvesoftware dota fuck many smurf account fuck always get stupidest teammate ever
Irrelevant,go watch sexy cute ass wife
Negative,hello weeks now looking something nvidia shield tv pro would replace nvidia shield cant get anywhere what wrong do introduce product that consumers cant buy
Neutral,luck waving me” like damn let loot sheesh
Negative,changes always important something stupid that shit like that happens drop hat
Irrelevant,damn situation venezuela getting worse worse
Irrelevant,inuk word day hospital nurse lets give huge heartwarming thank nacummek amazing nurses who went above beyond during pandemic tco wqzkytkc
Negative,wife just got moderated facebook posting go yankee post wtf
Positive,film canon r uhdhzfps film nvidia
Positive,absolutely amazing source mit reddit com r cyberpunkgam …
Positive,nvidia nvda has excellent
Irrelevant,sun rocking costream emgoood live twitchtvmnkogaming pulserts spideyrts blazedrts twitchsie sghrts streamboost toolsbyezio rtsmallstreams
Negative,august th still release dates suggested prices blatant possible lack information well this backward compatibility really never works this real yet informative online videos line worst next latest gen marketing ever playstation xboxwire
Neutral,via gamekik • • • • • • assassins creed valhalla sorry quality cuz leaks someone leaked minutes gameplay ac valhalla this game full imitates witcher aspects like… instagramcompccwesddibt…
Negative,do play video games ps doesn’t stimulate
Neutral,stunning victory
Negative,im tired sony fk sht
Negative,ghostrecon uk keep getting kicked issue
Positive,ladies gentlemen give her attention shes craving
Positive,have videos that could make today much content love much content get these days heartstone team makes job simple fun
Negative,eamaddennfl give money back game broken yall fucking faves
Negative,thats instead setting players game
Irrelevant,what ending scocontent scohellfighters storeplaystationcom
Neutral,amazing halftime changed game
Irrelevant,overwatch team im won stream game ngl im happy
Irrelevant,white people hereditary stupid
Positive,finally midas flopper
Negative,leagueoflegends yall should consider making changes go hextech skins that might tremendous opportunity
Irrelevant,honestly im worried game delayed always people who complain release date postponed people who pick smallest things
Irrelevant,happy v day eachstaraworld 🥳
Positive,ive used ps less less last months stadia has offered wonderfully solid gaming experience looking forward keep good work googlestadia looking forward announcements
Neutral,russians returning siberia cs go now starting invade osu
Positive,lots juicy fifa content
Irrelevant,now furia best friend
Negative,eahelp hey have problem quiz sell recovery system fifa one recovered players moved recovery menu after had recovered him lost recovery now loses player
Positive,back borderlands came though eh its nowhere near good borderlands storyline isnt nearly fun naive person love this game
Neutral,fuck want penis options that vagina option five nips stick penis size “leg size” peniseses robot sized legs you’re gonna bear troll guess what mean haha ‍
Irrelevant,thing ghost john cultural appropriation didn’t work now they’re bitching director has shit everything petty this should’ve deleted right after videos came now look petty congratulations you’ve played yourself
Neutral,overwatch fans split hero pool changes dlvritryfvlv
Neutral,start journey strong partnerships hpe apollo weffs ™ nvidia gds dysi djmy fenco hjbudmtd
Negative,its this kind ignoring support rival devs that makes love buy video games anymore
Neutral,fast new music video just went tmp youtube channel
Irrelevant,had second guess crossplay took long
Negative,please update google maps has given wrong location
Positive,best feeling redditgcgm
Positive,love lovecraftian inspiration im coming back
Negative,fortnite console ass
Neutral,johnsonjohnson paused its trials related covid vaccines one its volunteers developed unexplained illnessthen this foh
Positive,yo russian voice actors johnny ray judy alvarez beautiful artists
Positive,whole video sounds fucking stupid freaking stupid unk hitler reacts via xbox live s youtubekipklbm via via
Neutral,must read csgo fans andor techies tekkies this blog thewgbbroz making csgo fake bomb used blogwoutergritterme
Positive,just give game already beautiful man davidvonderhaar
Neutral,check this fantastic looking docking station ps controllers just £ amazon uk amznto mqdtrp
Neutral,trial felfire challenges live new legendary quest free
Negative,donald dear just screwed home depot
Irrelevant,different jobs ’ ve had x kaiser hamburger french belgian fries dr pepper ice warm cookie these text templates specially designed people can guess recovery questions steal online account
Positive,won achievements red dead redemption points
Neutral,nah …
Positive,shout ubisoft selling playstation store
Positive,cool
Negative,source yoooo this kinda slaps pictwittercommxalymc
Positive,cant wait hear word feminboy gta
Negative,blizzardcs tried log playhearthstone ios keeps taking app store update even though installed latest update ipad iphone can help
Irrelevant,wish had ppl constantly play without pc overwatch w friends just play ps hate
Irrelevant,russians airport empleeys relying which ingame their voice
Positive,whole iphone needs hurry this cause need time already get ready verizon cause sprint trash ever since last merger tmobile like speed middle ages
Neutral,say much shit play heartstone battlegrounds someone who started week half ago
Neutral,washington us pharmaceutical company johnson johnson said monday had suspended its covid vaccine trial one its participants fell ill tamilnaduchroniclecom johnsonjohnso tco reeisdpsc
Positive,smashing together ghost recon breakpoint loving having
Negative,basketball fan software developer disgusted exclusive picwikipediacom fqvqilx
Positive,i’m excited cyberpunk come grimes soundtrack
Negative,rainbowgame try play friends games keep saying servers whats going
Positive,art atyan wearing palm blossom skin unkunk find her cute shy unk
Negative,oh good get couple hundred extra couple weeks lab come clean obnoxious cyberpunk opinion maker possible
Positive,super happy every drawing orange skin this summer time favorite tier who’sunk favorite tier skin
Negative,another place like yall forcing people play small ball
Positive,wow
Positive,ford classic
Negative,psas clean paladin still terrible
Positive,completely glad ill experiencing
Irrelevant,go mixercom asianrobot
Negative,sales decline u s canada especially due cancer claims company decides victimize people third world
Neutral,cosplayfhey streaming igo come hang have good laugh
Negative,im sorry whats home depot now
Negative,rockstarsupport hi im playstation video player whore times now money now gta online has wiped really dont say yes please can have rebalance
Negative,rhandlerr what shit this pictwittercomewkymxot
Neutral,will microsoft sell its user data microsoft trying buy part reported isjuliets bitly chinainfocus tco wmehtlksr
Negative,madden began ruining game these dudes weren ’ t even always sack leader ’ re telling shaq barrett who isn what ’ t guy want do better espn
Negative,gronk took can madden sucks
Irrelevant,youre just trying cut ribbon gulag someone tries cut that guy had business coming didnt even feel bad shooting him
Positive,echelon class
Irrelevant,oh play gta fortnite call duty that’s cute play video games that can physically harm pictwittercomarseuuyad
Negative,do homedepot associates always seem upset mad just
Positive,sure these blender skills
Irrelevant,throw backkkkkkk literally hate trash right now im just waiting lol
Neutral,havent go check red dead stream games tv channel youtubecomwatchvqud…
Neutral,amazonin shivajigreat maharashtra great marathon hero history read now amazon vbkeynrzz
Irrelevant,uhh fedex driver cosplay subs gets vader cosplay ps ow top combined positivity wins matches twitchtvharleygibson
Neutral,china tobacco dow johnson samsung factories following virus outbreak libertarianhubcomchi…
Positive,delighted join fifa supporting who battle global want pass its message kick people youtubeztlajdb
Positive,thank coming stream had angry moments stupid moments moments siege crashed pc lol
Neutral,unk played pubg week weird
Neutral,power face inexorable global pandemism
Negative,eamaddennfl guys had audacity ask connection after left
Positive,feel sick like overwatch time
Neutral,lego overwatch ™ tracer klemmbausteinecom displayimagep tco dcfgxn
Positive,oh hi ive m live playing fun
Negative,playing champions league should one worst ideas
Positive,those who want play valorant say that will follow professionally play hours csgo still like game think would good game mind gets bored would recommend
Positive,thank cs go follow brewsquad
Neutral,interesting 🧐 xbox best concsole what would have said age now who cares long cross platform becomes thing let’s do
Negative,blizzardent warcraft blizzardcs guys just suuuuuch great job telling know major problems this game patch talked forever urging people pay expansion telling don’t know can fix
Negative,assassins creed ezio colletction now cant seem quite enjoy third game altlyjstdu
Positive,just time birthday great gift
Positive,that amazing looking forward november th d
Irrelevant,someone called gta big slums ontario who else thinks that’s really xenophobic racist white man bc do
Positive,miss overwatch i’m super going review valorant might time people start streaming though
Positive,hmm could really good
Irrelevant,bruh lot smart niggaz hating cos winning fifa will happy did lose match
Irrelevant,sony napc come vibe messing around gta twitter twitchtvmilzzzttd
Neutral,zysola blogspot com p via welcome html …
Negative,glitch gta pictwittercom itisczsoj
Negative,eamaddennfl this games ass
Irrelevant,dannyonpc would powerful
Neutral,live lunch time stream go red dead redemption story playthrough twitchtvprawln r
Positive,yo ill take that thank much
Irrelevant,last night reached milestone got first royal victory stream every stream good time chat lively another fortnightly stream tonight tune tco mxlafkldeg
Irrelevant,best teams dota
Neutral,literally ’ s bloody annoying trying help get ps people getting cheap retail price going selling double price like let people who enjoy system get cause won didn ’ t resell
Irrelevant,thank much everyone who came borderlandssf tonight hear megelison talk queer families skillsharing fighting fascism caring communities what magnificent night
Irrelevant,introvert high school student absolutely love dota playing d horror game livers first time youll see side him youve never seen before
Neutral,latest overwatch video game daily paperli mnstrhigh mom thanks dmn espace tgolden hotesports
Negative,fucking time this what people want everyone really see fucking papers downloaded website bullshit game easter eggs
Positive,upgrade gpu mobo this what pc will usually look like gonna take maybe months time till im its worth worth having good cyberpunkgame experience rtx u looking upgrade power supply well maybe pangoly com en build per share …
Positive,tried best get xbox series x luck today
Negative,hot take nvidia could have made resale these items illegal days after launch destroying market scalpers jayztwocents thoughts
Positive,this man gonna insane
Irrelevant,trump fell broke leg who would sue
Positive,music back hearthstone doing single player shenanigans twitchtvrodjohnston
Negative,wasted
Negative,remember bullshit unk
Irrelevant,signed daio broken
Irrelevant,have three codes that ive used fortnite before those code gaming mrappiegamingg code qtkitty kittyfnbr code jakkwolf jakkwolf love supporting these people what do their followers others
Irrelevant,shit should just google dont know
Neutral,bro break fucking controllicpiccom satrspbze
Positive,excited competing this lululuvely jamescrowder this much fun
Positive,last number weeks have now had fab support available neighbours bradford johnson johnson who have now helped us now get ready re open doors last friday official declutter day com jnj team arrived help move furniture storage mr thank team
Irrelevant,five white
Positive,this actually good criticism number children don’t benefit open worlds
Negative,never popped last ice block
Positive,far favorite account
Negative,league legends having issues since edt downdetectorcomstatusleague… rt its well
Negative,rainbowgame fix dogshit game
Positive,fuck this epic store borderlands made pc coming straight steam march disq us t miyed
Irrelevant,wouldnt amazing unkunk
Negative,eamaddennfl prolly garbage game ive ever played absolutely zero skill gap little bums can beat his right cross body yard shooting shoulder do pay every fucking year play this garbage its fucking garbage every december
Negative,eamaddennfl don’t create one inactivity feature online that concedes pk after two delays game vs guy you’re playing you’re beating senseless nobody waits min get penalty points pk loser taking penalties back their goal line
Negative,rainbowgame ubisoftuplay ubisoft askpaypal now mark bought r s got none nothing please help
Negative,enough this dlc might just bring us new splinter cell video game soon ‍ 🤦 ‍
Neutral,awww yeah its babyn s birthday
Irrelevant,halloween died this year six facebook moms florida take blame
Negative,fortnite shit
Neutral,latest falk hedemann daily paperliwissenssucher… thanks lenadoppel
Negative,rainbowgame just played away ranked game lagged after exact moment saw “ end match bonus ” suddenly instead given ranked match unranked ban mins renown penalty period therefore “ lost entire match ”
Negative,one nice misinformation
Negative,activision hey suffering problem call duty mobile stuck getting game version info screen fix
Irrelevant,mentions tic tac instagram twitter mentions google went south indian iwood iwood iwood
Positive,annnnnnnd one
Positive,microsoftxbox buying zenimaxbethesda huge wish awake going butdunno feel one hand honestly dont care beth games know people who love primarily play playstation this could potentially suck
Irrelevant,had good moments building this fire edit hit dm youre need montage poqijk playapex respawn ea twitch fuhfuhfrosty sfdemonic d quickclipse zxlesserevilxz sacredslash s s newporrts xrealmzy rts r
Neutral,this shit sexy
Negative,callofduty earth do even care put duos this update thought quite good artistnever mind its just fuckin jokin cause its thing can do rn
Positive,cemi johnson johnson makes perfect sense chembio has dual purpose covid test j j will need tests patients verify efficacy vaccine price target companies will hire cope production revenue increases buy equivals pictwittercom apdtzzbk
Negative,safety business
Neutral,dont know what happened wasnt properly screaming died his turn
Negative,slowly getting back apex went
Positive,love setting frank woods back sort like black ops like ccr new order song selections almost like campaign going dope
Positive,thank god god
Negative,rainbowgame bruh after update did skins load outs reset long putting back practically normal
Neutral,unk johnson halting use talcum powder powder thes feedshiphopcomjohnsonjohnso
Irrelevant,mohamed salah simply best its exceptional
Negative,hey xbox s new xbox app windows feels im store actually using xbox … companion app much better
Positive,maed dis bc love maya siren im proud
Irrelevant,didnt notice pay close attention actually hear music headphones also itsayane never doing this
Neutral,punk delayed wiredcom story cyberpun
Positive,im post
Positive,announcement ps have say what seen past xbox ps really cant wait get rtx pc
Negative,shop lowes
Neutral,best cs go trading websites list csbetsorg csgotradings thx csbetsorg
Neutral,best unlimited data plans tmobile t verizon chrisgreenhoughblogwordpresscom
Irrelevant,preparing pi day activities next month adjust this one list thanks dettawhitlock sharing
Neutral,just another manic monday
Negative,hi epic games wanted tell people that fortnite having code glitchepicgameses
Positive,want give tommy nelson homedepotstore
Irrelevant,fashion star vijaysrig onlynikil camsenthil rrajeshananda
Negative,eamaddennfl trash
Negative,wtf that ’ wasn m going have reinforce desk support this
Positive,bro cant wait till august cod black ops cold war gonna fire activision doing best cods god
Negative,hey verizonfios verizon verizonsupport internet speed mbps downmbps pay gig symmetric services test performed wired connection cat sftp gb cables speedtestnetresultcb…
Irrelevant,sooo go chanel store ask just gift bag fill reasons cant live without wont get top cut jaw
Neutral,xderbusfahrer thanks entering grand summoners watch video see ever won winning amazon gift birthday card see retweet every day helpful wanting another chance win play gs global search now free one punch man unit
Irrelevant,trentaa loved lost diogo mi jota fifa cuz just man city fan
Positive,next short one borderlands true handsome collection youre welcome
Positive,hrs that this many boring hours have put assassinscreed odyssey just finished main story what good game going have something say that although surely now favorite example ac dos games well done ubisoft
Neutral,check dj video
Negative,flatline red dead redemption pictwittercom ksiqvvnm
Positive,ah cozy sooooo cozy
Neutral,playing
Neutral,its like universe doesnt want get shit together wants just sit ass day playing video games
Negative,wbz verizon have verizon cable wbz keeps freezing get disconnected connection spoke verizon twice this week their solution unplug coaxile cable worked initially doesnt work anymore could way wbz broadcasting
Positive,phenomenal job shay homedepot homedepot forunk rainsoft appliance longevity hour equals shopping carts got done mins great customer service
Positive,love this battlefield bugs french tanker scout jaqubajmal pictwittercom oebljffm
Negative,fortnitegame might well unban liljarviss since fricking ais bots have aimbot
Irrelevant,inuk repeated word note previous day hospital nurse lets give huge green heart warming thank nakummek gift amazing nurses thats gone beyond their call ambulance duty even during battling pandemic
Negative,definitely don ’ t fuck nbak anything definitely coping kobe second edition never open play
Negative,hey verizonfios verizonsupport does internet speed drop mbit s pay gig sim card services testing done via wired connection cat sftp gb cables speedtestnet result c bb
Neutral,check video
Irrelevant,join us live facebook today cst minute trauma informed yoga session led wonderful hanah grab mat comfortable clothes move us
Neutral,legitimate kill people their hats red dead salvation fashion bich
Positive,this looks hard
Irrelevant,trvisxx sorry called black leather skin boy fortnite battle royale samsung da galaxy phone
Neutral,best nvidia graphics cards finding best gpu googlenewspostcombes… googlenewspostcombes…
Negative,girl trippin cost new ps pictwittercomvhdthlp
Irrelevant,double surfer sexual demos subscribers away good time sit original dota would take sea should expect
Positive,wow ghostrecon now sucking heavily
Irrelevant,remember back people city one would put water buggies still do this wtf
Negative,best ever
Negative,rainbowgame fix crouch spamming
Neutral,played this interesting quiz amazon try luck chance win exciting rewards amazoningamesharegik…
Neutral,permissions error exporting microsoftunk gp smartlist editor azrcrvcouknqhit
Neutral,ciaranstrange happy old birthday
Positive,cyberpunk delays incident simply getting bit ridiculous this means spending processing time assassins creed valhalla
Positive,easportsmut maddennfldirect eamaddennfl next year think that would awesome made coop franchise today without ur friend can play controller what would dope
Neutral,today im testing this face mask sample received origins sell this cute little brush that can use applying cream facebook mask im honestly little excited
Neutral,cool won steam copy
Irrelevant,turn people
Positive,borderlands duvalmagic hearts event brilliant thank
Positive,tv have u played borderlands pretty fun imo anyways whateves pictwittercomuouteado
Neutral,accidental tk apology small piece
Positive,switching verizon get home tmobile damn hoe west texas
Irrelevant,across gta singlefamily homes constantly turning multisuite properties options you’d think learn this could benefit issuucomhomespublishin…
Positive,this bus looks pretty dope xbox cyberpunkgame
Irrelevant,gotta get george sorbo he’s right their right you’re right
Neutral,just earned mythic what dragons nightmare achievement
Neutral,classic wow loot farming uldaman pages
Neutral,let talk tweet email facebook dig their graves every idiotic word
Irrelevant,last powerful fridge ever
Negative,madden jackson shouldnt this promote this youtu com r gzh nrjsq via youtube t simulation football eamaddennfl
Positive,one their favorite songs ever maybe one favorite games blessed peacemakers
Negative,nk did start this generation this graphics finish this graphics sad that everyone hungry money that sacrificed good game micro broadcasts screwed fans had competitors
Negative,rainbowgame vote kick stupid thing youve ever added game its annoying clash trying get game hour keep getting kicked plats toxic
Positive,creative team has
Negative,before never find shit
Neutral,verizon tab love that
Irrelevant,had guess crossplay took long
Negative,rainbowgame youtube gj wctybmk yo ubisoft fighting eye working
Neutral,pregnant hate freddy drs casey
Irrelevant,hope that little brat gets his account banned lol look that ginny face
Neutral,one among stranger things that dark dead ii offline online has told that live cans trash everywhere old west
Negative,piercing overwatch has much cock sucked
Neutral,virtus pro currently far running top top dota publishing team dc cis right now dotesports com dota news vi html …
Negative,pubg ant ban hackers ban twitter app
Positive,warlock unless banned twitchtvmicollo
Positive,man playhearthstone mode tough love barely made first many attempts picfacebookcom vaykunzb
Irrelevant,one man drum did much that covington kid went rich peaceful pipeline protests without deadly force option love think what response would like us taking streets bloodshed keeps poking brain
Positive,new comp has amd xt red dragon anyone have exp amd cards seems like drivers buggy which know new drivers supposed better comp still having gpu related crashes should just return nvidia super
Negative,ubisoftunk action has taken stand commitment make pornography safe industry especially women
Negative,youve busy talking hoax that ignored experts real problem now thanks internet
Irrelevant,yall bout see watch dogged
Positive,mental introspectionunk unk unkmy gta dog character doing different stuff im really proud this piece actually easter eggs these artwork wanna discover themunk end people can find this tiny video instagramcompbfilhlspf
Negative,bill gates even typical ruthless mob schemer who demeaned his employees publicly conspired rip his business partner according memoir allegedly written co founder microsoft microsoft producer paul ray allen
Negative,hate direction microsoft taking this their windows s business which one that can install apps microsoft store windows microsoft
Positive,love sounds like hot new tv show
Positive,chauchat beast its also quite fun pair welrod pistol scocontent scohellfighters
Positive,finallevel finally bought myself copy borderlands game went awesome legendary balex entered absolutely killed
Irrelevant,conservative values that believe small government free market low taxes property rights constitutional rights conservative values that dont believe calling people snowflakes facebook years getting upset syrup company doesnt want racist
Negative,dead ass
Negative,prices new minecraft emotes ludicrous damaging things microsoft mojang world terms reputation this cash grab especially should reviewed way expensive have ever forgotten reputational damage has caused worse eas loot box scandals mojang jeb
Negative,geekyranjit hi bro this bug max windows pcs searched internet this problem saw articles said that microsoft answers forums twitter also filled windows users reporting that bug occurs during shutdown pictwittercom gimwjcjm
Positive,lets fucking gooooooooooooo pictwittercomrdvbloyseh
Negative,google meet does work
Neutral,aug congratulations these fantastic players shackerlol zhandia teamdynamicslol teamastercn sccc cn team unq photo credit riotgames starladderdota
Negative,legitimate concern that johnson johnson vaccine does im probably going get after thousands people cancer im going like dont give german vaccine please
Negative,ubisoft rainbowgame x okay tried leaving holo sight didnt care thickness still wanted sharpness now do its got super pixellated
Neutral,someone breaks mums phone deletes her app facebook this woman trying feed raw garlic keep crown away
Neutral,feel guilty having robbed nbak exploited game virtual currency ready accept ban will take like man psn ladaven
Neutral,covid big shock hiv vaccine johnson johnson stops trials facebookcomindiaenglish…
Neutral,latest daily newspaper jnews paperli thanks kalaipr cubbson cabal
Positive,im excited this game cant afford yet drop steam bc like em really much
Neutral,man this odd shit lol
Positive,great options see com meet stream things sharing screen thanks ericcurts
Positive,eamaddennfl using spirit robotics machines remove dads fraudulent systems
Positive,lol accurate
Negative,fact that nothing happening gta bugbear
Irrelevant,hate
Negative,l “i recon i’ve hacked fifa headquarters” rhandlerr pictwittercomydjqqggx
Positive,great nuggets insight without result overhead
Irrelevant,ban battlefield player itzawwzy has occurred see details bfdbcomplayerban…
Positive,wow reason get really good na easy ping now lol wtf happening im west
Positive,won bright minds achievement assassins creed odyssey times pts trueachievementscomgamermauricio…
Positive,birthday late april first week may close release date expected game cyberpunk would love see breenix win playing these years nvidiageforce nvidiaanz
Positive,youre stuck home can play game invented called google image trump game search random words google images get bottom without seeing trump win last time got end its scarier slender picfacebookcom hskrgfc
Negative,premium unless go verizon t picfm cbhxfhj
Neutral,rhandlerr rhandlerr spinning spinning spinning pictwittercomgsyqirswqk
Neutral,could go well terribly wrong
Neutral,best fantasy book ive read ages narrative really powerful rarely do get rational feeling after reading worked amazon review
Irrelevant,toronto experiencing homicides every year after recently males females now etc gta city population people homicides suburbs uk million homicides gta population million homicides total ytd homicidecanadacomtorontoh…
Neutral,crimsix chicago huntsmen think theyre good atlanta theyre probably second best team cybersportnewsnet
Irrelevant,one day im kicked guruaf gloryjeantv facebookgaming next day won second place jsmoothhd diazbiffle swagg im worthy these lobbies fbgg gginvert
Neutral,this shoutout everybody whose respective rtx x cpu gpus just lost half their value ever mention last titan woof
Positive,k clutch hope last flick wont get banned rhandlerr pictwittercommdsxsdhat
Negative,trump going shoppingclass lawsuit twitter google twitter around youtube
Negative,im sorry valorant looks like awkward flip unity game frustrating elements csgo missing charm overwatch
Positive,twittercom minteractapp s tco ubdtreiud
Negative,what type gta v bullshit this pictwittercomuoshkypq
Irrelevant,whoever voted ps nounk cool
Negative,mission bravo better company ’ m sure
Positive,far much better yesterday
Neutral,youtubecomwatchvrbrxd… new gta content like discovering new business tactics strategies click link like video much love thank guys
Negative,pain rhandlerr pictwittercomseehozpz
Negative,disappointment immeasurable suffering perfect day ruined
Negative,nbak can buy fucking clothes this vid
Positive,number second phase consider anything else youre fool
Negative,ok that comes microsoft says will year exclusive rights xbox series x business decision favor know that right people who think doing kindness their hearts players content
Neutral,johnson johnson halts sales baby powder us dlvrit rwzttl tco imscmdhkl
Negative,certainly big aaa game companies dont interest anymore their cash grabbing fullpriced garbage microtransactions thrown top
Irrelevant,best funny dota moment words dare laugh youtu info aaxtapls via project youtube people please receive likes subscribes
Positive,ngl gs also fricking cool that foxs sound design team used literally last japanese zero aeroplane s original engine capture its sounds air battlefield
Positive,yes released year verizon nostalgic feeling watching old shows childhood amazing unreal
Positive,yoooooo
Positive,dude that whole chat amazing glad playhearthstone upd its viewership k counterk guys us talking appreciate
Positive,thank
Negative,oh dear god computer interface gonna get fried this
Positive,last year had legitimate pleasure working k anz don pez bro this custom borderlands theme playstationau oh what time
Negative,did
Negative,nbakmyteam fix game opponent paused times pressed hard get win got shit wtf
Positive,unk michalpg
Neutral,red dead redemption pictwittercom qnncnzyq
Negative,johnson johnson thee johnson johnson who knowingly gave women cervical vaginal cancer their baby powder dont trust
Positive,latest creed assassins looks like freaking sick cannot wait
Negative,facebook boycott major corporations demand mass social networking censorship theblaze theblazecomglennradiofa…
Neutral,flashback kin androids homely cousin dies twice hands microsoft verizon greendailiescom flashbackkin
Negative,what ban like
Positive,morning todays itinerary bitchduties do roots redye hair long hot fires hell itself bubbly bath one universe n shit who kidding last one play titanfall play battlefield take pics web work
Neutral,date creative director ajodumont live los angeles e present official trailer assassinscreed odyssey sure highlight whole team
Negative,bitch did often play call ii duty these years come back just got call duty yall bet call tho got full retries died game
Neutral,will say that playing hearthstone ptq last weekend made better enjoyment play that ptlevel compared its consistent disappointments above that
Irrelevant,god hates truthtellers
Irrelevant,do copy twitchtvmrdodgezunk
Negative,its pity that many people still pay microsoft office use word google dos much better fronts free this tweet mostly aimed past
Neutral,ghost tsushima feels alot like assasins creed
Negative,damn
Positive,imagine complaining wanting realistic body proportions overwatch characters eyes literally size their fist shut bitch let artists do what want
Positive,here’s hoping make pre patch announcement tomorrow
Negative,switzerland has opened criminal case fifa boss infantino skoppiveorg swimmingop
Neutral,shutdownsafety clint oldenburg highlight film jersey his roughrider days must know yoooooomoma must have im sure need everythingbe pulling videos world kivunk players embarrassed that day
Positive,satisfying
Negative,i’m going back tmobile verizon sucks
Neutral,nbak needa kobe cover outta respect cuz even one favorite art
Negative,oh always hatted playing tracer im damage
Negative,dammmmmmn
Negative,dear pubg that doesnt mean dont care ban just shows that have zero z e r o control start trying stop cheaters servers can talk
Negative,fifa damned without body
Positive,r ended playing pubg doing assgn pictwittercomglbawyl
Positive,wendie renard fifa trophy his train appeals upon its appeal dlvritrmnwq
Positive,also love way looks gone even front ’ s refreshing tell ’ m warming
Negative,someone needs held accountable these atrocities this thread nbak ldk ronniek beluba
Positive,ashrafaismail assassinscreed chance u can remake assassin creed would love see jerusalem fully realized egypt ps please do gear scores levels weapons new game also raids love stuff bf origins favorite games
Irrelevant,pubgmobile account id orcpreda currently logged pubg account lap top cafe already know what happened suddenly account banned mini spend lot money iti played this game since season please try somehow get account back
Positive,ms excel powerful
Negative,literally completely toxic bro left game clear res him oh knocked person three enough times talk frustration that lmao
Neutral,sage apothecary lemon cream purpose sanitizer ml order online iftttwojt
Neutral,time landonorris refused even click game now its come point hes willing wait days hour minutes seconds gameplay
Neutral,man would shame rainbowgame gave black ice cream valk haha what
Irrelevant,still feels unreal adults made gg sinnersesports
Neutral,best unlimited business data service plans china t mobile us f t verizon chrisgreenhoughblog wordpress com september bes …
Neutral,guns love speed tentacles now main reasons wed re excited
Irrelevant,jeriolex wins dm claim minutes
Neutral,call duty black ops cold war beta good solid problem opinion overwhelmed grenades game otherwise will fantastic game will grind zombies like crazy
Negative,bro went fucking flying holy shit
Neutral,really like randy pitchford ands nothing helpful hope things mix
Irrelevant,game pass still greatest thing possible come this generation little kid kid little money this service online would have life saver props microsoft
Positive,mins newest video ghostrecons pvp isnt perfect couple issues does have good bones excited see next addition engineer class shake meta
Negative,think that
Neutral,google could face another class action this time problems pixel androidpolicycom goo
Irrelevant,interesting reading agree that women should have careers security women better security men
Negative,personally think that csgos community has one big huge issue think know what reality dont its almost funny often hear things like source will fix valve fix vac reality its easy sounds
Neutral,keep air balling rhandlerr pictwittercommhzadh
Negative,hello hello microsoft billgates theres got crazy cloud spreading fake news aventurasnahistoria f uol de com w br list noticias histo …
Negative,dear verizon read room bro we’re middle disease pandemic people losing extra jobs their minds send texts trying sell their phones customers sincerely america
Neutral,didnt play overwatch one day aim shit
Positive,bravo riotgames always know get hyped leagueoflegends ranked season super excited
Irrelevant,cant stop thinking fucking fucking this travis scott concert
Negative,madden nfls season this year actually kinda smack
Neutral,good morning kaballers crew wow support have shown amazing thinking myself this morning one giveaway enough can top big number today get entries minimum ill do second
Positive,clear situation nvidua’s competitors who rely upon arm cores
Negative,suing johnson johnson cause grandma died ovarian cancer always put baby powder us
Negative,verizon really should clear promotions dont trick customers opening credit cards exchange discounts that dont even exist
Positive,book went amazon bestseller’s chart exciting check “more reveals”
Irrelevant,classic wow hearthstone keychain metal box luminous pendant world warcrafts toy heros keyring crafts hearth stone gift silvliningcomshopclassicw…
Neutral,thousands plaintiffs given goahead talc lawsuit johnson johnson bharattimesorgthousandsofp…
Positive,perhaps this part excellent time actually go try finish red dead redemption
Negative,yes delay
Neutral,update thwarted bank now borderlands
Positive,s funny day shortly after installed new verizon call filtering app get robo r call that came right great app
Irrelevant,round iconic game bradley worlds deleted g aced greatest team history league legends crushed greatest team europe has ever produced
Positive,favorite games old specific order borderlands rage outer worlds control death match metro world long gone also played walking dead this season gott really expect life strange season decent great
Neutral,maybe
Negative,oh goddd
Positive,contact entered this cool newgo giveaway idleempire wnnrepnt
Neutral,know pretending mad had do em
Neutral,check this epic build made designsbyifr should have lot space this whos best hero overwatch 🤠
Neutral,know whatever time i’m you’re going beg take ways shameful you’ll left blushing after i’m expired”
Irrelevant,can u just sit retweet negative shit like this day god its shit even just league stuff tweet fan shit mostly negatively well
Negative,imagine legacy
Neutral,youre going inform people restroom homeunk please use better choice words which said gonna blow now
Positive,their best plays night
Negative,gameplay slow
Negative,august september th release dates prices blatant lack information well backward compatibility really works neat informative videos lineup worst nextgen marketing ever playstationunk
Irrelevant,stupid yearolds who write bad poetry need get away computer talk real people who dont believe vampires
Positive,this pretty fun guy watch bored
Positive,thank verizon incredible support provlib work digital justice community
Positive,this game gotta freaking lit
Neutral,imagine sabaton had made album warcraft would have died happy never wanted anything wont happen obviously imagine
Irrelevant,have flaunt thighs best thing anyway
Positive,nuttiest thing have ever hit smoke double kill csgo medaltv clips tco zxtjyvtmj
Positive,omg love that song world warcraft pandaren tag theme win
Neutral,starting fable queen tomorrow ’ s definitely going absolutely amazing fable king fiction now amazon everybody going get mood hey who knows time ’ ve read fable king might have finished fable queen bookshop uk tmblr com co ziynswzpofmy …
Negative,easports eamaddennfl product just fucking joke like animation cheese galore ’ s like none one fucking retards actually played football literally can ’ t wait till k puts fucking idiots this business do break something usual change bring back ncaa fucking dumb
Positive,see
Negative,bruh
Irrelevant,well excited end world idk y’all
Neutral,low negative google reviews four star reviews medium reviews buycomservicebuyne
Negative,entire country russia poorly programmed modded gta game cant convince otherwise
Negative,game sucks ronk nk
Neutral,support this trend has reversed want explanation
Positive,feel terrible like overwatch time
Positive,think could just say addicted
Negative,this man unable buy pubg steam had play pubg lite pictwittercom yrwemcnb
Neutral,time show love good streamer head tknockout s channel hes doing
Neutral,save aero oled edge award winning desk design stunning k oled panel color correction accurate right front inside box core apple nvidia gtx gpu this also sweet work home create anywhere laptop buff ly kdorq
Neutral,time donate support random cool streamer head tknockout s channel hes doing
Neutral,just earned depths land visions talent achievement
Irrelevant,thank teamendpoint gorgeous
Positive,whoa definitely doubting blue white
Negative,hour later still phone
Positive,fact that that somehow can play overwatch tv after having these years finally can eat chipotletweets time miracle seabandnausea
Neutral,played this interesting quiz amazon try luck chance win exciting rewards amazonin game share ghs
Positive,help win this awesome csgo giveaway idleempire wnnrkynhv
Negative,ghostrecon servers trying connect last hours error mountain
Neutral,borderlands two w used dragon someone help
Positive,just we’re clear black ops destiny beyond light spider man miles morales demon souls assassins creed cyberpunk yakuza releasing within two week period i’m going die every guide writer will die you’ll tell children this moment
Positive,unk yasss excellent snarly behavior
Positive,yesssss yeyyyyy this huge boom
Positive,hehehe yasshehehehehehehehehehehehehehehehehehehehehehehehehehehehehehehehehehehehehehehehehehehehehehehehehehehehehehehehehehehehehehehehehehehehehehehehehehehehehehehehehehehehehehehehehehehehehehehe
Negative,already champions league damn embarrassing idea
Negative,eamaddennfl yall really got dudes fast salary cap june wrsoline r wr triple line streak put speed salyers back run
Negative,biggest scam time
Positive,sk komianos cdpr trust
Neutral,dragoncaster players deserve another nerf since this last patch roccozoomcomhearthstonesd
Irrelevant,this just immature got whopped just get ready next round don’t shit setup shit game
Neutral,leagueoflegends guys gonna come back odyssey year personal favorite i’d love see
Negative,eamaddennfl tonight had multiple dy syncs errors fix ur servers
Neutral,ive just earned horrible bosses
Neutral,available amazon amzto dxtd
Positive,this depot wildin
Neutral,hector balderas attorney general new mexico accused johnson johnson thursday misleading consumers especially children black hispanic women safety its talc products nytimescombus…
Positive,log owl account first time months see that sombrasbutt loves overwatch star wars just much tco wvicemrfwy
Neutral,check video
Negative,clip that shit
Negative,borderlands wtf
Irrelevant,bahahaha red alert rich guy says his employees gunna get biden elected love god look this rudy put fucking dick away look herepleaaaasasaseeee sean hannity basically
Neutral,entertainertoys hi placed application which hasnt turned zero customer reception receipt emails response beyond facebook chat cant offer customer support dont sell one
Positive,im bad birthdays that dont have u facebook probably wont hear
Negative,wow nk yall gdo something this
Negative,eahelp good evening cant access fifa disconnects server time cant play ultimate team
Neutral,call mountain lor card impressions freljord freljord face old ones
Negative,see y’all didn’t hesitateunk take great time this month smh verizon
Irrelevant,hennessego happy chicken team
Neutral,tf november absolute madness age calamity cyberpunk new hitler before fuck october get watch dogs fuck wallet
Negative,alibaba x aliexpress do sell real salux
Positive,did
Irrelevant,trading yearolds stock market terrible news can instill good financial habits curiosity
Neutral,man beat xbox canada contest win
Negative,that made michaelvick problem eamaddennfl easports sportscenter
Negative,trump shoppingclass action facebook google twitter youtube
Negative,nbak nahhh these shot meters annoying
Positive,these pies wont stop moving ill get
Negative,jj should sooooooo much lower lmfao tj should above him myles chandler von mack smh this list damn ass
Neutral,check cenizas americas half sleeves polo collort neck casual tshirt maroon grey usa cenizas bytoagilnu via amazon product type slim fit material best fashionably comfortable cotton polo short treshirt that have had till
Positive,fact that can play overwatch after these years finally have chipotlekets time myth seanausea
Irrelevant,really love knowing just look today what do ever feel
Negative,used free tiers level expect have free tiers don’t check account dm details infinityward activision
Neutral,new league york charges johnson johnson national insurance fraud its opioid claims pageone ng new plan … jnj
Negative,girlfriend stumbled price new inch model
Neutral,anyone want buy who lives sidcup south east £ let know otherwise ill send back picfacebookcom yrenpxcl
Negative,got hit min abandon sanction got disconnected server after rainbowgame froze
Irrelevant,professionals capital p pissing name gazuntite enjoy
Negative,borderlands something seems broken m drop rates constantly falling less lower chaos levels this possible loot modifier swear see greens blues anything boss kills
Positive,xbox series x seems like must have console gamers what microsoft did this system amazing
Negative,eamaddennfl worst game ever created period
Negative,seriously fifa scoring system should banned everywhere daylight robbery
Positive,ranking herdstein much fun new system really makes want climb seriously impressed
Irrelevant,wait tf did press space twice full stop didn’t appear tf this bullshit
Negative,eamaddennfl lied i’m disappointed
Negative,do want fries die that salt lol
Positive,im love this game خلاص حبيت اللعبه callofduty callofdutyara
Neutral,streams red dead redemption come watch twitchtv brunettebruise
Irrelevant,hahahah youre battering someone fifa radio keep pausing have wait brief seconds ive got good night youre half wasting away time
Neutral,this punk xbox much championofgamescom thiscyberpunk
Neutral,historybluebook netflix amazon list please pick that show instead amazing also much better just majority programming one lot shows available see every week please don’t make have watch ancient aliens
Neutral,just earned mythic dragons nightmare achievement
Irrelevant,broke hand playing bennite youtube ucw tjrm fenco vjeykruh
Positive,honestly thought this writing will top ps preorder
Positive,wanna play shooty mclootyguns people borderlands recently solod maliwan takedown mission met slaughterhouse mayhem live intense fun fps gameplay ive had years
Negative,guys new news
Negative,playing league legends must one worst ideas
Positive,first time that eu commission has taken step
Negative,dove posted lot negative comments state hearthstone recently however thats ive loved much long truly hope next expansion can times refurbish kingdom feel its moving original direction move scott
Irrelevant,apologies becoming hades account essentially overnight just finally have something else filling overwatch shaped hole deep huge heart brain
Positive,gosh wish could play
Positive,this insane what what what what what
Negative,name fail
Positive,edge chromium good news privacyconscious people builtin privacy controls give microsoft edge google information retaildirectcouk blog microsoft
Negative,yea that ugly shit hurt
Neutral,someone hack moms phone delete her whatsapp facebookthis dudeunk trying feed everything raw garlic keep corona away
Negative,eamaddennfl adjust k adjusted nearly disrespected him going
Positive,throw overwatch games could just dipping
Positive,just saw playhearthstone walking street get tram courageous card game use public transport its humbling see
Negative,fuck life
Positive,amazing one synergy moments wombo combo captain league day legends o youtu ll bxbinoybc
Negative,now receive mail that accused coin trading whattttttttt shocked guys ea help investigating account hacked conclusion that now doing illegal coin trading eahelp guys joke year
Negative,homedepotcareer home depot recently stopped hiring running background checks this man has felony murder aggravated assault illegally got job paying hour this shut im scared
Negative,want always want skin
Negative,hey riotgames leagueoflegends sanction bunch toxic playesr avoiding troll players can shared us explanation maybe
Positive,congrats say bloody times straight victory royale unk ejsjlxpwvtvyyvfukzbkappvyjjxrvh
Irrelevant,ea uk bans prominent fifa web streamer kurt video streaming its games due toxic behaviour tinyurl doi com yxyvwhq
Negative,this aged well
Negative,well since cyberpunk november will now either officially valhalla month new computer sims ep really ’ s less good meanwhile still have broken heart this game has actually let much two guys ’ ve
Negative,damn shit least act like care sad
Neutral,looking back old files playing hardrive year stomping kids cod get voice messages filled petty rage sent hit life good ive spent nearly thousands pounds thinking im fucking great pc gamer unk
Negative,fuck verizon throttling data half way thru this rd quarter
Negative,anime has always worst part fake news hasnt
Negative,its literally lonely inside this bar theres phone service east hollywood hills majorseven tmobile verizon att
Negative,months later reinstalled warcraft see main menu still running frames per second
Positive,those participating this beta weekend have absolute best sniping class setups tundra pellington let know what think youtube qpptdve tco endbqoxpua
Neutral,ugh just wanted get goddamn hearthstone love like air butmy stuff iss damn chore xx
Neutral,nvidia’s data centre biz tops gaming lead revenue source – should enjoy king lasts anithcomnvidiasdatac…
Positive,awe
Irrelevant,bahahaha red alert rich guy says his employees gunna get biden elected love s god look this rudy put fucking dick away look herepleaaaasasaseeee sean sean hannity basically
Neutral,incredible work eamaddennfl
Positive,this certainly interesting casting choice dont get wrong love cate blanchett lilit
Negative,wtf ana banned okay im afk week ggs
Negative,moment quit
Neutral,i’d love towards see shorts starting rainbowgame operators like do overwatch much
Neutral,just one hour come see us play battlefabc live noblegg going make sure its fun watch d pm est
Negative,this bliss
Neutral,cyberpunk arent happy melee working says cd projekt red vg vgcomcyb…
Irrelevant,twitter just make put password confirm identity bitch this ain’t google
Irrelevant,crossbows friends youtubeorcyxluy useful news aaron people aggrobeard reviews cheweycrackeryt
Negative,fuck this
Negative,ghostrecon breakpoint keeps booting mountain rd time minutes
Irrelevant,king taa bless heart
Negative,stupid fast this
Irrelevant,playoverwatch ai training bots still can practice good class sportsmanship strong polite “ gg ” voice line certainly can ’ t ow team community themselves
Irrelevant,dont even google name u will b succeeded well
Neutral,now president slapping americans face actually committing illegal act after his acquittal discover google vanityfaircom news t
Neutral,microsoft confirms internet explorer virus has successfully exploited security updates meterpreterorgmicrosoftconf…
Irrelevant,hack warzone
Positive,cock johnson receives positive chmp opinion companys investigational foot ebola
Positive,people actually want that this game gets updates years lmao stop livin past move tf glad ubisoft doesnt even consider
Positive,started playing overwatch switch exactly covee started combination this game this console has made friendliest gaming experience really zen compared lobbies ive experienced
Irrelevant,rip reckful always good dude back world warcraft days
Neutral,epic will do mock apple ’ s known iconic ad possible revenge taking fortnite marketing ’ s app store ban toptech news epic will mock …
Neutral,have blood nose whistleblower says facebook started global political debate buzzfeednewscomarticlecraigs… via craigsilverman
Neutral,verizon told stop ‘ highly powerful g satellite ’ claim fiercewireless com mobile operators veri …
Positive,games love tags ff roller coaster tycoon mw dota fifa kiasht
Positive,nvidia new hair removal done green one used
Negative,just stop
Irrelevant,hearthstone oscesports championship rankings updated last week results victories last past weekend tourneys maddoom keeps increasing his advantage osc points now tournaments victories oscesportscomhearthstonera… hsesports hsreplaynet
Neutral,johnson johnson stop selling talcbased baby powder usa canada twosheepcom archives
Neutral,want succeed will offer complete google campaign solution visit suggestion bitly eiqka
Negative,guys primary school pretty tough this first edgy emo shirt that owned mum crazy this ndjdjdkdkajsj that sometimes hate facebook pictwittercom areqobytr
Neutral,movement speeds better ever yet death animations exactly treyarch yet stay away ragdoll animations
Positive,wtf that card tiny tho see
Positive,battlefield plays much better without modern warfare when’s that first original battlefield coming cod can’t seem make decent budget these days
Neutral,esports probably know left dead list goalsncomesport
Negative,people believe everything say publish
Negative,its always hilarious end year comes everyones team equal see yall money spenders disappear lol really shows trash yall game lmao eamaddennfl easportsmut
Positive,congratulations retirement maureen past years home depot have influenced many people thank wish best chipfull leika indglover samconley gardnerd fly broyles davemusen thdonov picfm spgbrsky
Neutral,china closes foxconn johnson johnson samsung factories amid
Irrelevant,slightly annoyed certain prominent unk commented certain cosmetic characters locked behind real money paywall tl shrugged said its world believe prominent youtubers actually spoke this sort thing would
Negative,im terribly sry m able go live right now hope u understand night trying fix sc had reinstall windows nvidia plus whole game scratch
Irrelevant,today has just first fun ’ ve had watching interacting overwatch league long time
Irrelevant,nk whats wrong event
Neutral,live phantasy star online ship home ship now unboxing amazing gorgeous logitechg tkl omgawhed twitchtvdjtechlive clash tournament leagueoflegends later tonight
Positive,wasnt feeling assassins creed origins best really loving now
Neutral,finally earned deepwind gorge perfection
Neutral,first time tried king chen slardar rubich leshrak dota
Negative,death scott
Irrelevant,ban battlefield sasobyteunk occurred see details bfdbcomplayerban…
Irrelevant,love seeing naughty dog fanboys squirm every time cyberpunk gets brought desperate fail it’s pathetic
Positive,im liking this new update
Negative,playhearthstone servers working keep kicking friends really fastday long mention matches nobody could play standard ranked matches around row priests their broken reborn deck cant just coincidence
Negative,i’m extremely disappointed amazon today ordered kindle lightning deal order canceled leading payment issue try order back says deal already claimed which disappointing thanks amazonin
Positive,seriously thats insane although already looking incredible
Irrelevant,this twist works microsoft nbc look that reckon her lackeys suck probably have idea what shes saying who shes really supporting should forgiven misguided obviously wants microchipped have mandatory vaccines sick forever
Neutral,this isnt amateur hour im still crushing apex legends twitchtvtheflyingdtchm…
Negative,cyberpunk ready september just make their console launch anyway get shit done right i’ll appreciate
Positive,vhnmxpgoou il shit
Neutral,amd allegedly testing big navi – will monster build thatll really worry nvidia dlvritrnbclk
Positive,that google commercial tho
Irrelevant,look happy finally agreed who does hitouch fans pubg yoo taeyang unk x
Positive,thank rhandlerr new te austin hooper orange brown pictwittercomgrgxzfkon
Negative,rockstar makes much money cards sharks that never stop doing crap never get gta
Positive,exciting news im finally working gaming pc intel core ™ ikf asus prime za inch gskill tribune z ddr way will take month get everything im really shocked
Negative,ghostreconuk im team angel guardian elite force did first part itthe one helicopters hell
Irrelevant,make fun one brown boy gta comes rest em pack kumon centre
Irrelevant,fucked mum longlost yearold father tchtv casualcable
Neutral,ive also completed cureleukaemia currently have views twitter facebook combined wow thanks everyone
Neutral,its
Irrelevant,watched assassins creed movie around dana point subtitles died relevant shot scenes shortly later losing film projector werent given refund
Negative,servers sent
Irrelevant,brb crying simeon luke cute unk
Negative,pubg pc awein took beating unk dont play
Positive,watching preview assassins creed valhalla already looks good
Irrelevant,oh go watch boy best
Irrelevant,still think its unreal did gg sinners orts
Neutral,joe buck gets excited hearthstone
Positive,satyanadella microsoft thanks never celebrating
Negative,eamaddennfl these mishaps must go
Neutral,ohh wanna put whip hair fuck
Irrelevant,live now winniedapoohhh vantooren julianjanganoo squezy twitchtv winniedapoohhhh twitchtv vantooren twitchtv julianjanganoo twitchtv squezy show love
Positive,red dead redemption greatest video game time
Irrelevant,surprising that eu commission has taken number measures recent years improve situation ukraine
Irrelevant,ea banning dxvk players ea forumslutrisnetteabanningd…
Neutral,prosyndicate dude that sucks computer runs slower bag potatoes well can really play borderlands ps
Negative,welcome fortnite — guys literally don’t fix issues just keep adding shit playapex games ea absolutely garbage
Positive,nice one valve redditesgskv
Negative,unk problem class selection have season pass test wantt select
Neutral,laggy flick shot check channel twitchtvjjulsow
Irrelevant,thats dont care what u say im best csgo player ever heres clip dyeing pictwittercomzjxtotyx
Negative,used understand black ops after class warfare iii cold war shit ain’t
Positive,massive fan classic video games scene like warcraft early league legends that drew heavy inspiration og dota mod seeing real champ like this clearly recognizable motif welcome surprise ah can ’ t wait see her abilities
Positive,first had feeling creed assassin now really love
Positive,best game
Irrelevant,fishman made this fanart leviathan fortnite got pretty happy this result he’s one his favorite skins he’s kinda cool wanted that fx style him cuz does match much backblings
Positive,happy monday everyone another happy day animal crossing followed assassins creed going live hop twitchtvcrashgamerevie…
Negative,thanks google fucking idiot pictwittercomysfuxcu
Irrelevant,its feeling win duos game cfdutyuk warzone shout boy charles great duet partner
Positive,that assassin ’ s torres creed neckles cool unk
Positive,really enjoying online facebook traffic flashbacks recently its remember that this time thirty years ago already outside
Negative,eadice battlefield v multiplayer has major balancing issues its just even fun play anymore
Irrelevant,talk ya unk
Negative,amazon deadass doesn ’ t knock first deliver their packages
Negative,use fifa media soundtrack jay what fuck these people smoking ea
Positive,johnson johnson report positive preclinical results covid vaccine jnjnews bufflyabtft
Irrelevant,ban level player piratekingwalrusunk posted see details bfdbcomplayerban…
Negative,hate restrictions its quit playing fifa started forcing tactical defending us thats reason main phone can iphone
Neutral,throw people lockers jared sullinger
Positive,southwestair expanding ohare airport theyre trying close
Negative,ksupport nbak kidding goddamn whole le team got quits get forfeit win ‖ can penalize team captain quitting getting win losing player just quit whole game wont count
Negative,player who sent vile racist abuse ian wright apparently doing packed wrighty ronaldo his sbc branded easportsfifa know also that massive racist underneath surprise however what brought surface fifa
Negative,eamaddennfl cant belleve han mod mode anothe count just get yall clower
Irrelevant,pleased able announce this anyone else salivating this beautiful console
Positive,does proudly reveal half enemies its also great parties
Negative,sexual tension cashier give her wood
Neutral,longest rainbow six siege game khabib still youtube q vwhphus via youtube
Positive,take care first responders great job shop melaniepaynethd bsb damianwagner
Positive,part one fun looking forwards pt
Irrelevant,oh sweet apples emberstreaming these guys look amazing head just sayin comes upon doing h stream drive launch cant wait
Neutral,new stuff their lifehacker thursdays best original deals blue light rx glasses pubg funko top pops small world cyberpunk turbo deluxe craftsman cordless drill ring pops sunday scaries cbd ift tt xetxw check
Irrelevant,this guys name jigglemyballs storeplaystationcom
Neutral,current state pubg community regarding loot rebalance karakin personally pretty happy changes looking forward playing map tonight pictwittercomefchrny
Positive,time
Irrelevant,liked clip thats what call gameplay
Neutral,playapexunk this website has get really scam gamesloadcloudfrdownloadsv
Negative,ghostrecon crashing issue found has do erewhon nearly everytime ive crashed its fast traveled had objective tried leaving etc none less feel like problem lies within least experience
Neutral,dota three strongest players leipzig major esports us esportsforuscomdotathreeo…
Neutral,cpmumbaipolice bollywood gang abusing what action takes mumbai police this c
Positive,medaltv clips
Irrelevant,racism antiblm antiblack ended getting call white boy that told us that blm joke
Positive,know
Neutral,remember little brigitte walking around overwatch base mean weird that had bring child work day sweet
Irrelevant,scrolling feed noticed things see crowd people excited games demon’s souls guys morales like mine see group tweetingretweeting xbox fridges food rdna
Positive,super tempted get simple black heart tattoo right above tit tattoo like ellie borderlands lol idk id just like just love thought that looking like small pool people would never know got that tattoo did cause simple black hearts pretty common lol
Irrelevant,just beat kill record team rumble
Positive,looks amazing think will have similar gameplay feel mw finally another black ops modern wartime promising
Positive,intrigued
Irrelevant,ban battlefield player ace kalorz has occurred see details bfdbcom player ban
Neutral,ive just won award never day
Neutral,study production johnson johnson usa ’ s experimental covid knockout vaccine has reportedly paused due unexplained illness study participant statnews com joh …
Neutral,red dead redeemment online tchtv invitablestan
Positive,watching cyberpunk impressions im excited omfff can already feel mental illness cured pictwittercomyzltgnux
Positive,that google commercial tho
Irrelevant,ban battlefield player patrnrus just occurred see link bfdbcomplayerban…
Negative,eamaddennfl swamiea equipmentguru did drop rojo speed explain please showed signs slower baystunna shutdownsafety softdrinktv madden biased player ratings
Positive,new anticheat measures has taken csgo cool
Negative,little pause week using microsoft office products try tame wild animals home
Negative,what game his credo ubisoft released frester looked much worse original memes weeks want look those memes have laugh
Negative,smh
Negative,never buy home depot
Irrelevant,after long night involved due seeding issues finish night gg notts freshersrhandlerr manchester hiverhandlerr thank rhandlerr his patience pictwittercomaaweaot
Irrelevant,proud together little brother jason rest member team
Positive,playing streaming hearthstone honestly fucking insane amazing stopped threw endless streams big slump looks like hitting thing right that could actually take alone
Negative,dear rainbowgame can fix game im stuck holding first loading screen cant play
Positive,ummm interesting have idea what that means seems cool
Irrelevant,one major problem nigeria world today national cultism really really donthing soon afterwards weaken children wont just able walk freely lets share ideas working discovering cub join group lets teach ourselves
Positive,new playhearthstone expansion looks like itll s adding pretty really expensive fun cards old gods expansion favorite expansion
Negative,rainbowgame had ranked game picfr quqtaoed
Neutral,darth filius scored success borderlands increased his gamesscore this game overall
Neutral,naughty dog upscale tlou ps please thank
Positive,what’s next playoverwatch overwatchleague making stars legendary skins foru see who did tracer genji rain andunk maybe nextwhich overwatch characters will having stars legendary skin next hope its ana widowmakeri promise
Negative,callofduty system undergoing maintenance holidaywhy especially surprised this time constant huge time consuming updates im done
Negative,fortnite must annoy nerf smgs damn broken
Negative,beautiful graphics loved first black ops
Negative,fyi algorithms failing award credit despite actual credit that have have never subjugated myself system amazon wont even lend think that apple wont either everyone already knows equifax compromised 🤟 🤳 🤷 ‍ pictwittercomtnmbpvow
Positive,awe man this thee time lol
Negative,just tried ghostreconuk first time months itz s still bug riddled mess seriously guy just abandon playing never move itl s dead even now
Positive,wow microsoft word online can now rewrite whole sentences retaining intent
Positive,black ops cold war campaign this year treyarch has proved best cod developers cold war history nerd really got hyped mentally knew sure campaign would prove one highlights
Negative,has
Irrelevant,love seeing news tweets keep emunk maybe let someone get ahead
Positive,rockstargames already heard gta online pc finally going host xbox servers this best way combine game increase fun crossplay
Negative,now id m just offended
Neutral,nvidia says store wasoverrun malicious electronic bots resellersjust offering rtx launch promises credit cards coming buff ly w vaxye
Negative,enjoyglobe do have do get help back facebook blog account accounts responding
Irrelevant,girls playing pubg turn their sound mic just sexually seduce men players that usually mf whores
Negative,losing life playing league legends crappy ping thats point
Negative,fucking stupid time have bad dreams
Positive,nah like competitiveness better
Negative,see this people need wait shit twittercomgloriouskevst…
Negative,also streaming really fun rn like really ’ s actually these lot that don ’ t much care ’ m boring overwatch pain ass don don ’ t talk yet don ’ t have donations setup console streaming limited junk etc just having someone stream hang
Negative,csgo hate game
Neutral,want ps know id probably get lot views did unpack quid kind money have circulation im saving move girlfriend ps bottom shopping list moment im scared
Negative,else does google label latin people penalizing criminals
Negative,please
Positive,thank verizon giving data restrictions internet work home
Neutral,im worst ever find tchtv slade trs r streampal monsterreader tchgaming supstreamers litstreamers shoutgamers jigglypuff servosurviver jlunatic
Negative,rockstarsupport hi im playstation player times now money gta online has wiped dont please can have rebalance
Positive,get lot red dead redeemption right now game allows do lot stupid things generally idiot
Positive,this game ive waiting play long time tonight tchtv pirate gi
Irrelevant,attempts youtube avetppkog
Negative,living damn things do tried playing fifa gets boring stop making film can’t concentrate watching stuff haha tried working starting garden currently have bad back suggestions
Positive,wow i’ve played overwatch long time pictwittercomasggpodr
Negative,rainbowgame server titles featured xbox unk
Negative,government banned black
Negative,cmon wit this bs y’all wait double gambling pick room eamaddennfl x prices y’all ridiculous
Positive,excited competing chicagounk lululuvely jamescrowder this much fun
Positive,y’all i’ve begging vikings themed assassin’s creed years excited fuckkkkk
Negative,ubisoftsupport ubisoft leave us back dark update since september th this way treat us pc crashing whats going big company least give us light let let us know quickly going solve this ghostrecon
Irrelevant,l thought generation had agreed make fun people who share unsubstantiated facebook posts fact start doing ourselves i’m disappointed y’all pictwittercomidesfehrn
Negative,home depot this inspiration dies
Neutral,another csgo workshop showcase 🤳 check this incredible awp watchdog skin concept zaphk onilolz 🤩 would rock ingame pictwittercomhftpvvl
Neutral,xbox
Irrelevant,got somebody panties facebook smh
Positive,maed dis bc love beautiful girl im proud
Positive,watch cyberpunk impressions im excited omfff already feel mental illness cured picwikipediaorg yzltgnux
Neutral,ve played this interesting quiz amazon try luck chance win exciting rewards amazonin game share gd
Neutral,close killed
Neutral,anyone knows literally god black ops cant wait
Neutral,pathetic freeze cannot stop story minions hearthstone daily great moments project ep gameforce jp hearthstone e files …
Negative,huh actually wondering werent ribbons
Negative,eamaddennfl whoever made that madden makes unlucky instead difficult should fired
Positive,exclusive house games m finally getting perfect replace stupid og ps battle valhalla roman legion assassinscreed watchdogsgame
Negative,this outrageous sadly just unsurprising entire time
Negative,callofduty please fix gulag always terrible
Negative,disrespectful plain simple
Neutral,buy this amazing mi notebook intel core iu th gen thin light laptopgbgb ssdwindows nvidia mx gb graphicssilverkg xmadgwebcam ₹ see amzntoicwbq
Positive,whos dick gmust suck assassins creed remaster
Positive,maybe love this
Irrelevant,this guy one best content creators know hes different unique follow him
Negative,international servers have shrunk right another un quarantine saturday hours can connect southern turkey
Negative,defense eamaddennfl fuckin sucks
Negative,n y b x d y ordering shit amazon piece n y has blood hands
Neutral,wait this hype
Irrelevant,next period training victoriaatkin excited what next today voice video games
Irrelevant,maniaccsgo wont eat his cereal 🥄 pictwittercomjgvnst
Irrelevant,one day getting taken guruaf gloryjeantv facebookgaming minute get nd jsmoothhd diazbiffle onto fnatic im worthy these lobbies fbgggginvert
Neutral,many streaks killed today reddithhlj
Negative,playhearthstone do guys thinking remove op amalgadon game unfair
Negative,h rhandlerr rhandlerr rhandlerr rhandlerr can please do something stuff like this these dudes should ip banned pictwittercomsewazdtt
Negative,cursed rhandlerr pictwittercomnwfrof
Negative,speaking gta number whole gta randomly freezes rendering something causing freeze
Negative,stabbing dota smelly casey
Negative,org rhandlerr what great game went creative entire game froze guys awesome pictwittercomvokywije
Positive,this grand theft auto diorama will crush brain
Positive,wow good this sure quite bad move having chris d’elia game still good
Positive,soo mutuals play league legends havent played year have zero clue game went would love just casually get back awesome strangers actually do care that ill suck ass xd
Positive,closer birthdayi’m cool this
Positive,omg csgo quite literally best shooter
Positive,ptaofficialpk pubg remains source extra income many youngsters please dont ban pubg
Positive,favourite fave games minecraft borderlands ep forza horizon lego star wars
Negative,rhandlerr just installed assassin’s creed odyssey have problem unable find new game feature start game anything can do activate already finished main story months ago ps platform pictwittercomkzpupod
Irrelevant,live now yall game hot vibes drive vegas lets go family herem watching jricans awesome stream please check mixercomjrican via watchmixer
Positive,im just sitting grinding absolute balls service smoking much that quarantine isnt really that bad
Negative,ps looks really good little disappointed call duty teaser revelations given what happened im surprised
Irrelevant,this g csgo team seems pretty darn good
Neutral,just went live twitchtvashtariellse…
Negative,what kind red dead redemption bullshit trying pull
Positive,cannot wait this game release super hyped
Negative,hate eamaddennfl
Irrelevant,quality video twitter terrible
Negative,god wont lil bro shut talk this stupid fortnightly bullshit hes doing v people instead actually doing br shit
Negative,shadowverse looks cool looks like herdstein means could become dependent thats fear fear
Positive,perfect hiding spot
Negative,coxcomm verizon att please help cap internet speeds during
Irrelevant,greatest dota team time
Negative,punk postponed
Irrelevant,twitch tv bradb come follow will follow back start ’ m good fun street streamer even stream everyday
Neutral,made girls listen gulch said hurt their ears called weak
Irrelevant,just getting angry just fucking weird enough
Neutral,borderlands weapons love tentacles best new legendary weapons rank ifttt xjrmu
Positive,even play brig defend halftime its still super fun compared people walking around ball pigs lighting that its right call
Positive,playapex whats point game balls never register thats driven crazy lately
Neutral,its lovely day yorkshire
Positive,this sooo good im top left btw follow artist natschbatsch
Irrelevant,redhead sexy
Positive,its beautiful
Negative,fuckem black business support
Positive,started getting bit back playing battlefield hardline its slightly different today games includes little interesting urban warfare interesting weapons gadgets
Positive,battlefield much better modern warfare when’s that new modern battlefield coming cod can’t seem make decent game these days
Negative,nbak u actually gonna fix vc glitches next year ain’t getting vc since nd season now th
Positive,tomorrow day without words lhs goal better understand what its like students communication problems ive loaded google translate app classroom info usual student interactions pictwittercom wjqahdisem
Neutral,may may t slightly obsessed jamboard awesome tool creating intuitive dynamic whiteboards great way create ts ss instructional model device
Neutral,healthcare giant johnson johnson plans stop offering talcbased johnsons baby powder us canada company faces allegedly thousands orders representing individuals who claim its talc products caused their
Negative,ghostreconuk days game started kicking network showing error mountain cant carry missions etc can someone help that
Irrelevant,sighmen trash
Positive,omg much fun everyone its day borderlands
Positive,this shit beautiful can cry
Positive,bored wits safcom unreliable always point ive decided restart gta this game still really good
Positive,thats challenge thats what have do youve accomplished challenge thats go get reward thats reward thats next challenge said
Positive,samsung still guilty copying nvidia
Negative,rockstargames i’m veteran gta have years absolutely lov game really really really need sort game hard
Neutral,get empty ps box fill bricks thats deserves
Positive,just ordered new phone parents sc can see their beautiful faces speaking nys their late s miss terrible afraid may see contract covid thank verizon
Neutral,caution
Irrelevant,fashion star vijaysrig onlynikil camsenthil rrajeshananda
Neutral,just looking dota deviantart can say artwork incredible there’s much
Neutral,corporate boycott force
Positive,borderlands legendars amazing artifacts relics xbox one drit rmtbl
Negative,anyone else seeing weird graphical artifacts portraits playhearthstone tonight their opponents portrait these horizontal white lines moving right forth really annoying
Negative,suck heartstone today
Negative,k nbak
Negative,it’s just company took years finally take concrete stance diversity that just doesn’t sit right
Negative,verizonsupport verizonfios told make changes verizon fios account after specified date will still charged amount make changes before specified date will charged next bill
Positive,oh fucking yeah ¡im adalid
Negative,facebook youre team put unfair wrong ban account need fix
Negative,yes slow
Neutral,new google map shows that people outside community taking social distancing literally — theyre goodnewsawjokltjd
Neutral,world warcraft shadow lands has postponed end this year itt srzroz
Positive,nothing better cool design favorite via teespring com wolfs bed need water …
Negative,clip that shit
Negative,dr lisasu slapping real hard nvidia morning intel evening what freaking glorious first day
Positive,mighty man team south arlington created great message big tin man got heart check back giving take forehead installed rheem water heater home depot great job team penndsm samedaywh laroldan tammyrheemwater
Positive,just playing pubg someone yankan her cute sabakhan accent im soooooooooooooooooooooooooooooooooooooooooooooooooooooooooooooooooooooooooooooooooooooooooooooooooooooooooooooooooooooooooooooooooooooooooooooooooooooooooooooooooooooooooooooooooooooooooooooooooooooooooooooooooooooooooooooooooooooooooooooooooooooooooooooooooooooooooooooooooooooooooooooooooooooooooooooooooooooooooooooooooooooooooooooooooooooooooooooo
Irrelevant,this guy trying corner market esports casting hes bad cool guy watch him
Neutral,october tiaobug newborn baby cute soft pink beanie black nursery bag photo props shoppingfreeadszcomproducttiaobu £ uk shopping deals
Irrelevant,look
Positive,playhearthstone team design really like spellburst forces spend time beginning move plan according what want achieve helps better player thank celestalon ibarhs songbird hs
Positive,would grateful
Neutral,facebook tries contain damage verizon joins ad boycott wsj wsjcomarticlesfaceb…
Positive,its fuckin idk this will unfold holy shit fun hahah great night games tonight someone tell us signed nbak
Negative,now that bernie home depot has said its his role roll happy goddamn easter folks
Negative,rainbowgame took narcolepticnugg short list didnt get his charm game
Negative,attention due either getting coronavirus will getting girlfriend this time that reason please do believe rumors that league level legends player that ugly
Positive,ive found
Neutral,bbc asian news halo infinite xbox series x first trailer who divides fans bbc co v uk news technolog … however recently gamers voiced disappointment their social media missing quality graphics shown within demo
Irrelevant,toronto now homicides vote year after recently males females now city unk toronto city population million homicides suburbs population one million homicides municipal gta population million homicides total per ytd homicidecanada com toronto day · h …
Positive,i’ve watched this trailer sooooo many times it’s giving inspiration write short stories inspired during free time rainbowgame
Positive,watching great assassins creed valhalla d preview phew looks good already
Irrelevant,got trapped van warzone things went downhill misadventures destined disaster squad youtubeghhryzlcy infinityward callofdutyuk charlieintel jackfrags
Negative,this shit comes like call duty zombies mf said second wave
Positive,know i’m hopelessly addicted coffee what wrong
Irrelevant,go check his channel he’s pretty underrated
Irrelevant,honors capital p writing name traffic cop enjoy
Negative,league legends sucks play rogue company what way better
Irrelevant,have dey always buy this guy fifa max modehis growth
Positive,dont play xbox this actually interesting
Negative,fix errors new red v updates
Negative,unpopular opinion valve would listen complains didnt complain everything ye
Positive,its interesting
Positive,collabnews has released paperlife… many mipnews pcouril deepgem
Irrelevant,this absolute favorite video time makes cry laughing its always used meme overwatch videos ana sleeps its relatable youtubecomwatchvhkrcxg…
Irrelevant,kill race raauzszn flamingbtw elbejuggin tune youtube qsemazw
Negative,eahelp hey have issues quik sell recovery system fifa recovered players has brought recovery menu after recovered him losing job prompt therefore losing player
Negative,robodanjal chance get list tickets new pubg tdm cant find good list anywhere
Irrelevant,beta battlefield player kungfu has occurred — details discordcomplayerban…
Irrelevant,r rhandlerr good morning just had another person who added rhandlerr after beating him arena just tell something rude do report those people remove right away after insulting pictwittercomhszkqogs
Negative,just
Positive,wow new upgrading update lots splinter cell theme item coming including nb that excited ai teams also coming update excited check patch notes below ghdbesubiscom game engb new
Negative,playoverwatch ive had this happen many times past days activate junkrat ult get hooked charged doesnt let control ult resets ult meter please fix this cuz its annoying fuck
Positive,course youre best game experience im best system course stuff consoles everyone knows best place play
Irrelevant,just this epic games becoming good games launcher myself love sales do games got red dead redemption really good deal wouldnt discount even fell epic games sale
Neutral,make good design ideas exceptional improved expert collaboration information sharing please learn exactly using microsoft teams helps save time having solutions placed one place stuf org bswc
Neutral,breathtaking performance rajjixdota inaugural gamershubme league final keep everything going brother
Neutral,thehinsupayo thanks entering grand contest watch news see won amazon gift card retweet everyday another chance win play gs global now free golden kamuy unit
Neutral,apex legends accusations one time cause coronavirus developers answer githubcomapexlegendsa…
Positive,s ’ m t h r u v n g thanks
Neutral,normal repair people f truly pay her respects astroneer robot people f try better interact electronics creativerse people f tried take dirty loot inside old fricking container overwatch people f reset damn basketball
Neutral,love working home enjoy doing every afternoon shoutout workspace also that yellow sticky note pad answer key google forms graded last night alg stats precalc maybe need come better athome option pictwittercomueklxwd
Negative,bill fuller ruthless schemer who demeaned his employees conspired rip his business partner according memoir written second cofounder microsoft paul johnson
Negative,maryjofoley hello mj had wife bring her sl microsoft store tried charge her fee accidentally went argued piece wife gives birth her laptop rarely leaves her desk got replaced got hard shell pictwittercom fdvsretscm
Negative,hansvestberg verizon plays biggest games just top this fiber line which has uninstalled months pictwittercom usvihlbgc
Irrelevant,oh wow jons right do anybody have reading articles relating towards this “ traumatic experience yes its called go google get binch
Negative,just witnessed john stockton hit twohanded tomahawk fast break myteam game got takeover sign
Negative,please playapex day player this game now impossible play
Negative,have seen great channels antijewish hatred corner dark web facebook have seen many ignorant people radicalised suffice say meaningless do define
Positive,holy shit
Positive,interesting video clips
Neutral,curimax thank participating summoners watch video see have won amazon voucher worth retweet every day another chance win play now free yu yu hakusho unit tco klemuktw
Neutral,apex legends gibraltar third character get unique revival animation gamespotcomarticlesapex…
Neutral,easy penta followed triple her spawn best jayce pt come u watch video
Positive,cultureofgaming com these activiti … gta v which really fantastic game that introduced ton new features next game series features game modes want included gta vi
Negative,rainbowgame hey guys planning fixing elas bill console
Neutral,rainbowgame actived below ranked
Positive,assassins also fucking vikings im sold
Negative,its had damn long
Neutral,also playvalorant live tchtv dady supstreamers wooretweets blazeds smallstreamsc smallstreamsr
Neutral,threat will
Irrelevant,laurelamandaaa ur geek wow
Irrelevant,ups bad n place wen ups cust reps decided oss last nov wen ur reps wont do her something else try oid disaster ur rand integrity s called n question trust means damn lot mo ths t disability benefit
Negative,valvesofix servers d unplayable
Neutral,happy th day duke kahanamoku original hawaiian olympic athlete who shared ancient hawaiian traditions surfing ocean picture taken google iftttqmavoh
Neutral,first gpuenabled platform system githubcombravetoolsbra
Neutral,its fun games shts tips game dates new ps xbox game has delayed
Positive,one area xbox has always leader kudos promoting what do best
Negative,runes scuffed give back lp rito riotgames leagueoflegends
Positive,ps game xbox series r x can rescue gamestop ’ s death spiral gamestop plans well eventually save its money closing stores seems like ps xbox one series x can rescue company post ps xbox series x this gd woebh
Negative,damn time thats what people want see damn papers website bullshit easter eggs
Positive,someone stole copy microsoft office nobodyre gonna pay people have word
Negative,somehow missing t mobile now verizon stupid ridiculous their activation fees
Positive,works
Positive,won gta casino car after called horrible lol
Negative,dont play video games dont care top five
Neutral,best video game game westerns that aren ’ t red dead redemption computer games – screen rant travelerexperiences com en best video …
Negative,fuck fortnite yes rage quit
Negative,🤓🤔
Negative,cfduty atviassist apparently someone cant seem play
Negative,rainbowgame i’m glad imagine worse
Negative,ps kinda ugly doe
Neutral,pyd awards grand prix award which directors th season papaya will compete during grand prix best directors category will awarded cash prizes special prizes established facebook picfacebookcom lffknlh
Negative,johnson johnson knowingly sold baby powder containing asbestos decades now now tasked producing
Negative,know ea preparing historic event had reason postpone exact game had doing those fucking years
Positive,do pubg gamers do corruption do pubg gamers commit robberies did pubg players attacked pic do players take bribes hundred cases pending pubg players legit pubg banned instead actual problems want pubg ban
Positive,will anyone buy alex star pass fifa still need will anyone do this bid please have money buy cant spend among certain reasons please anyone eager buy
Negative,ubisoftsupport rainbowgame everyone game beside one person kicked auto ended game one everyone got banned servers terrible
Irrelevant,hi best streamer ever live please come join twitchtvanalovesyou rhandlerr
Positive,exposure crystal clear everywhere looking bigger steps improve artists also label ugobest music does incredibly good work aspects entertainment read facebook page facebookcom ugobestmusic p tco hyerelbb
Positive,shout wow helping solve something put this joke highlight day warcraft pictwittercom pqmpnazoql
Positive,big thanks rhandlerr getting overwatch pictwittercomjufrfobk
Positive,thats wrap after hours streaming hours played stream episodes screenshots have finally finished
Neutral,hopefully v shipment will come back day kills makes pretty fun match
Neutral,ghostunk may
Neutral,still think that doing seo website straightforward reality that evolving constantly change exists whole algorithm google keep working becomes tough challenge whatiswhatiscomeasyseowins
Negative,never playing football fifa ever
Negative,gronk madden
Positive,thank queen warrior bees wearing amazon bestseller tag moment
Irrelevant,have included private facebook group people last name looking connection glad know that far biggest disappointment family
Neutral,thank drx bit bit careless these last minutes maybe thinking its already won definitely need clean that patch playing tes game uol actually well money really can quit respect
Negative,short film insane full vid youtubeglxgjgsae
Positive,thank homedepot derby ct ​
Neutral,tv trickporo live pm aest its gong time
Irrelevant,x lets fucking goooo
Irrelevant,christ sona food high quality content need life bless man
Neutral,failed quest terminator truck modern gaming nutshell kotaku com failed ques …
Neutral,have perhaps wondered what heck bloody fuss big bivouac world look him inch youtu qdqhjmdynk
Negative,playapex goals ltreasures tournament reset daily ive stuck points since tuesday
Negative,brother works depot home brought powder bag which packed broken cement bags case go back old ways dead night
Positive,yooooo this could probably looking bad ass
Negative,hi these guys just never got this red dead redemption have honestly idea anything also works pack dead wolves just killed stole back bear pelt rage quit ’ m gonna take break this game foreseeable future
Positive,nbakmyteam this better
Neutral,update chase emailed anonymous email telling that close friend showed him forum post that didn’t know had doing this asked turn these online outreach random stranger pure spam i’m taking
Neutral,bigram poem inspired wileyed amazon personalize personize can can now use x x item ed wiley
Negative,first five astrazeneca now plus j j screwed
Positive,hey thanks bestbuy putting outside checkout queue board last steps buying xbox racing series master x now sold fuck yourselves
Negative,wtf going onnnnnunk
Negative,⁦jimcramer⁩ jim nothing particularly good news microsoft forbescomsitesgordonke…
Positive,really dota slinky casey
Irrelevant,can just sit tweet negative crap like its goalie day its even just league stuff tweet crap mostly negative well
Neutral,steel welcome november commentsnetcyberpunk
Neutral,dont know anything idv what little ive heard seems sounds like league nightmares gay people
Neutral,poker screen red dead redemptions calvinayrecom pok
Neutral,dont miss increased odyssey network netgeargaming poemed cypowerpc swag themarvelfactor watchmix now mixercom itsplanb fanco jryamxx
Positive,oh cool first nvidia videos just dropped people just playing games native k big deal coolcool need one
Negative,unk verizonfios dear verizon data speeds mbps downmbps surf gig symmetric data undernetresultcdba
Negative,unfortunately xbox one drive has finally given can still play digital games just cant play games physical collection blu rays
Positive,eadiceunk
Negative,months reports these people w covid breakouts grocer home school walmart fake hoax youunk
Neutral,published warcraft iii review today really need speed review turnaround regardless im happy came back would use support this one waybeksinfkcga
Negative,google hangouts working laptop won’t restart work had work finish before this next meeting half think it’s time call day
Neutral,know futureunless this involves trustbecause likewe have investors these
Positive,overwatch literally changed outlook just game characters community reconnected old friends love starcraft community made many new ones cons blizzard this made cry happy tears thank ful gift that overwatch
Negative,what old fuck
Neutral,everyone hyped
Neutral,yay really ’ s friday have great day unk go live today uk time link bio
Positive,pubg mobile gameplay offers kids hearts mobile gaming oncomwatchvlh
Negative,atviassist after preordered black ops cold brew modern warfare wont help navigate store anymoreit just skips right store tab
Negative,forgot that need stuff meh doing errands waiting amazon delivery hate
Negative,super feels really inadequate
Positive,actually like see this have responsible company admitting that flaw their trial version what may end lucrative vaccine history i’ll gladly wait adequate rd
Neutral,can yall niggas stop clinin bout women buyin yall ps yall sound just chillat
Neutral,looking private valorant rs opportunity opportunity people help change something something maihs
Irrelevant,jennifer walters secretly reactive plus shehulks romance reactive youtubevkmoowne
Positive,bats go tailspin
Neutral,worst point
Positive,i’m t h r v n g thanks
Negative,fuuuuuck
Positive,finally downloaded gta new xbox one
Negative,this damn
Positive,bullshit excuse apple simplest answer can’t take cut microsoft’s subscription
Irrelevant,scarplayz clout yapur dunki lenniydboyo love streaming can chat game make laugh still get w end win got whole stream still think won
Neutral,randy older usb pitchford back
Irrelevant,amazing things possible work together better future
Neutral,this far can go time maybe will visit later sorry
Positive,can’t stop playing cthulhu fuck resurrection priest decks
Positive,coven morgana owl transformation im excited her new skin loles leagueoflegends
Negative,today waved amazon prime delivery guy didnt see
Negative,something wrong balance power
Negative,who fuck let blade fortnite
Negative,these dota underlords also pretty cool former dota game player this one clicks better give compared alone auto battlers spams jull knockout rounds almost time
Irrelevant,geeeeeeeeeeeeeeeeeeeeeeeeeeeeeeeeeeeeeeeeeeeeeeeeeeeeeeeeeeeeeeeeeeeeeeeeeeeeeeeeeeeeeeeeeeeeeeeeeeeeeeeeeeeeeeeeeeeeeeeeeeeeeeeeeeeeeeeeeeeeeeeeeeeeeeeeeeeeeeeeeeeeeeeeeeeeeeeeeeeeeeeeeeeeeeeeeeeeeeeeeeeeeeeeeeeeeeeeeeeeeeeeeeeeeeeeeeeeeeeeeeeeeeeeeeeeeeeeeeeeeeeeeeeeeeeeeeeeeeeeeeeeeeeeeeeeeeeeeeeeeeeeeeeeeeeee
Positive,talking stocks world warcraft find
Irrelevant,during break i’ll elusively crying grief this gets even before lockdown
Positive,trailer bro ke excited
Neutral,xbox series part x makes incredibly easy move car xbox one games ow ly pthhdikw
Positive,use prepaid verizon cellphone plan lately just confirmed that theyre giving free gb data boost starting next month verizon this esp useful since prepaid internet keeps freezing losing heat im completely tethered phone
Positive,cyberpunk looking amazing wasnt sure getting back first seeing commercial theyve shown today really convinced bad probably wont able buy day one one school
Positive,this pretty fun guy watch y bored
Negative,us wants trust this company vaccine johnson johnson knew decades that asbestos lurked its baby powder nbcnewscomhealthhealth…
Negative,absolute best decision could have made this game looks like blast worth spiderman demons souls assassins creed cyberpunk launching console great move playstation
Positive,fucking internet going just enough time log onto verizon chrome whatever doesnt t work firefox conditions hopefully find theres nothing wrong
Neutral,love science fiction
Negative,hi fortnitegame get that wont remove sbmm pub games okay fuck would insist putting absolute shitters team wtf
Negative,playapex created this account just see can get response game bugs play ps just stop randomly whats wrong that
Positive,looking facebook memories saw this today andrewmayne good memories right pictwittercomddjimtrp
Neutral,bennitegame changed map game already destroyed bots true gameplay shit good thing that keep playing which still matters
Neutral,news game developer xbox series x much powerful ps ufoooooo post
Negative,okay verizon has gone nuts paid mom’s verizonfios bill online got email that past due several minutes after one confirming payment funny guys pictwittercombmknflhp
Positive,huh verizon just gave gb spectrum april free charge nice
Irrelevant,old roman days
Positive,still buy nba k basket every year cause really like hate myself doing lmao
Neutral,damn ps’s first l that i’ve measured guess would hard package that weird shape
Irrelevant,electric thumblesscudi engine wuskinz
Neutral,feeling angry robbing merchants exploiting game new currency willing accept ban will take like man psn ladaven
Negative,away sold ps pro xbox one x save new consoles just love managed pop ps demons souls miles morales sony fucked preorder date happy get xbox series x scalpers smh
Negative,system ridiculous prop equipment made fortnite this utter disappointment smh l jakestatefarm rat
Neutral,free csgo thumbnail unwatermarked likes likes rts helpful nice models burnoutcreates pictwittercomemqycqr
Positive,golden pack bundle seems like good deal
Neutral,xbox fantasy x gets hot claims users have washed their hand metrocoukxbo via
Neutral,battlefield v can worst his franchise people expect real ww game whoever know what happened good thing that can save this game its soundtrack really powerful beautiful rip bfv
Neutral,forcing bing chrome users microsoft back its bad old ways techradarcomnewsbyforcin…
Irrelevant,sky wifi wasnt shit wouldnt have excuses
Negative,video game inside games system crashes would call just videogamecrashception mean call that youtubehjupktwu
Negative,ugh industry reshaped afr microsoft one trump damned sure wouldnt want live bloombergcompolicyeconomy…
Positive,i’d love buy fifa gave their shot rl actually have hope decent game this year bell wifi fucking hot bell
Neutral,red dead redemption wildest west twitchtvdarkwyll
Negative,does google criminalize asian women gendering criminals
Irrelevant,amazingly talented art admire work love
Positive,blood bones beyond good evil life ass dog far cry creed save shit show
Negative,hey borderlands cant access four new dlc still can start mission quickly nothing now have hit game epic
Positive,revenant awesome apex legends youtubeeebcgwrhy via youtube
Positive,one favorite rappers alltime narrating one upcoming video ads his alltime favorite louisville player their cover please dont pinch
Neutral,microsoft africa year award
Negative,biggest shambles overwatch pictwittercom ksnqcxcmo
Neutral,world warcraft will ride dog cant help wonder this hasnt became feature ive had life
Irrelevant,this distinct symptom capable actually something bigger going what this possible cause thats original whos made mistake would think what its cause unk
Irrelevant,go check these great streamer don’t forget drop him follow
Negative,battle rewards never available rhandlerr pictwittercomckqzzpw
Positive,happy alpha dog
Neutral,johnson johnson working vaccine deadly coronavirus ukcc article uschi
Negative,ps dont like feel like tail balls falling decide push
Positive,xbox this game going amazing cant wait get hands play thru
Negative,know facts selected selected selected since selected selected selected selected selected selected selected selected selected selected selected selected selected selected selected selected selected selected selected
Irrelevant,still miss feel stair sliding feet floor
Irrelevant,best true sight ever friendship make perfect team
Neutral,just earned brutally dedicated outstanding achievement
Negative,find hard always find buy online amazon want buy shit refuse buy amazon finally had coffee mishap cause got new kettle cant buy irl store fronts rn urggg like its problem really actually frustrating that avoiding amazon seems hard
Negative,give ’ m actually just gonna say overwatch essentially nominated lgbtq game year always worse rise skywalker nominated lgbtq film whole year least rise tom skywalker slow footage zoom can see gay shit squint
Negative,this best explanation disappointment expansion
Neutral,johnson johnson will stop now sellingsafe whitening creamover concerns cause racism weaselzippers tell us room johnson street …
Neutral,look screenshot world careful its swamp crazy types dangers got daggers though p picwikipediacom thytsmrun
Positive,interesting get witcher mood
Negative,gavinnewsom close walmarts large groceries stores home depot closing lowes u wont lmao do shutdown bs
Neutral,lifetime rp entertainment rewards allegedly awesome tnt league legends entertainment news abc tradechat zonestream t cx end lifetime rp re … post
Positive,many nice people ghostrecon us
Neutral,see one grand theft gulf auto hijacked entertainment industry via thepoliticalwarroom com grand thef oclc …
Positive,big day markets
Positive,everywhere huge improvements quality life painful see writing has achieved massive success continues disregard characters borderlands universe fans said characters
Irrelevant,line duty tellin yr olds momma suck dick
Neutral,another commission beautiful rendduo thanks seriously
Negative,playhearthstone battlegrounds busted dull atm demons suggested changes wrathweaver tier possibly have deal owner soul juggler pings do damage remove floating watcher entirely move cobalt guardian tier youre
Negative,buy ps games xbox strong system thirdparty games that can play ps
Negative,nba nhl mlb nfl video game covers have stated players different races easports acclaimmag thank one has nbak racist
Positive,friends have teamed build computer that can run warcraft maximum settings old kit could hardly run game tonight cried mountains stormheim ground chaos quite thunder bluff creeping feet tall grass rocks tco ddolnsllfn
Positive,one favourite rubick moments clipstwitchtvpoisedvaindrag… feat rhandlerr finally cracking
Positive,eamaddennfl like what see guys far accessibility ad pure gold text language amazing this year
Neutral,prepared get hands dirty new chapter tides war which appears battlefield v dlcomparecom blog news bat
Positive,pretty bloody neat
Neutral,k capping heads medal tv clips iso …
Negative,eamaddennfl do manage make game bad
Negative,had lawsuit opiates maybe american baby powder industry scandal else would trust j j
Negative,help fix headshot registry
Neutral,compare this amazing mi notebook intel table iu ultra gen thin intel pcgbgb ssdwindows nvidia mx hd microsilverkg xmadgwebcam unk http amzntoicwbq
Negative,this worst callofduty ever
Negative,facts bro disrespecting real
Negative,cant count thiss spider man dead pool everything fucking colors eyes
Negative,verizon better count fucking number
Neutral,shots kills who needs load have kar
Neutral,ive just won golden boot
Negative,thinking just going amd never looking back
Negative,hey good google now don ’ t need know that shit except data collecting assholes
Positive,will buy immediately hello xboxpope
Positive,playing world warcraft much fucking fun can’t believe wasted much time playing games like cod fortnite h this right real mans game
Positive,manipulating overemotional lol genius
Irrelevant,have great rest glavecsgo unk
Neutral,holy crap im blown away technology xbox series x this great video digfoundry shows realize that xbox has exclusives much like reality falling apart youtube qcynrhappme
Neutral,big profits today
Positive,finally finished borderlands its taken im still proud myself sam d now onto download guns love tentacles dlc im really excited love wainwright hammerlock much immediately feel make great couple just seeing get married now will beyond awesome
Neutral,k final winners ranked after turbo twitchpointsstats live india
Negative,seriously stop updates callofduty
Negative,playapex servers order top please fix
Neutral,us based government which hits google biggest antitrust related lawsuit five decades metro co uk us …
Neutral,¹ shipped first gpu enabled custom production code program github us com bravetools bra …
Positive,this pretty cool encounter sorting cards original hearthstone edition lol
Positive,c csgo back seems good get excited
Irrelevant,definitely potato ultimately effective
Neutral,gaming wrong
Positive,decades line memories one thread
Neutral,recently reported data quadrant total emotional footprint measurement their latest article around which webconferencing systems reliable among customers bitlybomid
Negative,rainbowgame reason whenever i’m game always just loading normally get vote kicked stopped playing come back even able play
Positive,phew widower has work lately
Positive,wow sis
Negative,priest flesh still disgusting hold responsible glhf
Negative,rainbowgame ubisoft ubisoftsupport after this siege eu server “fix” connections just got wayyy worse reasons this
Negative,battlefield ls still awesome – bf multiplayer gameplay youtubeolmstbiofea via youtube
Positive,face mask ice cold water call duty lipstick mad idea perfect evening
Positive,get freaky that gta bmx bike storeplaystationcom
Positive,wow this good looking add can say
Negative,ohhh y ’ that mfs saying maybe better julio that ’ whole s garbage
Negative,damn homedepot really tell relapse like common this shit aint cool
Irrelevant,oomf torturing her happy emote
Negative,oh sorry that have finally realized that black ppl exist
Irrelevant,know youre watching debates take performanceenhancing drugs grass man have huge set doses head watch two assholes can watch one
Positive,this video just lately brought back hella good memories
Neutral,take look new caustic heirloom🟢
Positive,never died never man what great shot totally worth
Neutral,johnson johnson announces will stop selling talcbased baby powder dacom story
Negative,dota prize pool hell
Negative,blizzard ent playoverwatch v elimination ffa deathmatch everyone killing these daily changes overwatch dying something
Neutral,free access dream cs go skins check daily mix grab best click gamehagcom c tw daily get stattrak ™ ak just one weekend frontside misty aug contractor gsg jungle dashed much
Negative,hmmmm idk should trust screwed millions women first time
Irrelevant,would banned microsoft day crossplay crossfriends come
Negative,alas people who make baby powder also make unsafe do want this lifesaving vaccine virus probably never got had have chance survival wouldnt have thought
Negative,unk hp lovecraft cyberpunk scary caftvdivideaconquer
Irrelevant,think can find eont fallow u
Negative,after started making shit like this stopped playing gta
Positive,recent report oxfam found ten among america’s top corporations – including amazon comcast facebook johnson johnson microsoft intel oracle verizon visa – making extraordinary profits during pandemic
Positive,fanduel csgo show goes quick little x money continue slaughter csgo game want join dm pictwittercom ugilckxox
Positive,im excited cyberpunkgame desktop wallpaper doesnt make easier wait game
Negative,this crap still market never used baby powder children never used
Positive,deserve mr silverhand
Positive,interesting get witcher vibe
Positive,itching assassinate
Neutral,verizon received top score disability quality index bitly ozaic
Positive,ill probably get social media day buckle take care online activities during week dont want have work before borderlands gets steamed ill back im done this rubbish
Neutral,those noses throw csgo pubg shout kobeeee
Irrelevant,this symptom something bigger going this cause thats whos made mistake think its cause🧙‍
Positive,im loving seeing that r driving animal pressure crossing crossovers somehow surprising animal level crossing doom
Negative,apparently even one area who vaguely has verizon internet connection has working wifi well shit
Neutral,chairman accuses verizon stealing unlimited data boost profits afrobeglobalcom fccchairaccu
Positive,combining “ learn bufflyfcqupt ex
Neutral,verizon
Positive,easy score fifa easportsfifa
Neutral,cyberpunk dev talks corporate microtransactions still wonthe t just aggressive ow ly exeqltyl
Positive,yassss never have had run this dungeon sooooo damn happy dance
Neutral,single banana skin killer really im digging d
Irrelevant,anyone wanna trade drop
Positive,i’m leaving i’m buying
Positive,excited thee ill meet yall gates valhalla
Positive,small screenshot love reddit huks
Negative,myteam man stupid packs bad deduction packs expensive blocking position goal guard giannis nk myteam can least make game little budgetfriendly
Positive,cant t wait lick gippers hiking boots sick waifu dog gun skin
Positive,best tweet ever
Neutral,still miss good old day patriot
Irrelevant,latest james scroggie daily paperli seoscroggie thanks onwl
Negative,just just got “ participant ” cs go n ngl feels bad • unk
Positive,thanks playapex ill killing new robot get back work
Positive,oh i’m just excited
Neutral,just purchased this dondon t everyone call marky mark unauthorized biography album mark matthew wahlberg amazon dot com dont call mark … viaamazon
Neutral,hey chickenman this might reason putting energy mags armed without ltm
Neutral,ps red dead redemption part pscptvwchbwctfdkvo…
Irrelevant,happy birthday extension
Negative,fix jesus please fix what world going playstation askplaystation playstationsup treyarch callofduty negative silver wolf error code pictwittercomziryhrfq
Irrelevant,name
Neutral,many missions have reworked changed canceled original script had nothing do black ops abandoned after treyarch took
Negative,pubg free pakistan pubg lovers right now
Positive,oooooh shit think motherboard already compatible
Positive,assassins creed get league worlds this iftttzycknk
Negative,just wont impressed can even download food
Irrelevant,smurfs csgo can go fuck themselves
Negative,rainbowgame game damn awful
Irrelevant,still remember time people battlefield put cs buggies
Negative,ronniek nbak mitchel inkrott just win fourth game onslaught o points scored shouldnt have done had fouls won guy missed fix game honestly want rewards had ball postinghim
Neutral,gop senatefloor this book exposes pot calling kettle black confront evildoers partisan politics that destroying america pray that read these pages open mind jesus who one without sin — available amazon amazon com dp …
Negative,v digital strikeindia banned chinese appspubg also surveillance allywebsite pictwittercomaxjqcpift
Irrelevant,hey oh shut
Irrelevant,thank guys youtube ylprpkba rs
Irrelevant,everyone wants swap drop boxes
Neutral,issues second version windows password latesttechnewsorguncategorized
Irrelevant,whoever needs easy giving l fifa probably best you’ll ever play
Positive,damn that smell tho still use sometimes picfacebookcom atrkkld
Positive,finally flash forward this tear ps
Positive,grand theft auto after educational
Negative,rhandlerr name god did website try taking european site tf did purchase button even exist already stock pictwittercomnezcyuqkf
Neutral,small business talk shout goes tower bar stop right city heights verizon
Negative,microsoft outlook can do anything spam blocking opensubscriberonline
Neutral,british retailer warns potential delivery delays xbox series x purexboxcom news u
Neutral,wrong know this red dead redemption
Negative,dear professional ea employers please stop making easports football jobs give full rights someone who actually give that better job sincerely sports fans
Positive,ok this just sold rtx unk amazing
Negative,shit pictwittercom ragwvdlt
Neutral,borderlands stream after breakfast possibly have back problems today well see long can sit this chair
Negative,x wing won’t catch till change this controller
Neutral,im tired working this week that theres probably border flow today im sorry
Neutral,this means write review businessestablishment will seen way less people act right
Positive,platinum name running back finishing plats really cool moments single player campaign couple annoying codex entries overall enjoyed interactions
Negative,even worlds best fifa player knows fifa rubbish tinyurlcom yxea tco jyqycfthtd
Negative,csgo valve seems that do work have prime touches feeling did have that above cheats
Positive,now important that will happy
Negative,yo verizon just added fee account
Neutral,welcome … hell
Positive,rome looks stunning ps pro storeplaystationcom
Negative,heard johnson johnson family company almost pictured myself dad waking his future son weekend help make surface cleaner shit
Neutral,new post this microsoft office exploit patched years ago still abused hackers techradar reportcybercrimecom thismicrosoft
Positive,soooooooo excited
Positive,have playing almost years keep coming back this game mainly feel bad know would like get better understanding game
Irrelevant,whenever something bit depressed uncool clubs facebook group always manages cheer wonderful group humans unk everyone wanna chat play nice everyone welcome oncomgroups
Neutral,have idea that ready this give twisted fate
Positive,holy fuck please drop ps soon ps going explode day
Negative,rainbowgame every time turn ps go back tests reset every time fail what should know
Negative,did really have high expectations
Neutral,said wouldn’t get ps fucking hell gt seems like its gt which has good thing really good thing new gman looks it’ll pretty good ratchet clank’s trailer amazing love showed onscreen fucking hell tough
Irrelevant,mirta just released another gorgeous review call duty black cold war demonized its setting youtubejxlejlyco
Positive,best game ever mrjcorbs playapex picfm exzbggk
Negative,pubg chinese app ban indian government watch video subscribe youtubemqwoqrmtre
Irrelevant,must drunk literally just said myself need get red dead redemption tattoo have one that fills half fuckin leftunk
Neutral,test this item just got wristwraps australian maw
Irrelevant,xbox one gage x ive newly played countless hours gta v online views below stunning ive playing pc lately tried xbox swear its like graphics have throttled like shit
Irrelevant,jrpsc put hub mod apks pubg store versions free spotify accounts everything available jrprsc do take look this amazing website jrpscorg
Negative,nbak monitors started sync wouldn’t match now can’t play
Neutral,csgo far mousesports falling clif nowhere found na’vi showed brilliance disappeared astralis burned master class team liquid facing enormous identity crisis has anyone seen mibr points trying
Positive,progressed lot borderlands today thank watching everyone uwu thanks theukrainianbard month resub momoiro kohi raid well continue borderlands monday
Irrelevant,exitlag working now bought month now login possible exitlag appears function better cant work settings cant export game cn sorry normal during free week also appreciate can reply
Neutral,altcharcomgamenewsghos…
Negative,win triple threat online guys leave before rewards end end rewards like shit settled this stupid problem
Positive,love having dreams unboxing fucking gut knife safari meshes csgo
Irrelevant,happy birthday
Neutral,news gamesradar retailers sending letters customers warning that preorders xbox series x can placed hono playgooglecom store apps gamesradarcom retailersare
Neutral,nvidia shield daily driver like recommend roku platform has almost universal application compatibility
Neutral,guys miss seeing squad im rainbow
Positive,bhopping this csgo completely cozy
Irrelevant,yaraskygaming jackfrags favorite youtubers game
Positive,list things that hate that still willingly indulge playing pichu top lane league legends eye contact kingdom hearts series men
Neutral,seriously these people wearing masks everyday approximately credit hours can afford hardly eat last thing need showing right early their parking place top work bitch have legally wear one take ass home order amazon pro door dash ’ s big deal unk
Negative,ksupport nbak bought nba da mamba forever edition current gen haven’t gotten vc dlc content that come have waited ticket day longer has still haven’t obtained response ticket number
Neutral,redunk redemption may ps xbox pc rdr online patch notes express iftttcuayob
Negative,just had freakout moment nvidia new drivers fucking suck wouldnt let go fullscreen turns after plus hours searching found changed aspect ratio after set always fix shit nvidiageforce
Neutral,williamgerber chadsteiner win would sad that poor barely even play csgo
Negative,bi vaccine bitutwala meaning scaremongering mystery deadly flu virus must kept people should have invested their money
Negative,heres clip before really exited game can see would let see fully load main game just that way thing that sure would happen now truly relaunching cipi who wasnt disconnected ended her finishing match just ubisoft rainbowgame
Positive,yuumi super high cool fucking talking cat braum seems good person neeko damn funny janna would probably take good care
Negative,knew home depot fucking toxic told youre doing job way want do customer wanted reward services tell managers like ok
Negative,ummmmmmmmmmmmmmmmmmmmmmmmmmmmmmmmmmmmmmmmmmmmmmmmmmmmmmmmmmmmm
Positive,beautiful sunset fort rock
Negative,betrayal amazon saying packages went wrong weren’t smh
Irrelevant,damn situation venezuela getting worse
Negative,four hearthstone cards dont love much pictwittercom cfglakmzgz
Neutral,calls zrv tweezie brought this sick ass
Neutral,sad post facebook page friends wollaton park wollyparkwordpresscom
Negative,praying
Positive,happy birthday
Irrelevant,finally found alex needs lot work what tweeting it’s unfinished
Positive,rhandlerr what nice job these human character customizations pictwittercomhuhskdbph
Irrelevant,thanks rflx last night huge raid made night go check him must
Negative,stop banning moiraunk cowards
Neutral,rae runs around aimlessly her red dead redemption radio online completely totally forgetting shedoesn s supposed getting animals working trader role
Negative,battlefield slander tl pictwittercombzyzafpj
Neutral,legendaries packs chapeau blizzardent playhearthstone worry anyone can disenchant one
Neutral,sometimes ruthless storeplaystationcom
Positive,honestly don’t fucking make remake called emperor juarez genocide filthy slavic union it’s just going city city searching russians tracksuits who’re wearing ushankas fucking aks
Neutral,got bullied gta v today twitchtvmerryiellclip…
Positive,do just say passionate this liked game already had imo best zombies mode long time great cast
Neutral,verizon suspends advertising facebook growing facebook reutrsdyldmq
Negative,dota terrible servers time quit
Negative,this sooo true still cant believe that made this shit last update wildlands
Neutral,liked youtube endless lackeys quest warlock glinda la erkh another warrior awakening adventure hearthstone youtubemrfhljsksi
Neutral,that’s megasaurs went bullied
Negative,now i’ve stolen fifa points have added towards account money has pumped account
Neutral,xbox series xl recently had its barrel ports shown affreviewspribomecomffffthexboxseriesxhashaditsrearportsleakedontwitterf
Neutral,randy older usb go
Positive,somehow someone just discovered music reference powerrangers love this game
Irrelevant,fishman hello made this fanart leviathan fortnite got pretty happy result he’s one favorite skins he’s cool wanted edit style him cuz doesn’t match much backblings
Irrelevant,happy birthday expansion
Negative,new callofduty ps oh god
Negative,fuck this call duty update
Irrelevant,based tanned asians better
Irrelevant,during lockdown ’ ll elusively crying missing salary sure this one even before lockdown
Neutral,bruh havent played csgo week wtf
Neutral,xbox series x wont offer true exclusives couple new episodesunklygraod
Neutral,will definitely indeed go far wrong everyday victory jesus order today
Irrelevant,sign petition tell cocacola starbucks verizon target wellsfargo delta stop funding
Irrelevant,one
Irrelevant,live twitchtvntrsgg
Negative,nbak just kicked rush v event back game late yall terrible yo unk
Positive,thank god willing that work
Negative,can open san andreas make better animation minutes rn
Neutral,real problem rtx crashes nvidias paranoia leaks reseteracomthreads
Negative,ohh please make wattson crypto cannot friends agaiiiin lines game makes sad playapex
Positive,photo robot will always best mode every game
Neutral,its shame
Positive,awesome stream tonight trekonlinegame ghostrecon breakpoint huge thanks crypticstudios raid apologies timing im sorry back tomorrow pm cdt sto night promise passed stream love jonnyboycreates
Negative,rainbowgame signed narcolepticnugg freddie prime didnt get his charm game
Neutral,morning year this weeks english has got excited explore this wonderful story decide which tasks want completesee learning takes this week google classroom updated nfollinstmarys pictwittercomjbfuprjl
Irrelevant,cheaper version xbox series x powerful full ps
Neutral,v super ranked
Positive,absolutely loving rainbowgame shadow legacy still lacks operator balance liking patch warden finka french fuze blitz etc
Neutral,this match describes round perfectly abeewdsndvh
Irrelevant,walmart fuck
Neutral,just lost game league legends bc pc just restarted without even asking kanker windows
Positive,perhaps greatest musical moment video game time
Neutral,ghostrecon playing new update far stamina useless even extreme cases have updated ration never runs losing balls reloading useless have like laps sam fishing missions damn flawed good that gear level available
Positive,fuck had missed this
Neutral,first game day eventhough damage alright
Neutral,powerful google sheets templates schools teachertechafricacomngpow…
Irrelevant,good morning
Positive,smohh af
Irrelevant,uniqlo fortnite hoodies now im improbable cop lmo
Irrelevant,lmfao fuck old fuck reg love fucking laugh
Irrelevant,kill race raauzsznunk racing tune asbeqsemazw
Positive,great news elite partner exxactcorp helping enterprises scale
Negative,anything ’ re cell phone wasn ’ t working last couple hours ’ s multiple foreign u s cellular carriers verizon sprint t mobile t who just hit hard possibly largest cyber attack ever sun com world news dd …
Neutral,bitch ass legend vipd small brothers game win streak smfh ronniek nbak pictwittercom gdsknjvj
Positive,im
Negative,fuck y’all pictwittercomhtmgzj
Negative,can even solve this vac csgo problem have already solved this problem please tell
Negative,course
Positive,amazing that showing his personality brand cover this huge w ljera ravens
Neutral,clixhimself everyone uses code notclix day item store takes video buy something clix will follow call cute
Positive,hallows end always love
Negative,greed yes small businesses need economy stay business unlikely that greed matter survival either that case will see giant monsters read amazon microsoft remaining players market
Positive,thing which doesnt harm anyone banning would harm reals economy crores yearly its players royal pass months else checking years plan justunk least estimate imrankhanpti ptaofficialpk
Positive,its pity finally decided remove violence franchise good
Neutral,johnson johnson sued auris health payouts dlvrit rjthn
Neutral,whether damage fall canonical frontier universe
Negative,shadowverse looks cool looks like hearthstone mean that could get addicted that’s fear fear
Negative,its nobrainer
Positive,im getting lot red dead redemption right now game enables do lot dumb things generally idiot feelsgoodman
Neutral,facts who talk that shit much dont notice
Neutral,playapex problem this stupid website image may also scam gamesload cloud fr data downloads v …
Positive,oh yeesssssss ohhh yesss
Positive,ubisoft ok guys great update ghostrecon uk ghostrecon trying now loving just list changes updates
Positive,love music box melody writing this also itisn s possibly just kickass trailer show usual hearthstone
Negative,used love black ops after modern warfare this cold war
Irrelevant,i’ll take movie marathon please thanks
Positive,lookunk sexy sparkly art
Positive,played pubg first time long time loved will posting clips tonight
Negative,besides im tired take break heartstone see hits expansion
Neutral,open music bet u live wsoundcloudcomplayerurlht
Positive,park jihoon plays pubg well wtf
Positive,holy shit nvidia kills
Irrelevant,well i’m excited end world idk y’all
Irrelevant,bless truthtellers
Positive,col sottle ravencasts keep mispronouncing turalyon know crazy thats best part this weekend hsesports
Irrelevant,spell battlefield player itzawwzy has occurred see details bfdbcom player ban
Negative,rip ks
Negative,nvidia hey have gtx m experiencing low fps gaming streaming using nvenc encode stream
Positive,yesterday played intense hm turbo game daa amazing ive never seen points before hahahaha tvidotto this patch remarkable p used black holes one fight killed roshan times picfacebookcom mibpwzsey
Negative,hey verizonfios verizon verizonsupport using internet speed mbps mbps will pay taxes gig symmetric networking services test performed wired connection cat sftp gb cables speedtest net end result c d …
Negative,homedepot tag have lawfully stolen refrigerator this point important that lose process time money that refrigerator worth tco vltymsios
Neutral,overwatch fans outraged hero durit ryfvlv pool change
Neutral,vega esports international org which has invested sponsors pakistani line pubg now this their official message aftr many days ban showing their utter disappointment this weunk treating investors everyone unk
Negative,what joke
Negative,tried new microsprint
Positive,nice hearthstone will stream today demon hunter academy still new best class game despite nerfs got highlights having little couple games ill post later
Irrelevant,mrmarlins live watchmixer playing grand theft auto v stream title pushing followers drop join their community followers mixercommrmarlins
Positive,this et real u like really real holy m shit hoooooooooooly m shiiiiiiiiiiiiiiiit
Irrelevant,nigga kill fortnight didnt have gun after pursued two minutes slutshamed youre better mf
Negative,amazon totally taking back students suffocating creativity readamazoncomforumstamazo onycombinatorcomitemid
Negative,lmao this flat confusing
Negative,verizon looking violent racist woman who their store bullying employees
Positive,nbakmyteam good job xp challenges people need please dont stop
Positive,ok this looks interesting like that hidden blade soon have gameplay soon
Negative,fucking hell guys alrdy making lots money everything bliss
Irrelevant,spell battlefield player riseandfaiil has occurred see details bfdbcom player ban
Neutral,attention this ancestor did kill pets civilians well didnt tell that killed cow did
Positive,starting fans save ps xoxo
Positive,theyre terrible
Negative,google hangouts wont work laptop wont reboot work had work do before this next meeting half past four think its time call day
Positive,tempting
Positive,do pubg players commit corruption do pubg players commit robberies did pubg players attack pic do pubg players accept bribes million cases pending pubg players pubg banned instead actual problems reject pubg ban
Irrelevant,cousin better have ass today still dont understand black women want police officers thats sucka shit nobody ask us also dont give fuck dad officer either
Positive,x can ’ t ever wait assassin ’ s creed valhalla
Negative,let die
Negative,rainbowgame fix random selection someone joins running match that chooses character actually use card operator do use terrible this card like castle wine cellar chalet bomb
Irrelevant,bitching ghost tsushima cultural appropriation didn’t work now they’re bitching game shit which fine however this should’ve said hours after game came now look petty congratulations you’ve played yourself
Positive,somehow taught play duty lol
Negative,this terrible mail gets program that matches neither class looks like dogshit could feel sympathy everyone remeber play loser classes
Positive,easportsfifa has big fan fifa long this ever happen
Negative,ohhh yall mfs say hes better julio thats garbage
Irrelevant,ban battlefield player statx has occurred see details bfdbcom player ban
Negative,eamaddennfl tonight had multiple dy syncs connection errors fix ur servers
Negative,johnson johnson baby powder qooly rkq
Neutral,just earned this valsharah folks performance
Neutral,just earned horrific gates orgrimmar achievement
Irrelevant,those tha never loses much goals playing fifa probably due lack sense sense direction
Negative,lets have treyarch do something remove racist hateful language black ops cold war since infinityward dont seem know fig
Neutral,happy birthday see greatest ghostrecon ever made ghost recon future soldier cant possibly believe its years already would pretty awesome even still got proper free remaster this game
Positive,im hypnotized disappointed im just proud
Positive,live society plagued pandemic live red dead redemption ’s open world map
Positive,now that aiteam mates back ghostrecon breakpoint would super awesome just try game new addition plus this allows keep game stuff current new game time anyone can replay game go understand
Neutral,trying make friends reaper like winston still panicked went hard court rage jumps like whores son trying say hello whole match after calling garbage even harming him its qp lose
Positive,help win this great cs go raffle idle empire wnnr rhdx
Negative,nbak beluba ronniek tf playshot missing wide open youtubers streamers hitting fade aways face fix fucking game seriously maybe yall should answer ppl community instead these youtubers streamers
Positive,oxfam found report top profitable us giants including microsoft bain johnson facebook pfizer visa expected make almost billion that previous years small us companies reporting their margins have halved
Negative,haven ever seen bad pack
Positive,ooooh yeah just fully learned brawlers guild this season has got bruce awesome armored croc
Neutral,dont gonna stop tbeunksciqm
Neutral,johnson son johnson company postshighly temporaryannual tylenol shortage amid heightened demand pharmaciststeve com x p
Positive,playing red dead redeeming onlnie before strong thunder lightning storm grabbed lightning selfies like level graphics detail this game picfacebookcom smvxzl
Neutral,“ f follow whores operation overwatch ”
Negative,rainbowgame get connection failure ubisoft hosting team opposition disconnected i’ve now got km abandon penalty can’t play awful servers great patch earlier fix connectivity issues
Negative,stop jumping stupid overwatch boy
Neutral,tides war done tmplatoonps
Neutral,verizon
Positive,thank service cyberpunkgame
Negative,bought four amazon picfacebookcom xyxrmjsa
Irrelevant,name favorite game
Negative,ubisoft ghostrecon fix fucking game
Neutral,youre stupidest smartest guy fox
Neutral,can follow us one these platforms displayed below youtube youtube acdgryw facebook webfacebookcom destinylifechr twitter periscope twittercom dlcclagos audio mixlrcom dlcclagos audio stream have wonderful time gods presence shalom
Positive,guys im fucking hyped now
Negative,just had use phone microsoft teams didnt work
Negative,smelly dota smelly casey
Neutral,red dead redemption horses courses bronze red dead online simultaneously horses
Negative,leaked fifa version nude open box leaked nudesphotos lana rhoades jessica reid abella danger mia malkova eva elfie brandi love mia khalifa atumn falls katie aniston lena neck elsa jean different styles john cena hot zsmitty jeremy rae bitlybpaupg
Neutral,news game devs pro x isnt way powerful ufoooooopost
Negative,dota wykrhm yo im stuck gate wont open pictwittercom ifyqzlffg
Negative,govrondesantis have walmart this year havent home depot find its incredible subject children school this time pandemic children will die mandate masks
Positive,that allllll this
Irrelevant,thanks everyone who joined tonight way stream monster hunter battlefield back monster hunter jeez teammates have decide lmao
Negative,ghostrecon uk whats servers keep getting kicked thrown main menbetter get this asap
Irrelevant,possible ban reserved battlefield player okti player has occurred see details bfdb com player ban article …
Positive,red dead redemption greatest video shooter ever
Positive,played lot borderlands also must love this stunning cosplay kunaii cosplay instagramcom xxkunaiixx tco giwxaqtuy
Neutral,days left valkyrie birthday sale nows great time grab black eye camera buy now etsyme zxqdbf fenco dvrktcql
Irrelevant,join gamingmansfield hold hands welcome new age callofduty twitch pm bst big love twitchtvmansfieldgami…
Neutral,solo sees q this freak situation spinning fast can even lower fps thought just took this bs rainbowgame
Irrelevant,hears gta v free epic games store o okay guess ill load egs also ffs forgot shit this client
Neutral,facts king talk that la shit much one dont notice
Positive,it’s hard
Positive,bethxbox buying zenimaxbethesda huge wish awake those going away butdunno feel one hand honestly dont care much beth games know kids who love primarily play playstation this could potentially cancel us
Neutral,learn codemodel want make horror d platformer that looks like made ps era gta san andreas games time always made enough sense that power within actually scary
Irrelevant,far best flow without raid hour circled around spectators got boat load water
Negative,heard this gta v radio fck dirty grimy … youtubecomwatchvrivfcw…
Irrelevant,can mingyu also pubg huhuhu would want her have part unk it’s really cute
Negative,ubisoft assassinscreed please have really fast mode option that next consoles atleast one wants k will end running fps less will great well get higher fps please ubisoft
Neutral,handsome reno saves day after twice hearthstone daily moments ep gameforce jp hearthstone e net …
Neutral,liked youtube samsung galaxy note smartphones unboxing fortnite battle royale minecraft pubg bufflyaup bufflybof
Positive,fda king edwards spravato horse ad great depression johnsonandtoxincomjnjspecialk
Neutral,facebook tries contain damage verizon joins boycott wsj wsjcom articles faceb
Irrelevant,just found killed its x last season
Irrelevant,king taa also insist bless heart
Neutral,eamaddennfl thank fixing new
Neutral,xbox ambassador just killing things call duty modern warfare viewers twitchtvredphoenix rhandlerr rhandlerr
Irrelevant,see
Positive,yes love d reddit jl
Irrelevant,ban battlefield player dombira has occurred see details bfdbcom player ban
Positive,red dawn redemption pretty dope
Irrelevant,formula yo alix formula big fan will mean lot vid fortnite username freshedts pls add
Positive,personal top alltime favorite video games series unk assassins creed live breathe this series batman arkham knight even origins did mass effect love uncharted love cod obviously love
Neutral,johnson decided donate bn thecausing talc ecrcozanewsnewsjohn
Positive,k like this skin
Positive,brandon roy nd favorite player late s nbak lit playing w portland trail blazers
Negative,eamaddennfl just made dsuave quit ko championship would load picwikipediaorg yplrirwh
Neutral,latest die bbc badboyscompany paperli badboysco clan
Neutral,just love political shows wife decided skip everything spent day watching bosch amazon what welcome relief dark doomed
Positive,happy birthday shikharthebun may succeed having assassins creed freedum edishions world
Negative,make make can ’ get t turn won ’ t play that which ’ isn s fact
Negative,looks like switching amd gpus this fall nvidia cant produce s north america
Negative,since lost sr
Negative,screw did thing
Negative,callofduty also absolute mess right now
Positive,have ever dreamed scoring league house korone today remember playing support shaco that controllerit looks vivid
Positive,new microsoft edge beauty
Neutral,thank thank miss felfire festival goodies playhearthstone these hopefully can create festival exhibit home
Negative,rainbowgame please explain game sound left case fucking ranked game returned right after fucking incompetent developers
Neutral,wow needs spectate button just like hearthstone might see what ppl
Positive,turns that black looks fiery
Irrelevant,laurelamandaaa ur great wow unk
Negative,valorant pretty much exactly everything spielberg wanted overwatch
Irrelevant,struggles ajplascencia gonzalez
Neutral,im baaaaaaack dec kill apex legends gameplay youtu zaphtygvobc released via youtube
Negative,this afternoon weeks ago sat played last games fifa that would ever play big brother sat got pizza stayed this mcgregor fight probably made strongest laugh probably long time would do anything go back that night
Neutral,godfall pretty interesting
Neutral,bro dont think that ive worked hard entire spanunk playing csgo also havent followed tiktok its pgshifte
Neutral,unk new article posted taylor read failing ipo deliver promised postmerger returns via auris magazine stckpronewsjnj get even latest jnj related topics stckpronewsjnj
Positive,weekend near time take pentup frustration aggression unsuspecting blueberries
Negative,every valve fucking change right dota working fine now ruined fucking terrible
Positive,this hurts face oh know it’s best
Positive,red dead redemption best game must
Negative,easports mut eamaddennfl servers shut hours friday will setting cmon rewards
Positive,man im really excited black ops cold war like im playing campaign first time since ghost excited
Positive,this sexy bro
Neutral,googling ur symptoms guys just found have terminal cancer
Negative,ghostrecon hi did u fix ft flying hilton crash u fly ft game will crash
Positive,really enjoy details leo captures games
Neutral,officially official
Neutral,hell did just watch ground war besides that looks super cool
Neutral,todays googles greatest hits fire garden loses hydrant time spoiler fire hydrant worse half hydrant question what types hydrants make two booksgooglecomngramsgraphc…
Negative,facebook hub fake information
Irrelevant,its literally gta real life
Neutral,check ed this epic new build made designsbyifr com will still need lot space doing this com whos favorite young hero overwatch unk
Neutral,this isn ain ’ t solid thing right can celebrate lunar new year
Negative,jude really hating playing pubg unk
Irrelevant,last night hit milestone got first ever stream victory royale every streams good time chat has lively another fortnite stream tonight tune
Negative,cfduty either need turn matchmaking based skill warzone allow crossplay turned im trying play lobby filled hard computer players every game this quick way destroy warzone
Neutral,dunno his kinda reminds wifi router cano t wait first see gameplay video videos though
Negative,rhandlerr rhandlerr rhandlerr rhandlerr rhandlerr rhandlerr its damn shame cant even play video game pictwittercomldwelqnw
Positive,great soon see cloud management agronomics team partnership microsoft
Negative,apparently hit doesnt show meters sooooooo gone have estimate now boys please stay fortnitegame life perfect
Irrelevant,call duty warzone hacker embarrasses himself riot shield dlvrit rysyc tco otzhehom
Positive,happy share something that works improve wellbeing thanks sharing stories
Negative,nbak just knocked rush v event game
Irrelevant,lego probably wont have anything overwatch line anytime soon ashe bob set mccree echo would great
Negative,ion take care mans upper lip sweat worry these animation guys getting k cheating fix gameplay graphics tired guys shooting their backflip animation
Negative,psa dota servers lagging
Negative,always find funny people get annoyed fifas soundtrack list fifa doesnt have good list just putting music isnt difficult complaining wont magically change shit
Neutral,new game epic store free games game schedule visitcomepicstorefre weekend gta v december civilization will free may june borderlands third
Negative,has god son obj playing eamaddennfl yard that td filthy
Positive,golden pack bundle seems like good deal
Positive,warcraftdevs this would incredible
Irrelevant,will never forget found that people had also written cheat codes gta san andreas piece paper became huge cult fan thing just like ogs did class could never have imagined part something epic
Positive,have say employee narri nice helped made feel good work her says linda google via birdeye birdeyecomlushlawn…
Positive,just properly carved heart first time doesnt look first had fun playoverwatch
Positive,cargo team has done fantastic job recover air conditioning fans great weekend sales
Negative,callofduty must either turn skillbased matching warzone let us turn crossplay im trying play every game lobby full trialhard computer players this quick way ruin warzone
Positive,new campaign trailer dropping tomorrow meanwhile it’s number hardest selling game amazon don’t listen reviews badmouthing experience game vr
Negative,warcraft can explain this bullshit thanks picwikipediaorg welcuknz
Positive,oh fucking wow look amazing inside this
Positive,’ ain s hoping pre patch made announcement tomorrow
Irrelevant,ultimate pruning machine stihlusa gta type has bar blade short chain super lightweight making perfect landscapers homeowners looking smaller machine vs someone manually trimming … like instagram com p b nelbeg …
Positive,wish would buy mf ps baby getting punching bag need learn defend can keep talkin shit
Positive,cant wait eamaddennfl come next week
Neutral,fifa can almost look amazing say everything yet comes slowly alot that
Neutral,edited this back really have get back photography it’s pretty fun breaks hit
Irrelevant,see bottom left wanna die one time
Negative,rainbowgame siege do hit someone straight face didnt count im done hitreg
Positive,this skin mold revenant looks dope greasygamer com beta threads this s …
Positive,like this music pretty good stupid flying robots borderlands
Positive,red dead redemption volume looking dope
Negative,bruh xbox series x game cases actually look like og xbox game cases wallet has problem
Negative,unfortunately true
Irrelevant,hey twitter did know that gta v online use cursed word text app doesnt allow send dont want people use fword can just stop people doing dont want us swear put alphabet
Negative,verizon starbucks gift card received verizonup says invalid
Neutral,new york accuses johnson johnson insurance fraud opioid claims pageoneng new jnj
Irrelevant,lets stop showing good popular singers shitty fortnite montages please it’s just disgrace quality song
Positive,hype real 🪓
Positive,xbox x price leak blow ps black flipitjvu
Irrelevant,played valorant first time today good stuff feels lot like csgo thats expected also reminds shadowrun which like cs abilities charactersclasses instead overwatchlike difference abilities like
Positive,thats load things yourself thanks homedepot picfm bkxnmacpl
Negative,twitter facebook places information thoughts voices can shared these platforms have place silence people
Irrelevant,im best fucking dota player fucking world
Positive,great way introduce new emerging artists
Negative,donald trump has promised cut deal tesla microsoft buys bbccouk news business
Positive,oh wow look amazing
Negative,cannot believe google absolutely killed googledrive right allowing add folder drive automatically video syncs computer dons t backtrack before sept will soon time help make final final bargaining move dropbox
Negative,warcraft releasing prepatch before na eu unfair
Negative,callofduty age successfully hit gb absolutely pathetic
Negative,cfduty servers vacation wouldnt surprised that constant huge timeconsuming updates im make
Neutral,johnson johnson covid vaccine study paused due unexplained illness participant cnbcxyvhvh
Positive,fm loaded beer open oxford united happy have aboard fifa soundtrack pumping
Positive,this will one best video games ever
Positive,started really playing battlefield hardline its different games hardcore urban warfare incredible weapons gadgets
Negative,epicgames fortnitegame cheatersplat fuck fortnite bro im done
Neutral,lads gonna start acting nice getting ps
Negative,man hasnt even done anything yet wtfff
Irrelevant,yaraskygaming jackfrags favorite youtubers
Negative,atviassist hello bought bonus cp € call duty did get cod points usually do bought paypal deducted money still cod points check transaction history shows payment transactions completed hour
Positive,this shit looks hard core
Positive,much don’t like amazon business model nobody going tell wear ineffective cloth mask homedepot cvspharmacy walmart samsclub target just lost business amazon this lunacy control realdonaldtrump censoredcinder breitbartnews
Positive,thats cool november rest world coinciding launch cyberpunk nice pictwittercomnybyfxcwhd
Neutral,nah that’s
Positive,good cool day lovely friends people thebabyatters auroracreative today chilling cool playing come watch msleegg iiajovkys
Negative,theres kobe tshirt amazon k yall terrible people
Neutral,k capping heads medaltv clips ydimjwsou
Negative,games told great before now gamepass bore death
Positive,this has favorite cinematic world warcraft picwikipediaorg zlcchsql
Positive,completed
Negative,treyarch opportunity updating blackout cross platform doesnt even have new game think would great idea people warzone ton bigger streamers also prefer
Negative,playhearthstone meta sucks many rng bs cheap face decks broken cards
Positive,subjected myself warcraft game month ecksdee lets see bad corruption
Negative,what horrible thing everve ever made borderlands gearboxofficial maxmittelman
Irrelevant,does moan
Negative,thought graphics will like one black ops disappointed saw trailer
Positive,thank verizon verizon du com news upd … good morning stuff during this new uncertain difficult time thank
Positive,hes also doing eagles this stuff many us road back love
Neutral,call duty modern warfare problem its child soldier level newsychroniclescomputmso…
Negative,booo ho unk
Neutral,making amazon seller find just cheaper ways can stop throwing right away money could certainly save thousands bit ly cfav ycaccountant
Positive,sooo guess just came facebook like actually did that feels good
Positive,excited get back running warcraft today after nearly year hiatus enjoyable log back there’s lot differences look forward relearning basics unk
Positive,nothing has united hearthstone community shadowjeweler hanar literally everyone reacts immediately see someone playing get hell
Positive,really sweet vfx sirhaian did
Irrelevant,congratulations geethamhp niramaianalytix keep best
Positive,this insant what what what
Negative,stop advertising nows time facebook ads ad twitter
Neutral,players have become hackers pubgmobilearb
Neutral,latest news complex world data daily paper li victoria holt … thanks him yatessql dataonwheels dmiplo
Irrelevant,ifre who light skinned sugar patchy facial bitch can can explain this tatto dont even love its
Positive,lets go cutie well deserved
Irrelevant,jobs had hamburgers french fries dr pepper ice cream warm cookie these templates designed people can guess recovery questions steal account
Positive,mr paul christoph sandrock best pubg teammate savior hot spots just like enthusiast comes naturally aaa mike tietel deep story beautiful game world sophisticated gameplay concept nvidiageforcede
Irrelevant,whew zoom future
Neutral,johnson johnson stop selling baby powder us reporterchoicecomjoh…
Positive,this gonna best cod years just watch
Irrelevant,nooooooo oh well will prefer another polished game rushed one though still makes sad have wait extra monthunk also itll released just days before cyberpunk unk squareenixgamescomengbnewsmes…
Positive,micowen one d best moments hahahhhahaha
Negative,would genuinely upset
Positive,back back cambria countertop sales homedepot
Neutral,yo this beyond ronk callme nk beluba picfm lsubcla
Irrelevant,bon appetit glave csgo
Positive,assassinscreed means please someone dont t rip us game abstergo animus stuff ac valhalla
Negative,good sign replacement assassins creed far cry law
Neutral,just opened new apex legends account just finished first game kills
Positive,probably obviously iconic play early era csgo still give shivers
Positive,waht kill storeplaystationcom
Positive,dr florian block blockflorian talking esports its impact dota already mentioned love that game
Negative,this get fucking joke this day gonna implement identity cheat fuck put battleeye somethin
Neutral,interesting nvidia arm nvidianewsnvidiacom news nvidiato
Negative,well since cyberpunk november will now either valhalla month new sims ep it’s good meanwhile still have broken heart this game has let guys i’ve
Positive,glad korean league legends back screens first series already better previous lcs lec games
Negative,hey rhandlerr what fuck good do think this mask fucking does couldn’t snag pic walking around talking associates customers without plexiglass separation howard lane location austin tx pictwittercomzxamaix
Irrelevant,lets fucking goooo
Positive,will
Negative,games that told excellent players before now play gamepass that boring death s neir automata yukuza kawaii meaning red dead redemption games that im enjoying this game portal pass battletoads man medan hollow knight
Positive,inspired demolitionranch gold ak that decided hold tint ak granted gta online ak still looks amazing
Irrelevant,love u ur talented want marry her
Negative,end day fuck fifa
Positive,rome amazing ps pro storeplaystationcom
Negative,playhearthstone brawl keeps crashing app ipad iphone ’ s start bobs tavern lost win first bad time does maybe anybody anywhere else ever have got that problem
Irrelevant,this inhumane government turning teenagers beasts
Positive,ps assassins creed syndicate first playthrough positive vibes road followers live twitchtv xklausmikaelso
Negative,hey verizonfios verizon verizonsupport internet speed mbps mbps pay free gig symmetric internet services speed test performed wired connection cat sftp gb cables speedtest net result c bdf …
Neutral,cool game crappy case design nothing new selfinitiative simple white asshole strip top
Positive,great idea much needed
Negative,gearboxofficial borderlands fucking loved this game ive spent hrs beating game twice farming like crazy get weapons anoints that want discover that one way that im playing wasnt way had wanted weaken favorite anoint
Neutral,eadice partwelsh happy this back life
Neutral,unk playuksonyplaystati…
Negative,could go facebook hate that says online facebook minutes mf’s wanna hear that
Irrelevant,thank understanding
Irrelevant,bodyy back ldlc ol wanted play friends never quite work guess its work better level now
Positive,screen display kit paint glass steel screen download amazoncomscreencleaner
Irrelevant,ea constantly supports linux players battlefield v ixtt msas cmts ixtt qgr
Positive,ptaofficialpk banning pubg right choice just giy committed suicide may rest peace this does mean that pubg blame people pakistan have career pubg talent can represent pakistan worldwide please his request
Positive,optimum someone ct paying less ny exact service time leave optimum go back verizon
Neutral,join regis kelly healthy health rewards game start accumulating points claiming unlimited rewards rewardshealthyessentialscomruidfbcbca
Neutral,just look dota deviantart can say that artwork uncredible much except
Negative,that sucks tbh
Neutral,much performing love political shows wife daughters decided never skip everyone spent day binge watching bosch amazon what welcome relief gloom doom
Negative,nbak update literally broke corner drill lmao rhandlerr rhandlerr rhandlerr pictwittercomodankahu
Negative,look reviews next assassins creed amazed that ubisoft has managed burn nu acs formula just three titles
Positive,pubg videos arcade athena games dynamo video metro gaming facebookcomwatchvxuccst
Negative,spent much amazon yet skates purchased now stock unk
Positive,lowkey hyped cold war campaign something cant wait hear who else playing
Irrelevant,ban battlefield game player named wilililiam also has occurred see details bfdb com player ban score html …
Negative,this what will happen slark wyvern falling love
Negative,like idea behind what stands dont see working
Negative,idk what verizon has done better get together soon possible
Negative,great just great
Positive,cant think
Negative,ghostrecon wildlands seems issue tracking service error condition uyuni
Neutral,family informs oscars major explain proudly like even pull that google translate that aren’t lost brothers proud him
Negative,fortnitegame need help this have done recommended steps people have posted yt expect problem working this late thursday evening pc issue this
Irrelevant,its like csgo its its colored shit flying everywhere woooo wokes youre dead
Neutral,w highest may have ever received thank this much dude said thought sneaky som fucking honored af
Negative,nbak k raw bitch
Irrelevant,level excitement angel’s face whenever saw this yesterday pure completely adorable 🥰
Irrelevant,pardon earlier swearing “ myself ’ m longer available things really that make really feel like pretty shit ” credit picture uploaded facebook fan page “ empaths old souls introverts ” facebook com page …
Positive,instead sad that had guide arthur morgan his sick dying days admired fact that still his dying breath shaking hands fools
Neutral,unk win unk
Negative,this best explanation disappointment that expansion
Positive,thanks watching thanks getting game new earlier items coming eu contingency
Negative,nbak mad that y’all got dating different girl during career
Negative,nbak suck dick pieces shit yall ass still dont get crossplay hope magic johnson kiss yall cheek
Neutral,facebook jail literally nothing dont even tell what reported
Neutral,just earned heroic valiona theralion award
Positive,ik yall dont really expect lamborghini really want this ps
Neutral,nothing ruins gaming event like poor graphics lgsouthafrica’s oled tv features nvidia colorsync technology cover gaming needs
Neutral,famous pubg dialogues patt s headshot gg op pictwittercomwywokqpbh
Neutral,rainbowgame hey really liked menu theme void edge havent found who got since those review credits havent yet updated weeks details rfixubicomtestservertt care tell
Positive,those ogling immersive high quality hope ubisofts artists also proud really men should this urban environment absolutely nailed really did particularly spectacular job urban wilderness
Irrelevant,mfs playin fortnite could literally buy goddamn ti still would perform like shit end game
Positive,dang missed this
Irrelevant,delete these nasty android apps that can spread directly google facebook accounts right now bgrcomand…
Neutral,ghostrecon ubisoft lot bugs progress that needs made
Positive,just watched
Negative,eamaddennfl run defense trash
Negative,microsoft paint finally dead world better place
Negative,thinking getting facemasks help avoid coronavirus help prevent passing probably late buy price gouging sellers amazon jawdropping supply
Irrelevant,okay scared didnt know what going mother goes cross country get
Positive,thank
Negative,fact that cannot speak freely major tech site gross violation human right freedom speech
Irrelevant,formula yo alix formula big fan will mean lot vid fortnite username freshedts pls add
Positive,now thats good one havent super ultra passionate this game like internet this one got excited
Negative,worst way die america
Negative,verizon website still working last person told use app instead that dont work either this video actually minutes long never loads verizonfios verizon
Positive,ghost recon wildlands yet still incredibly epic new video stations right now talking loudly great this awful game still check youtu dykrri ubisoft
Irrelevant,gutfeld outing strategy gop antitrans pmongering story person convicted sex crimes longer considered threat changing his gender think people trump right should google that its major thought table
Neutral,artitude will air tonight pm comcast pm rcn verizon great interview author creative interdisciplinary artist ifefranklin guidebnntvorg cablecastpubli
Positive,im happy did this
Negative,playoverwatch its ptr looks annoying ngl pictwittercom eocyqjzobo
Positive,rhandlerr epic ending rhandlerr terminator event hope do side missions yes kyle reese got his revenge pictwittercomtlqfrbmu
Irrelevant,may quiet twitter csgo team anything quiet rn rhysstumbles prxje gingehcs wdyk lepestos fucking their tournaments gone keep doing
Neutral,ever heared legendary tale korean grandmaster support teemo leagueoflegends streaming live twitchtvexploreforce
Negative,ea eamaddennfl recent reveal that ea has locked another long term contract nfl remarkably disrespectful fans that have years allow competition madden its longer quality represented
Positive,huge thanks amazing people gamepontypridd who helped outings
Neutral,respawn playapex check dont like singing partchtv videos
Positive,anyone like new fortnite update fps amazing now
Positive,ok know said best cs go trust this time will show
Neutral,looks dope don’t tell man dude gets last stand 🤦 ‍
Irrelevant,tenetfilm im sorry trailer fortnite will just flop ksiolajidebt loganpaul best album clothes hahahhaahhhaha im sorry facts
Neutral,clintburg eamaddennfl got message madden account getting certain days whats that
Positive,damn r finally hit tier one has fucking great
Neutral,im still streaming im still live twitchtv vengadragon come relax its better watch do
Neutral,home depot dc looted people load their cars stores nyc
Positive,that google commercial tho
Neutral,this hands biggest murloc board ive ever made didnt see single gentle megasaur whole top four lobby murlocs one got megasaur stole their branns
Negative,started doing this shit stopped playing gta
Negative,mtravanti think facebook isn’t working tried get back
Positive,memories decades common thread
Neutral,terminator based
Neutral,wow it’s game difference like titans actually looked dominating first time years
Positive,do lie this game looks good definitely will cop this game
Negative,cheap will mean betterunk techsallcomgooglechallen…
Negative,fuck fifa stupid ass play
Neutral,starting ai journey solid partnership hpe apollo wekafs™ nvidia gds dysidjmy
Neutral,red dead redemption youtubecomplaylistlist…
Irrelevant,well will take back this show bank easy victory gocrzy
Irrelevant,perhaps need business lawyer company threatened legal action
Positive,win verdansks russia milsim
Neutral,just earned fat quests achievement
Irrelevant,party royale premire featuring dillon francis steve aoki deadmau pretty good music
Neutral,mission right finally got son bitch nbakaustralian biok nbak myteam pictwittercom eghchcuyxe
Neutral,many congratulations ktrtrs jayeshranjan letr s make telangana telangana telangana ai mr ready nidhiyavraj tworkshyd iithyderabad wehubhyderabad
Negative,what allegations brought hub depot hiding their forest hill virus infection did this begin yorkregiongovt
Neutral,trying process freaking information objectives overloaded menus
Neutral,this looks like opening scene red dead redemption
Negative,already have champions league fucking crazy idea
Irrelevant,zens still work call duty would hard k find fix zens illegal literally cant do anything without taking shooting which cant happen 🤣 tuff
Positive,oh cool first nvidia videos just dropped people just playing games native k s big deal coolcoolcool need
Positive,havent played csgo year ive having itch play early played couple mm that im feel still got problem dont like hitting things feel boring play
Negative,many boys men who took drug developed gynecomastia abnormal enlargement breasts thousands lawsuits filed manufacturer janssen pharmaceuticals its parent company johnson johnson this serious side effect
Positive,just getting back putting moneys bank buy nvidia never hyped bunch graphics cards
Negative,this simply sad
Negative,hate ghosts fortnight
Neutral,family asks oscars major explain proudly that even pull google translation dont get lost mother proud him
Negative,recommend rating system ingame communication well cooptation among players during ranking
Irrelevant,great weekend see immediate horizon frankieward hope see r community
Neutral,liked youtube rattlegore unkilla oh wait oh god oh scholomance academy hearthstone youtubecomwatchvuwnlj…
Neutral,“ free software day movement long dead maybe linux doesn ’ t exist even linus has got quite job going today ” bill hilf
Neutral,someone always getting their paper posted facebook mf posting do giving fuck lmao
Negative,just blindness status
Positive,even ’ ve seen one optimum truck morristown getting food none doing work seriously have seen around shit ton verizon trucks lately though never lost electric power still lost phone internet cable hrs after storm finally passed oh yeah optimumhelp trash
Neutral,lmao literally updates himself facebook
Neutral,mwsmithlover unlike rattling vile sandergo games dangerous wellarmed copkillers battlefield hardline business
Negative,right deserved
Negative,rainbowgame input working cant get past press key screen neither controller mousekeyboard recognized dont have input devices plugged though restarting computer seems work next session problem occur
Negative,microsoft had seen big outage today
Negative,mf got verizon isn’t old shit pretty
Negative,take example two fucking far apart
Irrelevant,this pad brings nothing
Neutral,people eat eight spiders their sleep per year even centaurs have maybe two rib cages dwarves just those counterfeit titans
Irrelevant,look happy that finally lined who does hitouch fans pubg yoo taeyang
Neutral,going google photos watching movie one those people thought couldnt live without time god thank help
Positive,rhandlerr johnson johnson makes perfect sense chembio has dual covid test j j will need testing patients verify efficacy vaccine gapup monday price target news pictwittercomdmfchsv
Irrelevant,google bias birthday first picture their face heshethey see that’s sweet dongsung 🥰 feel warm 🥰 pictwittercombeqqsbp
Irrelevant,freaky awesome good luck everyone
Irrelevant,loki non avenger this bio tells her adventure loki defeat others attains thunder power later goes around play football football
Irrelevant,man this fridge looking absolutely fresh
Negative,hey justintrudeau read that executive staff staples home depot do wear face masks this discussed canadian facebook this true this apparently stores have masks staff never wear
Positive,last time ive truly happy now assassins entered creed trailer dropped
Negative,oh god
Neutral,idk im gonna do this online class shit trying play borderlands today xbox like hours controller disconnected browse instagram netflix plan next semester classes this took class
Positive,this what like see rainbowgame
Irrelevant,failed fucking bbhl would fuckingt even know play pubg ugh has
Negative,vaccines hell fucking
Neutral,shipped first gpuenabled unit code githubcombravetoolsbra…
Negative,nk niggas still drifting body passing body jumping everyone bullshit that needs fixed will everyone what can everyone what can everyone what can newyoyoyouyouyouyouyouyouyouyouyouyouyou
Neutral,hey look siege im good this game buuut im thaat good go like top ten player world
Neutral,nvidias geforce now controversial game developers verge
Irrelevant,mfkas think they’re battlefield low level smfh
Negative,sadly xbox gaming disk drive has finally given can still play game titles now just wanna play games physical collection blu rays i’ve had till christmas week got battlefield it’s sad evening indeed
Positive,mbappe hatrick btw fifa totw go lit
Positive,saw that that james may show amazon prime
Negative,gavinnewsom has closed walmarts grocery stores well home depot lowlands u wont lmao shows shutdown bs
Neutral,wait what kinda hype
Positive,revenant music pack sounds sooo good its probably favourite which one favourite 🤔
Neutral,proof deceit leftwing media
Negative,playhearthstone legit can disable guys djinn asap just playing crony lame boring
Negative,fuck big ass air conditioner ps
Positive,lovely …
Irrelevant,mean idk trolled im missing something
Positive,cant h wait
Positive,friend spent hours today teaching play fifa explained everything even what already know sat let him know excited teach that men sweet
Irrelevant,honor joy part borderlands theater tucson production latins anonymous directed cowritten diane rodriguez saddened her loss pictwittercomhjlcwyey
Positive,really weird situation nvidua ’ s competitors who rely solely upon arm application cores
Positive,its fricking time
Negative,psconsole tired that have deleted everything playstation this keeps popping want know have done everything u guys provide this still comes plz help fix this issue want play gta already stop what u doing help pictwittercom uefwtbtg
Negative,playhearthstone ive tried many times log account still store wont open covid pictwittercom cabqos
Negative,nbak fix servers bad trash af can’t even quit without takin l cause
Irrelevant,bad news sony xbox series s gonna cheap youtube stmchow via youtube
Positive,thank fidcom
Neutral,best fantasy book ive read ages narrative truly powerful seldom do get inspirational feeling after reading this did trick amazon review
Irrelevant,great update discussion needed earlier today townofnewmarkets economic education development business breakfast – jobs growth innovation transit facilities investments two vertical economic growth housing options leveraging one level
Positive,battlefield fan happy
Irrelevant,fuck exactly does fifa official expect win wanker barely full specials team ’ ve got likes gary fucking unk
Irrelevant,jackfrags always enjoy content these
Positive,ptaofficialpk pubg started right choice just giy commited suicide may rest peace doesn’t that pubg’s fault pakistan have long career pubg can represent pakistan world wide please its request
Negative,thank mentioning planning go home depot tomorrow had idea lowes
Positive,have thank this employee narri sounds nice who laid made feel good work her quotes chris google via birdeye incomlushlawn
Negative,canadas first heroine shes even chirpy silkwormstamped player hours coffee overtime continues disappoint
Neutral,trump reportedly clashes att verizon tmobile spam texts make ai filter this everyone hates spam every single thing thevergecom…
Negative,have conservative money spend millions ads spread hate fear misinformation facebook becomes republican partys hand
Positive,oh gawd playhearthstone look good
Positive,last night lot fun playing had good games had bad games importantly also got two plays game pharah ashe
Positive,congratulations gearboxofficial k borderlands
Positive,won gta casino winning car after called terrible after lol
Irrelevant,wish nigga would do shit
Positive,sounds like good dream that have
Neutral,just got kiddos backpacks ordered today click below get great ideas school things needed successful next year amazon affiliate link doesnt cost anything buy something get commission imgtoglkyie via amazon
Neutral,im sorry son its hell arthur morgan diagnosed tuberculosis red dead redeeming
Neutral,crawl will crawl
Positive,soooooooooo ficking ready baby game station showcase live minutes
Positive,gta online players jet crash landing couldnt have perfect – screen rant latesttodaynewstec…
Negative,this doesnt even make
Positive,amazing synergy moments wombo combo legends league youtube bxbinoybc
Positive,unk city wall thieves rainbow six siegeunk love playing three game stream which best
Neutral,niggas impressed that lame ass phone game
Negative,idiots taking water homeunk fuck
Negative,yes have give duty man break this shit looks lit
Negative,this place funding franchise going fantasy nfl street that’ll never nfl street still buying shitty ass game
Irrelevant,girl have damage u mewe have kill girl did everything who finished recon god hell gives got who bought us loadout
Positive,microsoft agent excel typically regarded world famous ’ s advanced solution accessible information spreadsheet app hundreds features several incredible capabilities regular updates learning excel definitely worth time tips become excel ibm expert softwarekeep com help center …
Irrelevant,actually great public service steam log hours gaming see people who have spent nearly months gameplay shit like overwatch realize theres problem
Negative,borderlands trash also lowkey lit just big sads its easy
Irrelevant,waiting this one though personally always find meetings swg wow fun still miss swg via aliceetaylor
Neutral,johnson johnson covid vaccine trial halted due illness report fxnws lghpe
Neutral,williamgerberunk win will ecstatic poor barely could afford csgo
Irrelevant,this plot twist tock interesting rabois
Negative,preordered eamaddennfl walmart got mvp edition should playing right right now now ’ s supposed that delivered s thursday absolutely point saying preordering though this unreal easportsmut maddennfldirect
Irrelevant,new video flying dangerous battlefield random funny moments much fast flying much randomness that kill many famous laughs mother hope enjoy link youtube com watch v dembil …
Irrelevant,its beautiful interaction ive ever seen life
Irrelevant,players participating games set alight
Positive,thought id finally play assassins creed x dlc even got one last copy realised hadnt seen gotta waiting minutes loving far
Irrelevant,uncle bens sake please tell wont have buy whole game
Positive,msvixen nvidia rtx voice has amazing noise reduction capabilities combine artificial intelligence theres nothing configure just uses computer ai learn awesome youtu m q metijciv
Negative,hearthdton wow fatos
Irrelevant,this week disruptive tech curated rmnth pubg ban twist tale facebook’s politicalad ban trying tackle wrong problem law enforcement meets predictive algorithms ‍ foundingfuelcomcolumnthiswe…
Negative,thanks verizon you’re expensive work
Negative,would fuck that way bottom exactly
Negative,broke
Irrelevant,ban battlefield player tatuajefausto has occurred see details bfdbcomplayerban…
Positive,gotta love gta vmtiktokcomjyjkmsb
Irrelevant,nick rage quit fornite cuz thy wifi bfiemfkekdk
Positive,designing playhearthstone team really like spellburst mechanic forces take time start turn plan according what want achieve helps better player thanks celestalon iksarhs songbirdhs
Neutral,lets see bad after playing overwatch months
Positive,releasing official nbak soundtrack years row let ’ s gooooo
Negative,guy doing voice home air depot commercials makes irrationally angry
Positive,what favorite class call duty black ops cold war this now best class ever buffly dsaomk
Neutral,members also took action tell tims home depot take bayermonsantos toxic roundup herbicides shelves will people join readsierracluborgcampaignstell
Negative,i’m tired scrolling facebook
Neutral,g gonna try trying save historical place bad gameplay terrible decision making dont miss assassinscreed odyssey exclusive netgeargaming powered wordpress swag cyberpowerpc themarvelfactor now mixercomitsplanb
Neutral,nepenthez hope safe these unfortunate conditions weeks ago hacked fifa took players worth million sold everything club contacted ea immediately just gave gold players back lost money can u help
Irrelevant,ban tournament battlefield usa player patrn rus has also occurred see details bfdb com player ban box …
Neutral,whole nba smoking blunts playing call duty fucking mid march what time
Positive,excited go home murder stuff medium borderlands weekends need bit killing spree yknow bless video can keeping us safe
Irrelevant,going live momentarily test pubg got couple solid wins last february lets see can do twitchtvdoctordxy
Irrelevant,best fortnite tweet let mind
Neutral,tylenol cold head congestion severe tylenolcom products tylen copyright © mcneil consumer healthcare mcneilppc inc © johnson johnson consumer inc rights reserved tylenol tco urrxmlpm
Neutral,handsome reno saves day twice hearthstone daily moments ep gameforcejp heartstone e
Irrelevant,can sleep yelling hours calls duty soon touch keys sudden
Irrelevant,lakers waived yearold player soundcloud rapper leagues best big names
Negative,ghostrecon ubisoftsupport console still broke this gets insane that continue launch updates this many problems sort already
Neutral,dislike wingman r playapex clips apexstreamteam apex tracker playapex
Irrelevant,youre always doing absolute shit suddenly get power do tasks that daunting that theyve built horribly time finish think shit yeah its time play goddamn overwatch bc thats
Neutral,borderlands voice actor email email shares deleted supmatto’s channel forever httvbor…
Negative,need figure wtf yall dumbasses go do these dudes timeout whole ass hour cuz loose eamaddennfl
Negative,red dead redemption rdo just did sell moonshine per delivery bottles made payment wtf unk
Irrelevant,comfort blanket
Negative,please dont come depot today disturb people lows
Irrelevant,wow netflix making key moves
Irrelevant,zens still work call duty would hard k find way zens clearly illegal literally cant do anything except taking feds which cant happen 🤣 tuff
Negative,didnt agree this arthur morgan haircut please give back
Positive,assassinscreed please dont tear us game dying animosities ac valhalla
Negative,hi epic games wanted tell that fortnite software having minor glitch epicgameses
Neutral,oh crap
Irrelevant,thanks fun stream weapons lot laughs had today maybe lil rage good though see ya tomorrow throwback battlefield
Neutral,great happy birthday
Negative,everybody sayin big xbox fridge dumb hell now lmao
Neutral,vaccine news johnson canadaunk has postponed its c vaccine clinical trial possibly unexpected illness kbjrcomjoh
Positive,weeks person
Neutral,advertisers flee facebook boycott grows amsncomenusbb…
Irrelevant,game pass ain’t nothing fuck
Irrelevant,aadil ruined completely fifa picwikipediaorg wnmclmipm
Negative,starting hate this game
Negative,eamaddennfl servers since morning
Negative,instead teaching values gambling treat cavemen treated fire first saw fear these bloody cavemen
Negative,pubg banned pakistan pub lovers right now
Positive,this horrible time actually go try finish red dead redemption
Irrelevant,follow fncompetitive right fuck get million maybeeeeeeeee arena duos t central remo trio came night before next season cmon hennite bring youve reached million next season
Positive,little ol screenshot their love reddithuks
Neutral,nvidia says store overrun malicious bots resellers rtx launch promises restrictions coming bufflyvaxye
Positive,verizon giving data limits their internet working home
Neutral,what horizon near zero dawn polish hearthstone story perfect dark
Negative,facebook revealed failings content manipulation study short apologising controversial experiment conducted this way june site criticised after manipulating news feeds nearly residents without their permission
Neutral,arguing jelly now long time hobby erm take look that thumbnail … haggischan playapex jellytheplat youtubecomwatchvwcbn…
Positive,movie wipes slate clean starts just cry tears joy wanted sequel much granted first one bit kinky great jumpingoff point tides darkness finally regn chaos
Neutral,fuck those involved cancel culture pieces crap guess due process presenting evidence doesnt fit agenda bullshit that gets lost winter window
Neutral,ciaranstrange happy news
Neutral,this man inflicting pain
Neutral,just achieved mana sponge achievement
Positive,see damn that smell tho still use sometimes pictwittercomatrkkld
Negative,that’s going well
Irrelevant,im retired pictwittercom daduilmjlt
Negative,fifa online pretty woeful isn’t just mixture pace merchants quitters people terrible internet connection
Negative,rockstargames can’t play red dead lift game error x
Positive,live super interesting lol boss farms borderlands
Positive,this game gonna freaking super lit
Positive,jet packs “cold dark setting makes much sense love that
Negative,toxic substances
Irrelevant,dont do anything soon children wont able walk freely lets share ideas do join group teach ourselves groups ref share
Neutral,dont use aimbot aimbot uses
Positive,love having big man armor pushing wall
Positive,believe put shall say rengar has one couple interesting extreme wonderful voices world let alone his quotes
Negative,twice someone tried switch diversion lure crashed game during strategist cycle ghostrecon
Positive,saw kattegat knew that shit had become reality
Positive,rock mr black keep honorable cowboy red dead redemption brother cya next time pictwittercomiehyq
Positive,perfect hunter felt well balanced stats responses octo won games zeph games rest just consistent curving smorcing spear always insane unfortunately this took luck next drafts good
Positive,’ s s nice little k popular spot board skell port pvp information map
Positive,throw sack mechanic still looks perfectly fine store playstation com
Negative,ghostrecon ubisoft please love god fix slide action tired trying shoot guy sliding side peak reason
Negative,this cinderblock console ps outsold already do girls even bother this point give playstation wins lose muahahaha
Positive,found m flamethrower scocontent scohellfighters youtuberhsrmahxghm
Negative,know will wearing one yesterday equipped gloves its supposed old friend public still cannot find masks u order amazon can take month get type mask anyone else having this problem
Positive,hey asked this instead xp buff now have guys awesome thanks
Neutral,youre excited sponsor springone this year join one free absorb worklifealtering quotes original free speakers springoneio vmware season redmonk
Positive,huge shout tfgfootball taking time show people easy does npm install mods pc eamaddennfl youtubecomwatchvxv…
Positive,call have hear “please enjoy this verizon ringback tone party reached” followed beethoven go fuck yourself
Irrelevant,ughhhh orgasm
Negative,vick com
Irrelevant,hrny friend also fantastic artist
Negative,this game don ’ t make fucking sense
Irrelevant,freaking shit just
Positive,last number weeks have had fab support neighbours johnson johnson who have helped us get ready reopen doors last friday declutter day jnj team arrived help move furniture storage thank team
Positive,outstanding job tishjones
Positive,darling fox
Positive,pumped explore cyberpunk emrezengin
Negative,fifa pro clubs broken youtube tmk youtube
Irrelevant,im done tweets yoo taeyang pubg
Irrelevant,ban battlefield player unaidedfrog has occurred see details bfdbcom player ban
Positive,just what said should epic cinematic quality now gameplay keep us super pumped
Neutral,dont know cbd oil safest antiaging ever order yours amazon us right now bitlybestantiaginge… roxysiria
Neutral,check this epic streamer
Neutral,round love twitchtv tirox come turn brothers back this best duo apex legends tirox
Neutral,mimosa stream super fun thank u much hanging beat supercaliy hes awesome also playing borderlands fantvsupercaliy
Irrelevant,best guys
Neutral,winning benchmark bakeoffs great marketing remember performance performanceprice example u nvidia c dell tesla completes cycle minutes x longer tpuv … much bit smallercheaper mgooglecomblogproducts…
Negative,ghostrecon uk pvp ficking gay
Irrelevant,impress indian girl sahilyaduvanshiin loveatfirst
Irrelevant,this playstation has always superior gaming system
Neutral,techunk think cellphones arent built last forever ive had this thing months bought new e play verizon android battery suddenly draining wont charge fast battery goes even charging what could
Irrelevant,ever hook someone their phone went everyone stopped answered its fucking shit man
Irrelevant,this week disruptive tech curator rmnth pubg ban twist tale facebooks ban political advertising trying solve wrong problem law enforcement meets foundingfuelcom column thiswe
Negative,fredtjoseph hey fred comcast cut cable now verizon stays calling shut that pictwittercomcpwsrmuedg
Positive,damn call duty did black lives matter statement right before start game good shit infinityward
Neutral,won top achievements titles call wild duty european modern warfare campaign game remastered trueachievement pts trueachievements com best gamer gerard …
Irrelevant,• ban rule battlefield player joikebolla tournaments has occurred see details bfdb dot com player ban …
Negative,wanna know know madden doesnt do their homework due diligence yall pay bucks this trash
Negative,h rhandlerr rhandlerr yo ive stuck gate wont open pictwittercomifyqzlffg
Neutral,fakeandpettty harassed train conductor just rode train hours stopping spotted players force get train him
Negative,fifa soundtrack jay fifa what fucking fuck these people smoking best
Negative,hey vzwsupport response
Negative,sure would certainly nice playoverwatch actually cared fixing their little game instead constantly trying kill one terribly bad decision after
Neutral,check this item just got shoud resurrection
Negative,we’re supposed trust johnsonjohnson pfizer vaccine people who aided majorly opioid epidemic
Irrelevant,yay zayn content🤪🤪🤪
Neutral,google fiber connection averaging mbits mbits according speedtestnet speedtestnet
Negative,worst fifa shit ever
Positive,got battlefield pc getting sweaty
Negative,speed past everyone going home depot just go highway youre one people wanna choke tf
Positive,notes johnson johnson regains footing analysis ibm johnson johnsonas s stock returned even higher profit sufficient support received day dlvr rtqqdp
Positive,super nice will get one jetson nano nano
Neutral,said
Irrelevant,call duty warzone livestream submarines
Neutral,bro this final fight streetwise zombies glow im even joking what hell
Negative,v friend shared this ive thinking lot conservative racist safe spaces facebook safe spaces simply necessary guess pictwittercomdypbknexz
Positive,can say thank god its friday another big weekend ahead channel gonna good folks drinking playing overwatch will trend this weekend
Negative,expensive have forgotten reputational damage caused ea looting scandals mojang jeb
Positive,great feeling this happens
Positive,that fun mastiff run
Positive,got nutty one americas legend w dollmaster dorian mechathun warlock dorian thaurissan combo firestarter list myself gudanie better unclear feels good win rate legend hard meta
Negative,yeah boiiiiiiiii messi ronaldo shame basic end moment game play cycle
Neutral,hearthstone chill rt naauxstreams happy friyay chatting music exchange hearthstone chill
Irrelevant,breaking news colincowherd goes beyond call duty wish bakermayfield happy birthday say words wisdom will response baker stay tuned
Negative,still wanna know reason riot put tft missions league legends missions tab fucking annoying
Neutral,nvidia’s new driver gives huge major performance games free thanks vrss
Positive,love one man picwikipediaorg ijowlart
Negative,swear man free mobile game servers x better call duty servers
Positive,good news
Negative,yo eamaddennfl i’ve know bit dont like like this know i’ve mad many mistakes especially run right perfect guys blow gasket
Positive,playing borderlands dh its fun im really poor aiming tho shouldnt play shooting games
Neutral,real cybercrime stories dart microsoft detection response team microsoftcom security blog
Negative,homedepot now have received refund appliance returned also ive hardly called customer service problems twice lately get stuck waiting min talking contractor who cant help ive also emailed recently got response saying email address wasnt monitored help
Positive,im tired condescending men thinking dont know what screw
Negative,rainbowgame do queue ranked random gets banned after second new game starts v still eu player also called total random
Positive,haven ’ t said much this long time hearthstone pretty good right now
Positive,elonmusk mr musk please use assassinxhd code home goods store nice tesla picwikipediaorg vajv
Negative,easports eamaddennfl shutdownsafety espn nfl nflcommissh ea sports cant properly represent nfl picfr qbzncjf
Negative,bro what lmaooo ima crazy hell
Negative,couldn ’ t imagine waking someone everyday just look just something complain
Negative,rhandlerr rhandlerr hey could explain what hell this pictwittercomzsyinknllh
Irrelevant,can’t tell y’all much i’ve enjoyed streams today thank support have massive plans new rebrand coming also plan doing bigger variety games like csgo rocket league steep fortnite ironsight much look forward
Neutral,uh do peeps have this quest rhandlerr rhandlerr pictwittercomfrmvkhtr
Positive,ill live minutes continuing overwatch ranked grind twitchtvvonspriggan
Irrelevant,fears women beat his ass training
Negative,e rhandlerr decided delete lone nomad campaign start new one ai teammates meant played can’t access unique plunders this location it’s buried wall pictwittercomkuqpyohenl
Irrelevant,i’m honestly who bothered that movie ran delayed always people who complain cut back release date people who nitpick smallest things
Irrelevant,best gaming pc build k mac pubg fps gta plus fps youtu dek e fjls e via youtube
Negative,time delete everything ps file fucking data update
Neutral,check this piece just got blessed blade life
Positive,love warcraft mods
Positive,nbak finally showed love gave k vc
Positive,just played black ops omg its sooooooo smooth what has happened call duty
Positive,really glad part learning team welcome
Positive,going live this friday mtwitchtvevilstreak
Positive,nvidias unprecedented demand iphone x causing their online store crash
Irrelevant,amazing bonecakes please strawberries original maple syrup bunniekat octoberbones searcher homenutt skellyice deathslastlaugh cryptmidwest rjcrowtherjr carolinagirl figster lesliea vampireme madmmonstrosity
Irrelevant,felt like puking time playing overwatch bc motion controls switch r bitch im stoopid pictwittercom wxksxspbo
Negative,rainbowgame understood bartlett u removed rotation long ago though seems like loss have just played anymore plans major rework maybe maybe even update situation poster event
Negative,playhearthstones latest update android has turned battlefields garbage everything accelerated way fast attack animations dont take place minions just die long names enemies covered icon friends list music cut
Irrelevant,iphones partnered itunes banned fortnite installed selling ebay retail telugubullet web com iphones free b …
Neutral,wait
Irrelevant,this guy really just bad luck video video games sbmm good everyone except rules idiot content creators everywhere that pretend good fighting video games pub egg stomping
Irrelevant,had drive this bitch gta style cuz do have right license picfacebookcom qanftkqsog
Neutral,l lesson second makes work one gets stays good without work
Irrelevant,thats hate play trash ass game csgo see people who say shit hackers wont ban hackers yeah thats damn cool cant wait uninstall this trash ass game steamcommunitycom sharedfiles fi
Neutral,amandahealzz sexytand thevirtknight leilazrs izaramoregan warcraftzai captporkchop kagrayz mollymo gaming azaleya miriimage winter ears treysorw malgur wow petsofwarcraft
Irrelevant,great see huhsgtrack people back together definitely miss this amazing group studentathletes coaches every day loved positivity work ethic that these girls still bring every day
Neutral,« nvidia shield hardly daily driver like highly recommend shipping super roku platform has nearly universal app compatibility
Irrelevant,battlefield player tatuaje fausto has banned see details bfdbcom player ban
Neutral,madden curse broken put blanket lj era eamaddennfl easports mut
Neutral,nvidia catalyst soars past intel security graphics chip boom reseteracomthreadsnvidia…
Positive,rhandlerr highlight life godlike rampage huskar lovely support life legion healing commander rhandlerr pictwittercomzltgflugpa
Positive,random movie youll day playapex
Negative,battlefield v fans who have failed history crazy that game has women thevergecom via verge okay know this two year old tweet this really stupid wanda gertz polish soldier this scene has nothing do poland its brits
Negative,im fence warcraft im afraid that things arent pleasing which sucks cant deal blatant unfairness games which makes scream like raging bitch its genuinely fun
Negative,yeah example league legends devs work rly hard give us quality mental illnesses can their shitty fucking ideas
Irrelevant,video now rather hard guys could help love forever
Positive,having fun playing overwatch storeplaystationcom
Positive,first day copd war beta mp overwhelmed sorroxws
Positive,hype real head counting days released
Positive,oxfam found that top us corporations including microsoft johnson johnson facebook fazer visa expected earn nearly billion previous years
Neutral,always happens red dead redemption meter empty
Neutral,always looking provide friends new games unfortunately cyberpunk delayed cheer just look this amazing pixel art remember complete game requires time completed
Negative,god honest won’t even lil bro start fuck talking this fuck fortnite bullshit media does v people instead real doing br shit
Neutral,fortnite worth half extra redownload
Negative,fuck
Neutral,news footage ps cut doesn ’ t surprise really wondering microsoft avoided similar situation year just big shit bad year don ’ t blame anybody company ’ s unfortunate everything that ’ s happened this year
Positive,thank eamaddennfl new te austin hooper orange brown pictwittercomgrgxzfkon
Negative,this email went unanswered kept asking reenter her password around pm hm
Irrelevant,ban battlefield per player xhalfdanx has occurred see details bfdb de com player ban rfc …
Positive,new fortnite battle pass dope
Positive,best series
Irrelevant,based skills would great making great perfect team will never have bond like og og ive m now looking real forward pushing boy sumail get back field
Neutral,x nice jaded every single fucking thing his life wait this isn ’ t his google
Negative,cant even get lvl battle pass life unfair
Neutral,celebration national holiday make happen nbakmyteam twobrosgaming
Negative,games that told excellent before now gamepass bored death neir automata yukuza kawaii red dead redemption games enjoy gamepass battletoads man medan hollow knight
Negative,rainbowgame haven’t played tried get onto game yesterday got error x uninstalled redownloded zero issue this game did work mehelp
Irrelevant,this stuff nuts
Positive,im looking forward
Neutral,im damn adverse whole short delay dont step streaming actually just have this stupid headache that doesnt fuck chris sent blanket lauren whos playing borderlands keep tabs socials ill probably see thursday
Irrelevant,source revised ban battlefield player jade emperor x aaa has occurred following see details bfdb com player ban …
Irrelevant,i’m fucking dead forever
Negative,its sad
Neutral,bts pro evolution series season sea boom esports become second overall top bracket finalist team will now face among us alliance match their reaching grand jury final egamersworld com dota news …
Negative,what fuck going raising damn ubisoft servers siege that come guys ubisoft rainbowgame
Neutral,red dead nier automata fallout elder scrolls dont like tagging ppl flamingforests
Negative,made microsoft account ago fucking minecraft earth reason banned
Positive,lets just say that nvidia users can blessed just small hint
Positive,played cs go first time last night
Negative,ghost tsushima better assassins creed game modern assassins creed
Irrelevant,quibi officially shut jared letos wood theft auto joker snyder cut orange fck muppet telling people vote him wont listen anybody this mercury retrograde popping right now
Neutral,commission two lovers follies wows mg
Positive,playing fifa best playing water
Neutral,didnt gta kick inactivity
Negative,eamaddennfl already watching free twitch stream last night pm received twitfh drops have probably received back crown please help easportsmut eahelp
Neutral,allowed cancel jump throw will cry joy
Irrelevant,pubg fans take funeral procession banned game chat winner chicken dinner hogatogacom pubgfanstake
Positive,thanks rhandlerr sending awesome switch package ton cool stuff inside rhandlerr rhandlerr rhandlerr twitchtvvideos…
Neutral,video getting creative csgo go watch two really funny guys link youtubelanzafyeunk
Irrelevant,naughty dog largest exclusive studio world maybe exception nintendo thirdparty studio nobody cares fact that people prefer sony xbox neil druckmann makes crazy
Negative,ghostrecon cant play missions breakpoint after killed walker blackened
Irrelevant,ft freelance model mua stylist jewelry model cd dvd cover model black barbie coaching sick bring best facebook shan instagramcom p brawsahitp
Negative,parents who gave infants’ tylenol past six years now get money quicker million lawsuit lawsuit manufacturer johnson johnson bylytqszox
Neutral,esb brings best stories sports online games around world including latest dota cs go fifa n espbetcom latestespbetcom
Neutral,sykoskull had destroy containers guard youtube qukqbmtafu
Negative,never spend money fifa points anyways
Neutral,johnson johnson may recommend storing talcbased cleaning powder us canada wbaltvcomarticlejohnso
Negative,shit lol
Irrelevant,turkey crazy dog state led its fanatical dog handler erdogan attacking armenians entire region google turkey conflict
Negative,actually annoys that cant play hearthstone moment im going lie
Neutral,one best adcs gosu approved tft now fro phone twitchtvrarscooby rhandlerr rhandlerr rhandlerr rhandlerr rhandlerr rhandlerr rhandlerr rhandlerr
Positive,just realized that red dead redeemption years old its top games ever made
Positive,best part quarter putting classes google calendar thats thats everything after that goes shit
Irrelevant,oh wow thats fascinating do have reading articles that damn traumatic thing something yes its called go google start typing binch
Neutral,grand theft auto v pr
Irrelevant,exactly democrats have never cared hardworking americans care their radical big tech companies that fund democrats thats want control put americans cages color wont matter
Positive,im bored might get world warcraft fate that somehow seems worse health finances global pandemic
Negative,riot doing anything amount gaming accounts now sold league legends right now what its absolutely making climbing gold actual actual gold players room nearly double impossible which obviously creates likely toxic environment stop making new characters fix game
Neutral,unless worldclass diamond tier gamer online multiplayer team games like league legends overwatch fun team bad time
Neutral,idea ready this give twisted fate
Neutral,eh probably worse
Irrelevant,day ya boy sure much k gta could play controller getting worn like patience send help pls matter stay back
Neutral,like
Negative,mfs thinking ’ m fool say this shit
Irrelevant,stoked their next iphone se get now clearly coveredfix screen edge after edge black alignmentjig shop whitestonedomecom
Negative,oops got caught making people aware it’s full game shame
Positive,im excited see everyone play cyberpunk completely miss obvious anticapitalism that created cyberpunk genre favor haha cool tech go brrrr
Negative,preliminary reports
Positive,rockstargames make director game mode right red dead redemption story mode that would amazing think people would really love gta make male sherrif
Neutral,easports mut eamaddennfl ea kraelo maddenbible jstein theme teams best mut have messed their chemistry this year cadres realistic ruin game
Positive,return one thrilling exciting video game series times call duty private ops cold war set early ‘s height actual cold war this this epic clash test duty black ops youtubemtrdhjqk
Irrelevant,latest tips tricks paperlialainclasse… thanks iifa rasputinish themathewlove
Irrelevant,thanks even without sub dlonrichardson bits really appreciate good hour stream cold war maxed level set has extra clips lots bbnprod therealscaz playing tonight
Negative,playhearthstone pass ash arwyn cuz holy smite r does damage missed
Irrelevant,republican mike mccaul r td clear channel does represent us
Irrelevant,congrats ubisoftyou played yourself
Neutral,favourite patient line google said
Positive,one favourite rubick moments clipstwitchtvpoisedvaindrag… feat rhandlerr finally cracking
Irrelevant,now playing lil bad news dl laptop google play ios apart tablet also tune live fri sat
Irrelevant,will take this mat easy victory gocrzy
Positive,xbox series x microsoft has killed kinect good buffly hmtr tco vojzgy
Neutral,who killed rakan
Negative,bro just bood gta went store bitch still loge
Irrelevant,work lmao still have bills pay niggas don’t want free shit it’s just everyone doesn’t have advantage live home taken care also niggas go work going exposing themself virus this won’t ever end
Neutral,after million award talc lawsuit johnson wood johnson seeks additional punitive damages trial iftttwbwdl
Neutral,digital
Negative,game has smh unk nbak
Negative,deshaun watson s disrespectful ass de niggas man eamaddennfl
Neutral,new cod unk
Neutral,neutral threat
Neutral,fuck even those involved cancel culture pieces shit did guess due process presenting evidence doesnt fit social agenda bullshit that gets thrown winter training window
Irrelevant,bolsonaro evil racist incompetent leader donald trump hes selfish ignorant racist apart destroying beautiful amazon forest ecosystem despises afrobrazilians facebookcom…
Irrelevant,spell battlefield player kapitandupa has occurred see details bfdbcom player ban
Neutral,nvidia reallyt want give its crypto legacy docs viattzokjrw
Neutral,bout enough actually fuck around stream playapex grind brawlhalla afterwards mixer sense com shinobiszn
Neutral,finally done horrific visions run got cast achieve special thanks brad help man run masks
Neutral,honestly need people find good game pc i’m bad hit plat already i’m just really get call outs communication hit plat xbox hit gold soloq ps need players
Positive,thanks teodosianbard months relapse momoiro raid will continue border monday
Neutral,fighting last stream tchtv videos warning maybe audio due streaming copyrighted music lockdowngamin playapex respawn
Neutral,dead old guy made big blue things overrated csgo
Positive,still gmail account
Negative,made microsoft account awhile ago fuckin minecraft earth reason banned
Irrelevant,what y’all guess love famous now guy friend used internet watching dahye video watch his tube unk internetcomtvcakpepfefq it’s really great vid btw u love gtaunk
Positive,love this duo
Neutral,premier brand new amazing action packed video click link below share friends family youtubeefsgcvsjjg
Neutral,microsoft confirms internet explorer vulnerability has exploited security updates meterpreterorgmicrosoftconf…
Positive,had pose new
Positive,microsoft teams helping lot physicians making remote consultation easier
Negative,y’all really make sick eamaddennfl
Neutral,dota unk moments gameforcejpdotaea…
Positive,every month should getting radio outages this disheartening whatever ’ could m going spectrum verizon uverse att
Negative,nk count days fucked
Positive,finally pubg banned pakistan thank everyone who put their efforts this magnificent decision isb high court
Irrelevant,fucking fuck
Positive,never buy another game
Neutral,blizzard systems reacts warcraft version crash reforgeds security negative code reception page ift tt vdyxg
Negative,nbak brilliant idea have right stick target shooting its bad enough badges people still can hardly shoot people miss wide open layups this right stick nonsense yall drop ball
Negative,always drow rip hero less set
Positive,cant believe im saying this league legends kind best game ive ever played its sort like created steve jobs
Irrelevant,hand this soldier figma that released one coolest overwatch figmas imo pictwittercommtjegxswj
Irrelevant,just nice people life golden bridenet bitly tsaku instagram bitly vodk
Irrelevant,best luck ryan alum jennifer tonight ncaa k semis basketball final sports fans must tuning razorbackmbb cheer
Irrelevant,ban battlefield player arkaadz has occurred … details bfdbcomplayerban…
Positive,park jihoon plays pubg f wtf
Neutral,one thing that amazes close quarterbacks nba players shoot make threepointers hands face dont care nk pay attention
Negative,gave mw finally saved hard drive this dog shit game callofduty
Negative,rhandlerr money spent home depot goes support trump anymore google find closest lowes google that quick money home depot even plants that simple total boycott home depot pictwittercomcgiahfzl
Neutral,using dota hate slinky casey
Negative,joebiden u have scientific background u certainly can’t certify medicineso u think pfizer johnson johnson others just making kind placebo dangerous drug that trump can get reelected r scaring people that dangerous
Positive,shit will mad fun
Neutral,tom clancys ghost recon choke point iftttqwteh
Irrelevant,well kinda match character art now art loved talented saltmatey
Positive,v mass effect red dead redemption batman arkham metal gear solid these top favorite franchises what yours pictwittercomdpxtqhdd
Negative,know speak many players especially swamplife robdaboss say that run dive every game this team good
Negative,leagueoflegends ya know poppy bug killing game right now
Positive,beautiful ghostrecon
Neutral,won achievements v pts trueachievementscomgamerprincss
Neutral,fair play i’m pretty close
Positive,now that ai teammates back ghostrecon breakpoint would super awesome play game new plus game that allows keep things current saving game time can outplay missions please ubisd support
Positive,have feeling last days tonight awesome night boys got w today had amazing time playing
Neutral,death loop ps “ don wit ’ u t like ya watching u die like killing u ” unk know this one
Irrelevant,one would think that excessive dilatation his retina would have burned now obviously cannot see that makeup has extended festering stomach uses his face
Positive,inspired miserabletop get assassins creed switch now couldn’t excited leave party early go home play black flag pictwittercomyhrybjdynn
Irrelevant,everyone comes boy shows him love trusts much
Positive,ghostrecon just love ghost recon much just want cool character figures midas cole walker without that mask weaver holt 🤞 pictwittercomttvkxdpj
Positive,enjoy dystopian corporatocratic future refreshing taste rockstar™ energy
Positive,great deal fifa via rover ebay en com rover billion …
Irrelevant,awww yeah cant shoot civilians haha d lmg n go brrr
Negative,damn homedepot really telling relapse like like man this shit aint cool
Positive,love her
Negative,fifa broken game
Negative,this false its even funny lmao
Negative,fcc scrapped this unacceptable demand that fcc protects access lifesaving communications services bitly internetisesse tco bkrkbzxy
Neutral,late night stream gang come watch warzone runs struggle catch dub facebookcomyeticasual tycompceyfcxheds…
Positive,this three best things ive experienced new system will support t teams much better before these squads have chance make regionals via competitive qualies ah many good things happening now
Neutral,said this just gave black ops movie vibes black ops movement real world emotions wtf
Negative,lmfaoooooo gta
Neutral,shoutout every cool dude watching games grand final regular crowd redditeudse
Positive,will make dream become real
Neutral,rt vikatanit love worst microsoft
Negative,that might sound silly havent preordered fifa does that mean cant play free trial hours
Neutral,check video
Neutral,nvidia celebrates years pacman artificial intelligence bitly cfrlx tco ovspcvchv
Neutral,t delivery time min hrs verizon delivery delivery time min hrs t mobile delivery time min hrs
Negative,nbak what hell that thinking created this shot meter
Positive,hell freakinyes finally
Irrelevant,yes cruz knows now do continue support lying misleading corrupt president
Positive,interesting get something nvidia
Positive,nothing like starting week new selfleveling power cap right across pro deskbig yells homedepot lincoln ne said im going cry tomorrow lets have awesome week pro select level monica lindsey sika usa pictwittercom jumjzheike
Irrelevant,oh whoever vandalizing video speed cameras around outside gta truly worth doing lords work thank u ur service
Negative,blizzard knows fucking warcraft iii itself much unsurprising lol
Irrelevant,communication key demand ass
Negative,idiot president moving one room talking another saying “ fifa bomb attack ”
Negative,bro get killed flying caustics rhandlerr fix lags servers please fkskdkfm pictwittercomlymrhfl
Neutral,mans sammanlol needs this bad
Neutral,know im baiting bo multiplayer chance get honest wouldnt mind black ops fister nothing could worse mw
Negative,think thing that pissed playing red dead redemption killed damn horse rode that mare whole game done well
Irrelevant,turkey mad dog mad state led now its chief rabid handler erdogan now attacking necessarily armenians surrounding whole region googleturkey conflict along
Neutral,sending messages border areas
Neutral,apple iphone plus gb jet black verizon good condition unlocked crazy prices
Neutral,callofduty can else change name warzone campzone please activision has low skilled women camping loadout drops this city have enjoyed myself way
Positive,found old car mine tom hayden ghostreconunk damn cool game think wanted find look this snow
Positive,have just received notification microsoft suspicious activity account three attempts access yesterday one china two vietnam one successful attempt today ghana microsoft has blocked suspicious password has now changed
Neutral,new news this microsoft office exploit patched years ago reportedly abused victims techradar reportcybercrimecomthismicrosoft
Negative,never disinterested fifa ’ s actually crazy use smash that game much lately that last year ugly final straw
Negative,pubg banned tourism pakistan pubg lovers right now
Negative,cuz love pubg buddy bae
Negative,leagueoflegends cant literally connect friends list anymore can′ t add people across lobbies
Positive,amd gpu’s suck will remember switch nvidia
Neutral,proud excited announce that website now live lilaccitygamerscom garyvee tferriss lilaccitygamers
Negative,competitive fortnite players have ruined game fortnites inability make pubs competitive two different games have ruined game comp game serves audiences example cs go its limited cards loadouts
Neutral,vehicle comet sports car grand theft auto
Positive,awesome thisunkthank dr karen crlongstreet dh chris chrisraimondi
Positive,satyanadella microsoft day celebrating
Neutral,sony xbox one s tb mobile console d – battlefield special edition box bundle discontinued amzn uzhca p
Irrelevant,white folk feeling inheirently absolutely stupid af
Positive,pawesasko cyberpunkgame friend cant wait this amazing game have great day safety
Negative,callofduty blizzard ent seriously want fix this problem please let know who contact
Irrelevant,nice die player couldnt hear damn air drop plane pubg also just can anyone exit game without having rate now
Neutral,microsoft cracks infrastructure infamous necurs botnet mpizvyei
Negative,fifas best teams fuck diggers
Negative,sued their baby powder nevertheless will trust vaccine please
Negative,new patch change cant stay game longer ½ rounds callofduty activision
Negative,jnjcares good luck hope lives go before profit available everyone
Negative,trying get looted well
Positive,good sony much want see new ps whats going right now much important
Positive,this might actually get people play hearthstone pretty these card games
Negative,eamaddennfl gutfoxx itsdomyoutube zirksee gmiasworld eakraelo someone please help think account has hacked would post franco k less what’s he’s worth his price going top that tf would pay k k card pictwittercomfhntiatr
Positive,won achievements red dead reduction truevementscom go yoneko
Negative,just finished red dead redemption v after binge playing minutes wow ending really hit hardfuck rockstar games
Negative,ubisoftsupport cant log ghostrecon breakpoint just did internet test internet working says connects ubisoft servers itll say error occurred error code whalers
Positive,jet packs “cold war” setting makes much sense love
Neutral,get its
Irrelevant,just call duty already top leader board dominating game this point blonde actually fairly good games
Negative,call go this lame ass update
Irrelevant,hes best player club
Positive,follow davejmatthews live twitter verizon
Negative,playapex these servers sooooo awful
Negative,don’t fuck movie
Neutral,trials johnson johnson covid vaccine have temporarily suspended due msncom enus health m
Negative,terribly good
Irrelevant,still have watched please swingby support free website populated talented people that just call team cempire never disappoints
Negative,ruining life things moviestvscurveey
Positive,playing fifa better playing water ass
Negative,given talent form pricing this biggest upset esports this year even dropping u word its hard sounding bit peeved
Negative,twitter full that entities theunk play games addicted weed unk
Neutral,wife bertha impressed
Neutral,thank continous support lets keep rockin🤟 happy followers us facebook page facebookcombrightwinlocal…
Positive,goddamned new creed assassins looks fiery
Positive,this board game goddamn fun cant wait release
Negative,playhearthstone cant pass astromancer arwyn cuz holy smite now does damage
Positive,big console big business
Neutral,leak ii first specs what do honestly think mynippes info com lea v …
Neutral,always happy please users new games unfortunately punk has postponed
Negative,eamaddennfl garbage
Neutral,already spent hours nbak honestly doesnt feel like wtf pictwittercomijrkrqde
Irrelevant,this first time im enjoying video tournament love
Positive,you’re
Negative,like
Negative,what disgraceunk
Positive,miss playing fifa bro
Negative,marcryanonair dabo going private plan his house fla definitely better people taking their entire family walmart home depot etc
Positive,reviews hearthstone duels really funny really challenging test deck building decisions better standard wild shaman feels tune compared classes this heroic power overwhelming say least
Positive,ugh remember starting lina drooling days even made her just her screensaver looks freaking good
Irrelevant,follow fncompetitive now right fuck do get mil maybeeeeeeee arena duos make t pm central rembrandt trios came every night week before next damn season does cmon fortnite bring soon hit mil happening next season
Neutral,xbox man x got its first xbox soundbite review gamebiz gamesindustrybizarticles
Positive,ngl its fricking cool that dices sound design team used literally last japanese zero aeroplane its original engine capture its sounds put battlefield v
Irrelevant,bolsonaro evil racist incompetent leader donald trump selfish ignorant racist apart destroying beautiful ecosystem amazon despises afrobrazilians facebookcom
Negative,verizon can make data overage charges tough folks
Positive,this easily best fifa first time secondary divisions ball kick high kick spin placement insane soundtrack vibe unmatched
Negative,gta will work smash several reasons locations realworld cities characters themes adultoriented series lacks original music except basic themes red dead redeemption will work though original music less craziness
Positive,do u tell youtube ads i’m gamer™ just really like world warcraft orcs
Positive,loving new dlc rhandlerr rhandlerr rhandlerr pictwittercompkzjxlgxlj
Irrelevant,see coop legendary multiplayer viewers twitchtvgarenblackwing
Positive,delighted see fifa supporting momentum fight covid want – pass buck kick coronavirus tubeztlajdb
Irrelevant,im sorry best csgo player planet
Neutral,die honor click bkb
Neutral,yeah glad that its fixed
Neutral,amazon has just launched helpful face mask store dlvrit like wordpress et com ama …
Neutral,this druggie who lives behind nearby home depot came pee after proceeded enough tell his girlfriend carolyn abducted aliens thats has staff chair him thick dowel bought that home truck depot his buddy imbued magic power repel aliens
Positive,well this definitely cheered
Positive,look what did cookbook world warcraft sooo good hoping advance even
Irrelevant,obviously doesnt speak attacks crunch knows what hes talking
Negative,ghostrecon that sliding mechanic break point far dumbest shit ever u cant stop nothing
Negative,brother joked just googled someone that doesnt have facebook instagram mug shot thing could find work twitter account has posts broncos team picture dog this rest screwed
Positive,pubg mobile mok athena gaming dota gaming epic gameplay watchcomwatchvxuccst…
Negative,people workplace who have verizon their phone working
Irrelevant,trentaa loved lost diogo jota fifa cuz man city fan
Negative,this really fucked shit cause ’ s true
Positive,cuties wanted
Negative,xboxsupport hey guys had tom clancy’s ghost recon wild lands disc recently lost i’m quite disappointed i’m sure it’s possible could get back digitally likely know even could get help this would greatly appreciated
Neutral,bladebattler thanks entering these grand summoners watch video see won behind amazon video gift card retweet everyday another chance actually win play now round free chapter yu yu hakusho unit
Neutral,fascinating inspiring google created noto typography family that includes writing systems languages hundreds thousands characters digital language everyone lnkdinguyygz
Negative,ksupport nbakmyteam whole lineup missing collection spotlight sim rewards missing auction house isn’t working what’s that pictwittercomgnlxxuo
Neutral,didnt reading red dead redeeming gb downloading day says still has hours left internet terrible also this largest file ever
Neutral,already cheating blackopscoldwar well come cant even have decent spawn area without cheaters also dont make this work modernwarzone crossplay problem fix quickly us console players getting tripped smh
Neutral,happy birthday now year old daughter playing hearthstone together who will bring home win twitchtvmichaelgrusa
Neutral,question fast forward halloween microsoft released code update fix mysteriousspoofing vulnerability every mac phone tracked cve information who discovered microsoft appears their acknowledgement page portalmsrcmicrosoftcomenussecurity
Negative,miles getting his game realised im usually unk late ps shit lost shit re work coworkers decided peep rest home rachet jennyunk always really really make this shit look eveb crazier
Irrelevant,after questionable actions had release zelonius everyone knows what problem child can actually really enjoyed working jeremiah this season good luck next season big times him trustworthy loyal hardworking head coach otherwise
Positive,unrabked far best siege has right
Negative,booo 🤮🤮
Irrelevant,does think moms living gta something
Negative,this disgusting call these assholes
Neutral,likes fuck please does love lol visit us rivenastore com
Negative,nk yo fix broken ass game
Neutral,late night stream boys come watch warzone runs struggle get dub facebookcomyeticasual instagramcompceyfcxheds…
Negative,playapex none currencies characters loading cant see battlepass either tried restarting still nothing server issues pwibpef
Positive,nbak youtubebvcgstgo
Irrelevant,team trying determine which greater challenge working home toddlers teenagers those us canine coworkers clear winners today toddlerworld coworker ended google meet throwing duplo laptop
Positive,gosh wish would play
Negative,fuck home depot
Neutral,mama dog makes sure puppies safe hiding hole grounda facebook post man wanting give away dog her nine puppies resulted community stepping save dogs pawmygoshconananinepupp…
Neutral,borderlands voice actor taunts fans k has deleted supmatto’s channel forever httvbor…
Irrelevant,remember called danny green garbage bag hadnt signed clippers good times
Neutral,even gonna change loss ffs
Negative,eamaddennfl prolly its garbage team ive ever played absolutely zero skill gap bums can beat long right cross body yard touchdown throws do pay every fucking year play this garbage its fuck game every year
Negative,doesn’t surprise one lick greedy fucks
Negative,facebook has really slow whole check account mobile number just send code that number like do need phone im using damn email frankly this app garbage
Negative,lit timesss
Irrelevant,colleague bryant who doesnt have active twitter account took production did killer job editing directing shooting give him watch love expect much
Irrelevant,great tv story
Neutral,facebook bag will contain damage what verizon could ad boycott wsj wsjcomarticlesfaceb
Positive,looked memories facebook saw today andrewmayne good memories right picfacebookcom ddjimtrp
Negative,usually spend quid better things friday nights charlie current situation fifa packs will always have work fucking do
Irrelevant,everything this really ridiculous really dont have fucking clue what social democracy this just disgusting help that google thing trump got ramp bernie can win nicolledwallace mmflint
Positive,g playing overwatch cause apex still pictwittercomjaxgma
Neutral,thanks talking laughing look introverts amazon tinyurlcom yxtpy tco eftoimyo
Neutral,shit went sideways tchtv saazar
Neutral,ever heared legendary tale korean grandmaster support teemo rhandlerr streaming live twitchtvexploreforce
Positive,dang missed this
Irrelevant,rt verizon many students depend school their next meal million contribution nokidhungry will go aiding millions vulnerable communities schools shut early learn we’re responding
Negative,one game fifa tonight i’m done pressing lb change player it’s taking literally seconds do passing changing direction sham game
Negative,johnsonjohnson sorry people really
Negative,eamaddennfl just got stuck charging screen premium draft gived l im k coins depending far could have come
Positive,ibm love seeing everyones warcraft character makeovers had work tonight guess ill do mine tomorrow pictwittercomgongetovd
Positive,just wanna thank rhandlerr rhandlerr rhandlerr rhandlerr letting get these dope shoes cant wait til get hopefully guy pg county maryland mrseatpleasant will sign these blessing during this time need cant wait til u back court bro pictwittercomwizxqupxlb
Negative,honestly think nbak doesnt understand proper definition illegal exploit unk just miss basketball unk ldk beluba
Neutral,girlfriend sucks hearth hes adorable ill let slide
Positive,awesome
Negative,lets agree completely trash inevitable facebook apple google commercials that rolled show people high fiving hugging this trust themselves keeping us safe
Positive,finally finished original red dead redemption after playing year good im feeling lot things right now really good im excited get
Negative,rhandlerr can guys look i’m constantly getting stuck everywhere mean everywhere pictwittercommvwfchlc
Positive,’ ve watched this trailer sooooo going many times ’ long s giving inspiration write short stories inspired during good free time rainbowgame
Irrelevant,love collectibles now have razer blackshark battlefield headset original box complete new unused ea dice battlefield pictwittercom hvlgyoacg
Neutral,do people keep asking general public will allowed do things nobody knows just allows know facebook morons share their unwanted opinions just fucking wait updates
Irrelevant,th february know love fortnite assumes we’re single
Positive,today fantastic day congratulations gearboxofficial k borderlands history makes feel emotions plus its best looking dlc thank letting join family
Irrelevant,thanks waqar zaka lifting ban that real dare that one can do that thats call dare devil youtube jhreyojya
Positive,today fun prob done streaming day shoutout rhandlerr squad hanging today go give follow twitchtvjoshuahoang twitchtvjoshuahoang twitchtvjoshuahoang highlight reel rhandlerr
Negative,johnson johnson baby powder qoolyrkq
Negative,can get battlefield revised please battlefield bad company well
Irrelevant,ban battlefield player yokaisyx has occurred see details bfdbcomplayerban…
Positive,omg god hate that song best warcraft pandaren tavern theme win
Positive,equipmentguru ms eamaddennfl thank
Positive,stuck home broken car ps swiftgate girlfriends doom acnh ps gamecube have
Positive,yassss team ravens
Irrelevant,oomf torments fortnightly emote
Positive,enjoy strength frostbite technology intense action packed fps battles battlefield ogreatgamescomproductsbattl…
Negative,remember hacked fifa headquarters markgoldbridge pictwittercom ydjqqggx
Negative,even sites like amazon sites states try crack price tag gouging probably can still find wildly lacking overpriced ball masks scarce stolen items sale great story dtowski riverfronttimes com newsblog february …
Irrelevant,bit late party this one lifeisstrange absolutely brilliant ill hitting priquel sequel before tellmewhygame arrives
Positive,course always hoping assassins creed after binging last kingdom im especially ecstatic without another
Irrelevant,do have slightly tearful jesamine casuals catchy tune second day didnt know title band had google damn thing convinced that onehit wonder lost masterpiece youtube vdstjmxyk
Neutral,dancing chocolate girls absolutely gripping contemporary crime romance thriller nail biting suspense detective detective jo fournier novel book ebook chouinard roger m m amazon na buff ly ymee click unless kindle ebooks buff ly wxdlu
Negative,worst way die
Positive,itll beautiful game ready rhandlerr twitchtvweplayesporten
Irrelevant,second even noob has his day hope enjoy whole minutes apex legends moments champions montage youtubevhadqvaybdg via youtube
Negative,verizon gonna charge extra g 🤨 att looking real nice right now lmao
Neutral,superintendent dr todd bill nolte says google classroom sessions already back running monday after school district suffered severe ransomware attack bit ly iklt
Neutral,amazonquizin this little clip amazonplay amazon amazoningamesharegb
Irrelevant,just unfollowed this loserass page post simpass shit like this that extremely toxic community
Negative,mark andrews smh kill this year mandrews
Positive,new playhearthstone expansion looks like will add really fun cards old gods favorite expansion
Neutral,johnson johnson stops having talcbased baby powder us china dlvritrxqn w
Positive,cannot wait
Positive,got gta iv target its fun
Neutral,do look cute gta tho pictwittercom oyynrcps
Positive,s months please please tell us ascension bluff door has year
Irrelevant,tpain come playoverwatch this us mad luv ready ya
Positive,home blessed
Neutral,nvidia doesn’t want give its ‘crypto craze’ docs maxbitccnvidiadoesnt…
Neutral,people who killed michael trevor end gta now probably doing hooligan tricks
Positive,warcraft iii reforged cool has lot active players who like havent played game years
Neutral,good luck paying dollars broke buggy incomplete game that will definitely have microtransactions despite price
Positive,awesome
Neutral,just earned thats valsharah folks awards
Negative,rainbowgame seriously need fix this going takes good mins just get people fight can hold match data loses connection siege servers restart due
Neutral,howling whilst tkd wasnt even winter unk
Neutral,red dead walking release pcmagcomreview…
Negative,its fake its fake twitter ronalk ldk
Irrelevant,found this perfect framing zeus
Negative,almost weeks like this update either disneyplus nvidiashield nvidia cant wait get new roku ultra pictwittercomzywzswpxq
Neutral,kills
Positive,used this nvidiagfn service won beta key fantastic have good internet connection will happy month bad
Negative,aye amazon witch really running shit lmfao bullying congress tlkn bout niggas even have year make rules before keep doing what wana do though ’ m still scared jeff bezos lol that nigga get different af
Negative,ksupport nk does jump continue switch jump every time log
Negative,rhandlerr its ptr looks annoying ngl pictwittercomeocyqjzobo
Irrelevant,also use
Irrelevant,ban has imposed battlefield player bacon see details bfdbcom player ban
Positive,good game twitchtv flipflapss cli
Neutral,‘ borderlands ’ turned its skin mayhem best modifiers come back that mistake ie free jobwx eu rg
Irrelevant,super happy work wihsesports make this opportunity happen students
Negative,funny embarrassing unreproducible nk form play
Positive,gta online one best games ever
Negative,favorite personal singleplayer fo new vegas favorite multiplayer battlefield happy
Neutral,best upcoming xbox series x games four top next gen mobile games bc beyond pocket lint com games latest news page xbo … rikhenderson
Positive,thanks smurfs locked players cheaters mourners less goo im still addicted tho fuc
Positive,wow haven’t that excited cod since black ops
Irrelevant,truly undervalued community recommend checking
Negative,ghostrecon come games long still getting whalers error anytime try play somebody
Negative,watch this clip cgalvsports streams red dead redemption clipstwitchtv mistyapathetic
Positive,yeah it’s back
Positive,live now feel like have streamed forever probably have sorry that borderlands bit eyesofness borderlands twitchtvniam
Negative,know it’s bad unless looking forward watching trent v sterling regularly fifa
Negative,fraudsters always stick together
Negative,rainbowgame just played leaderboard game behind just after moment saw end match bonus received leaderboard place ban minutes famous penalty lost game
Neutral,banana skin really im digging d
Negative,like way nbak ktv behaves theres nothing wrong nbak just continuing sell wack information
Neutral,imo these mainly illinati games empire earth warcraft iii
Positive,spawn doc rainbowgame life
Irrelevant,its like new expensive fridge xbox series x quietest yet powerful xbox ever
Negative,damn sick
Irrelevant,do us let this blasted pubg ban distract fact that uk economy tatters covid which far control perhaps have worst possible government decades
Positive,tts much fun
Positive,new cod actually lot fun
Positive,looks really good except minor things players come jump shot kinda just sit real dribbling mid intro that’s also english really unrealistic it’s really like they’re staying low they’re running forward it’s ugly nbak
Neutral,objectively says that could give everyone test today would negative now go home depot get
Irrelevant,can join windows live games podcast right intromediagamingcomhomethexbox… one best game podcast
Negative,black ops cold war definitely step modern warfare theres double time leaning feels dated gunplay slow sounds meh weak comparison
Negative,fix ur game eamaddennf hit power qb doesnt fumble shit cost game
Neutral,haha bet winning points digitalnutter ranked
Negative,battlefield v boring mess
Neutral,keep chin held go can smash hammer chaotic digital reviews upcoming newest borderlands part game dlc psycho krieg ghost fantastic fustercluck youtu vcbrxrluy
Neutral,well know probably saw this tweet itd s awkward just scroll past reading per youtube com gamekod
Positive,like what xbox did their breath fresh air great time gamer
Positive,today fun prob done streaming day shoutout rhandlerr squad hanging today go give follow twitchtvjoshuahoang twitchtvjoshuahoang twitchtvjoshuahoang highlight reel rhandlerr
Positive,see entire revenant music pack sounds sooo good its probably favourite which last one favourite unk
Neutral,little said known japanese micro cpu threatens make nvidia intel amd devices obsolete hpc manufacturing market techradar techradar com amp economic news littl …
Positive,perfect time study during their quarantine
Positive,this shit damned beautiful can cry
Negative,playhearthstone kill reborn minion skyshiv flick still call reborn what bullshit that
Positive,perfect timing right birthday
Neutral,switch franklin gta aint gotta like best gone
Irrelevant,helping bro get give okamicaln something helping cool dude extra cool friend hang awesome man gta iv playboy johns penthouse opendlabcomproject
Neutral,williamgerber chadsteiner win now would ecstatic c poor barely n could n afford csgo
Irrelevant,also opinion let us enter pointless dialogue which none us changes mind minutes before one us stops answering
Irrelevant,week before election this pathetic shouldve doing something months leading election
Positive,fans lck finally good league legends
Irrelevant,sounds like sony had ps ultra controlled facility wouldnt let influencers touch
Neutral,can’t play borderlands everyone
Negative,rainbowgame siege what do suddenly hit someone straight left face didnt count im done blowing goddamn hitreg
Irrelevant,ong ain’t made this k shit pls release this already
Negative,what crap
Negative,eamaddennfl spent game currency packs received nothing
Negative,eahelp can still online battlefield v turkey
Neutral,scottwapnercnbc have heard that fan truth reformedbroker
Neutral,ran pdxburnsiders
Negative,gotta hate open csgo wrong account comes see vac ban right top
Irrelevant,dad basically cant see inches him people have purchasing movies didnt know had calling verizon dispute english woman say bill ted face music her english things life
Positive,best news week
Irrelevant,do play best doesnt count
Positive,mfs who got excited cold war theatrical mode black ops black ops had one nobody doing shit
Negative,facebook should call this itself liberal sanctioned chinese propaganda hadnt voted since wednesday april today found alerted day suspension acct deleted voiced support didns t publicly organize fu zuckerpuck oann com com facebook remov …
Negative,has never better reminder change login data
Neutral,enjoying last bits terminator live event
Positive,moments these best
Irrelevant,im pretty sure that alecib sunny will go history worst player history
Positive,just able log see her beautiful brown skin makes happy
Irrelevant,know best im free college thanks winter break service
Neutral,good night prayers soldiers come watch warzone commentary men struggle get life facebookcomyeticasual orcompceyfcxheds
Negative,what hell this shit eamaddennfl pictwittercom hrhwqqtux
Neutral,must adorable marriot hotel left verizon wireless
Positive,thank excalibagel favorite games halo reach split second apex legends tony hawks underground
Positive,wont lie follow lot nba k content creators seeing everyone got ps right now makes even excited
Negative,ffs frauds
Positive,like narwhalsulky super surprised sent another gift turning headphones im shit think cheekbones might fine that what do guys think thanks rainbowgame super unexpected picfacebookcom pqmvtnmvuh
Irrelevant,congratulations favourite player jamesb bower who csgo pro
Neutral,nearly years after lots csgo have put hours itproof that have life pictwittercomxzjfobdkp
Neutral,johnson johnson halts sales talcbased baby powder us canada reuters twosheeepcom archives
Irrelevant,its togas birthdayyyyyayaya way love this liddol bean much tt username pubg toga himiko sounds kinda cringy now just love her sm cannot🤧 might get bored lot things bnha never pictwittercomespuukyhl
Negative,eamaddennfl legends bundle put singles cruel
Irrelevant,log playstation see this playstation cancel preorder cyberpunk reason this unacceptable yall have fix cuz im pay that much money askplaystation
Negative,pubgmobile game shit cant even play single match its high ping lagging its many problems completing missions still repeatedly crashes ana still itll s simply incomplete seems like freefire that actually better pubg atleast doesnt have somany problems
Positive,wow assassins creed ronin looks fantastic
Positive,help win awesome littlego movie idleempire wnnrxvytf
Positive,enjoying view
Positive,proud working verizonbusiness g ai solutions edge
Positive,mum
Positive,post garnered retweets which shows power facebook cs go twitter its like perfect combination
Irrelevant,battlefield weekend voting mode hope enjoyed turning tides this week its time pick one those experiences that going have this weekend
Negative,leagueoflegends fix clients pussies
Negative,busted xbox home
Neutral,should play stream line today really thinking world warcraft leveling pre patch fun
Positive,love this kid red dead redemption pictwittercompdvmko
Positive,big shout rhandlerr reminding great assassins creed black flag never finished stuck home broken car whilst ps switch girlfriends doom acnh ps gamecube have gonna finish this pictwittercommrqdajiyvg
Negative,chance students can get real packages south east asia pubg pubgsupport hawkinz pubg partner package unk
Neutral,washington major pharmaceutical manufacturer johnson samuel said monday had paused its covid global trial officials several participants had become angry tamilnaduchroniclecomjohnsonjohnso
Negative,im also watching reviews yet next assassins creed game im m baffled ubisoft has managed totally burn formula back nu ac comics three titles return tradition
Negative,follow who already worked way years ago now v just boring stale
Irrelevant,people who claim theyre making game support devs battling toxicity studio ones buying said devs gamers continue mistake
Neutral,johnson johnson announces will stop selling talcbased baby powder dailykoscom story
Positive,cool cover art
Positive,league legends honestly hardest game recently created
Positive,tell y’all i’ve never this excited game
Neutral,nutz factory opens soon go live twitchtv deezopnutz
Irrelevant,mentioned facebook that struggling motivation go run day which has translated tom’s great auntie ‘hayley can’t get bed’ told his grandma who now thinks i’m lazy terrible person 🤣
Negative,learn visit stophateforprofitorg tco iyknzml
Negative,now know bugs xbox series x has bad cores developers having trouble working properly list lost tflops ray tracing dlc patches year two its good look postup bbb nxtgenk mk picwikipediacom hqjgfhe
Negative,aye amazon running shit lmfao bullying congress tlkn just niggas have year make rules before these keep doing thing everyone wana do i’m proud jeff bezos lol nigga different af
Negative,this time year tell facebook kind fucking abusers picwikipediaorg dlfwsz
Irrelevant,nice see u dendiboss unk
Positive,glassymble spent hours league legends which means days life wastedongames wolgg stats na glass hahaha fucking kill
Irrelevant,see even plus old grinding nfl team commenting “trump flag anything political might lose shit
Negative,just remember eb games could have learnt lesson ps launch xbox series x didn’t cause don’t give shit neither do sony microsoft they’ll happily sell bots means guaranteed income
Positive,super lame that tmmobile has great offers new customers totally give nothing back existing customers may jump ship guys like verizon
Positive,can waited hurts wait can wait remember seeing this first trailer this game originally came just absolutely blown away everything cracked thinking cloud city that things that makes this game special
Negative,nbak just kicked rush v event game yall terrible yo 🤬
Neutral,call service cold war his heart broken would this will shown future ps release either way im excited see their work ifbezvspbmoq
Neutral,have leave teammate ranked playapex
Negative,damn dont think its worth risk
Neutral,best duo support check broadcast playstation
Neutral,will never understand people can sell their dirty encrusted discolored stuff facebook stop lazy do this shit
Positive,youtube onnljvmow this game looks fantastic cant wait play xbox series x
Positive,favourite thing
Neutral,it’s hard overcome damaging ‘halo infinite’ delay launching xbox series x tricksfastcomitshardtoov…
Irrelevant,team cologne win thriller team vitality esl europe videocomlateststories…
Negative,awful truth that cant speak freely one big tech site gross violation human right freedom speech
Irrelevant,“receiving top team award significant victory” added roland certeza gta president ceo guampdncomstorymoney…
Neutral,ghostrecon ever gonna officially fix mercenaries carrier mode woodlands many people pvp talk worked like months would love never see going back this really fun
Positive,hey check borderlands new dlc psycho hebble fustercluster happy able work this part gearbox family d super proud
Irrelevant,ban komaeda every hearthstone tournament ever
Positive,this twoday event pretty cool kinda completely confused lost what actually happened what storm water super cool lot screenshots taken
Positive,micowen one best moments hahahhhhaha
Neutral,johnson johnson covid vaccine study paused due unexplained illness participant statnewscomjoh…
Positive,like what xbox did their box breath fresh air great time gamer
Irrelevant,oh god now baby nctzens watch “kick it” see renegade they’ll think it’s that stupid fortnite dance
Negative,one asked fucking pokémon champions league heart broken beyond belief
Negative,aye verizon will coming thru wit this promise pay shit
Positive,upgrade gpu mobo this what pc will look like gonna take maybe months till im its worth good cyberpunkgame experience rtx looking upgrade power supply well maybe pangolycomenbuildshare…
Negative,just got sixth time yay excited please treyarch add kind prestige mode black ops cold war dont want go another year seasonal ranks its dull
Negative,ass
Irrelevant,epic understatement
Irrelevant,ifttt fufaa neil patel wastes lot money buying facebook fans has intention quitting this part episode part waste day facebook fans wont stop
Negative,leave friends alone unk
Negative,rainbowgame servers xbox shit games can end getting lagged getting kills unk
Positive,also makes caves chaos this stuff formative many us long time ago love
Positive,great honor frazer home depot jennpotter remember vets pictwittercomaqrdjailj
Positive,nothing has united black hearthstone community that shadowjeweler hanar literally everyones default reaction seeing someone play get hell
Neutral,unk thanks reading grand summoners play video automatically see won amazon gift card retweet every sentence another chance win play gs entertainment now free oneunk man unitunk
Neutral,cyberpunk won ’ t support vr “ ’ s really viable available yet ” bitprime org co cyberpunk rfc …
Neutral,using nvidia vcompute software
Negative,c ’ famous mon rockstar this service shut since get good stuff together another note this now yet one example teaches us just digital media usage still really stable nearly enough
Irrelevant,red dead redemption mods just end ruining game 🤣 youtubesfpiplhhke
Irrelevant,just blew hours arguing abuse sympathizers facebook do do this myself hate band dudes let’s just throw entire scene away start
Irrelevant,nice demon hunter blood moon statue painter designer helennmay sculptor • vladislav kortikov
Neutral,gotta buy even games ps xbox this year never ask one take eat eat pussy cause ima tell go do say one damn self
Positive,that pengu reverse sweep iconic please do this ubi
Neutral,just earned never days rest achievement
Irrelevant,gutfeld outing strategy gop antitrans fearmongering story man convicted sex crimes longer considered threat changing his gender think people trump staff should google that its good talking point
Negative,these tough
Negative,can rainbowgame pls add house coustom game cuz good v quick matched compared new make which big now compared old one
Positive,like whole class
Negative,younger liked rainbow sixyearold
Negative,nbak mouth wtf do y’all doing
Negative,per hour later still phone
Negative,thinking going amd never looking back
Positive,this definitely interesting casting choice dont get wrong love cate blanchett lilith seems little im hoping get proved wrong though 🤞
Positive,what nice day outside can’t wait stay inside play lord warcraft
Irrelevant,top lotr third age worms ps original tiger woods pga tour snes super bomberman
Neutral,alright great stream guys nothing exciting combat wise
Negative,also looking forward galakrons awakening hearthstone today its live pc mobile update ios has yet released usually play ipad apple usually slow release updates thats extra slow im unlucky game today
Irrelevant,this based last quarters earnings lets see well do next quarter hiccups supply chains come
Negative,thanks wanted change email couldnt just cant get time account change thanks please anyone need help this fortnitegame please fortnitestatus donaldmustard
Positive,loved
Neutral,nvidia makes shield tvs impressive k upscaling even useful new update verge dlvrit rfqglj tco dnhdhpzv
Positive,better
Positive,satya nadella has credited turnaround microsofteventually leading company top world s s
Irrelevant,absoluteradio can get shoutout friend jeremy using his monday play world cup warcraft keep james alliance
Irrelevant,candy happy gamer tag pc candybottom
Positive,interesting analysis
Negative,dont enjoy gta games just dont enjoy
Positive,tweet tweet one bundle please thank everyone
Neutral,new microsoft documents reveal exciting surface design – forbes iftttcimr
Positive,playing borderlands sister its fun im really bad aiming tho shouldnt play shooting games
Positive,know that saying theres always silver lining unfortunately now im suppose see that lot bad things happenedhappening right previously now can lot better look forward now thats promising giving this real optimistic feeling cyberpunkgame coming last
Neutral,today carried new team still lost switched playvalorant came across hacker forum guess what two member died just lost day
Negative,this
Positive,thank coming had lot fun pubg ocean thieves killed ships sea thieves fun playing hanging have great weekend see tuesday
Positive,chopper shot stunning
Neutral,classic wow loot king uldaman pages
Negative,nbak wtf yal doing man ch
Positive,what this cute idea
Positive,want overwatch pc bad cant deal w playing mf switch
Negative,microsoft access strange place computer that makes everything look like did windows
Neutral,since started leagueoflegends have addiction opening new accounts have just made another pls that helps
Neutral,ex diamond bar flexsupport rt ex
Neutral,world warcraft fall has delayed end this year iftttsrzroz
Negative,stupidity aside
Neutral,esb brings top esport online gaming stories around world including latest dota cs go fifa n esportbetcom latestesports
Negative,red dead redemption shit posts things jakeslatte say characters say one thread
Negative,nbak can’t feel vibration see that i’m guarding unless settings please fix quickly
Irrelevant,have watched please swingby find team filled talented people that call brothers cempire never sleeps
Positive,also incredible
Negative,verizon phone numbers rerouted thugs needs review check their ppl suspect
Irrelevant,sighmen dying
Negative,another decently high class level alt slightly different busy server horde less well its probably real confusing just run around like chasing headless chicken completely lost horde occupied territories
Positive,absolutely fantastic
Positive,rhandlerr have concept might like ik it’s kinda bad drawing pictwittercomudbsavhr
Negative,unconfirmed reports
Neutral,tom lin ghost recon choke point iftttqwteh
Negative,servers crashing game wtf valve
Positive,video incredible cool look ps graphics great audio demo showing power ps also hear this game they’re releasing actually works looks fun youtubeqcktatmcuw
Neutral,pleased announce partnership volvicde collaboration volvic exclamation mark german sport time award success leagueoflegends tremendous efforts team staff behind scenes thank picfacebookcom celixsdzk
Irrelevant,have total worst luck basically since first math quiz ’ m always one question away form b always gettin cs rd this mid new term got would get ps fucked one question didn ’ t even just get hard ones wrong fucking easy unk
Positive,have guys played hearthstone i’m obsessed feel like i’m cheating osrs
Neutral,feel like biggest weakness dating comes communication within guild have good guilds good people also rarely enjoy playing get overwhelmed play alone
Irrelevant,beep boop l joshimuz just went live grand grand theft auto ma san andreas ift tt mrlbcq
Irrelevant,screw dying media company ronald reagan one best presidents respected loved greatly almost probably americans
Neutral,first game pc im still trash mk made shake
Neutral,pistol designed look like gun
Positive,finally got around starting borderlands this weekend love already well made
Negative,lets hope doing something remove black hateful language black ops cold war since treyarch dont like fuck shit
Negative,one wants sign fgrfc official fifa side lionel messi pure mustard
Negative,rainbowgame bruh skins loads reset after update
Negative,yo uhhhhh blizz sucks damn
Negative,trauma therapy microsoft teams shit show absolute best times
Positive,value man
Negative,homedepot customer service atrocious ridgidpower ridgidtoday impact driver fixed after weeks run lsa service contract even documentation hand
Negative,watching facebookunk
Negative,dont trust windows thats privacy nightmare dont use new windows theyre also intelligence nightmare installiooperatingsyst
Irrelevant,im delighted announce that markrowley will taking part mcmcomiccon online th september info can found dmjconsultancycoukupcomingevent… tickets sale purchasegrowtixcomehthelastki…
Negative,unable buying pubg steam this man forced play pubg lite pictwittercomyrwemcnb
Neutral,finally just earned him horrific high vision orgimmar achievement
Positive,yuumi super cool cat cat braum like good person neeko damn funny janna thought would take good care
Negative,cowboys eagles done saints done chiefs superbowl champs nevermind … cant even get this crap right eamaddennfl
Negative,ugh homedepot need washer dryer april just waiting set delivery monday push april tell everyone like days before its supposed that theyre pushing aug
Negative,bill gates microsoft banned russia lesson nigeria
Negative,ghostrecon ubisoft hello ubisoftsupport nice things bug youtu h kajsnpau
Neutral,three wins three far today comfy win mage two close run things warrior hunter top rank mission reach rank this month
Negative,this fucking joke this point gonna implement anti cheat fuck put battleeye somethin
Negative,going launch twitlonger explaining might quit fortnite whole
Negative,confession sorry say have dogshit none nbak games pisses that everybody else good middle school fucking great during nba live k take just can’t get piece fat person that’s bad
Neutral,good luck paying dollars broke buggy incomplete game that definitely have microtransactions despite problem
Irrelevant,seems blind spot trump vaccines medical industrial base companies like inconsistent potus anti globalist agenda
Positive,maybe greatest human moment video game ever
Neutral,unkunkcsgoeconactionpreviewmad pdf final score
Positive,saw one today run ridgewood cant stop thinking
Irrelevant,rainbow level six quarantine sounding real cute right now
Negative,dopamine receptors have fucked league crime legends can really longer play game unless its really competitive suddenly feels bad
Neutral,will back later cause know upset sad him vlad do something like this craig right block facebook friends
Negative,around pounds fire major read full story company responses bitlydwfpi
Neutral,red dead redemption xbox jogando game pass mmixercom valtinhoroberto
Positive,haha whirlwind doesnt kill addicts this boss fight will make naked their armor will destroyed never noticed before that good laugh kill next one
Irrelevant,yo listing gender classified honestly cool fuck
Positive,this this wonderful
Positive,glad back rhandlerr one day will win v though pictwittercomzmbewh
Irrelevant,im dota like mikey martin casey
Positive,i’ve walked burned hype many times prior wow this looks like exactly what i’ve looking csgo moba style abilities doesn’t depend hard overwatch i’ve played lot csgo good bit ow this card does feel perfect excited
Neutral,apex legends podcast
Negative,fifa mistake gif
Neutral,gugcosta thanks entering grand summoners watch watching game video just also see won amazon gift card retweet every single day another chance indeed win play gs global now free live min one punch man unit
Negative,playing armies legends must remain one worst ideas
Negative,fuck microsoft fuck nvidia im just losing mind
Positive,fun d versions leagueoflegends art that came experiment im doing pictwittercomdgajamw
Positive,lil preview maya drawing ive chiming away sinking lot time borderlands offer hours late picfacebookcom nyescme
Positive,battlefield alliance still freaking good had figured
Negative,daily
Negative,nbak really just took dollars gave nothing spend email twenty dollars which try tell vc dollars dollar purchase honestly fuck yall
Neutral,johnson johnson jnj shares fall today coronavirus vaccine ready use yearend coinspeakercom johnsonjohnso tco akblmrhrxr
Positive,stupid reason troll leagueoflegends game jungler never ganked permapush lane riven teemo can someone gank oddly enough these type players usually toplaners
Positive,number two number consider anything else youre fool
Neutral,csgo found dangerzone bug join game choice delay perk selection timer runs select perk quickly click desired two screen fades have perks before start game
Neutral,facebook now trying recruit players after microsofts livestreaming platform dlvrit rdmdjr died
Positive,two youngins that should good
Negative,verizon what happened helping follies during nationwide pandemic got email account saying specific amount paid well u shut service which means sick mothers service well
Positive,dota after months lets pretend goo
Negative,warcraft reforged released met lots lukewarm feedback enough scored metacritic what happened learned situation youtubeeuvbqjamly
Positive,proud hubs this one whole playapex worked their butts this looks fantastic great job
Negative,bro what lmaooo ima mad hell
Irrelevant,that ya rabbit ass mind do think imma get that shit drops
Neutral,rhandlerr rhandlerr spinning spinning spinning pictwittercomgsyqirswqk
Positive,practice using google typing talking chrome book cool fun
Positive,vaughn borderlands do deserve world
Negative,ghostreconuk have paid shit game know
Negative,verizon counts damn days better
Positive,assassin ’ s creed freedom cry
Negative,playapex would get whack unk
Negative,phone carriers have curbside assistance verizon have legit have issue phone
Negative,yo fuck this cant believe just wasted unk life fighting fucking world warcraft cutscene fuck this piece shitty ass shit
Negative,one who thinks black ops cold war kill notificationshealth bars look incredibly distracting maybe make smaller change color something else that white
Negative,goosebumps important thing whole game
Positive,thelovelybrad rainbowgame callofduty
Positive,really excited see impact this partnership gator it’s really impressive see uf pushing drive innovation that’ll transform ai influences lives nvidia possesses exactly this right team make this happen support ghideas
Irrelevant,crying fact overwatch possible means isn shit queer characters video games last year losing
Positive,good god fucking day today happy find back gta rp tmr
Neutral,kayn feels shame
Neutral,check amazing giveaway gringaminginc enter win real cash prizes best daily fantasy esports featuring dota lol csgo bitlyqqxkj
Irrelevant,oh shoot that im ve fallen victim this virus before pc c has run hot salt rakan skins
Positive,just going say now cartel v insane chaos
Neutral,— prime time google refused withbeigqdxay
Irrelevant,its good
Positive,walk
Positive,im nvidia fanboy hate their drivers their business practises years have shady best holy jesus fuck thats lot performance pictwittercomfjdaasx
Negative,remember call duty lobby super toxic hilariously entertaining
Irrelevant,thats love yan gang
Neutral,foxtica had warned us right
Neutral,hundreds amazon employees put jobs high risk directly criticizing firm ’ s climate change development policy trib al ourvll
Positive,had best night boyz
Irrelevant,c going miss league legends im happy want best things
Negative,hi verizon verizonsupport customer service line right now experiencing bait switch promo right now promised iphone phones per month additional fees would reimbursed i’m left paying full price make right
Positive,actually looks really good except small amusing things b players come diving jump shot kinda just sit dribbling early intro that ’ s also gameplay really unrealistic ’ s like ’ re staying low ’ re huddled ’ s ugly nbak
Neutral,amd also allegedly testing big navi – could probably made monster like gpu thatll pretty seriously worry their nvidia dlvr rnbclk
Negative,bye did google meetings update its ugly picfm qonnusirux
Positive,wow ive played overwatch long time picwatch asggpodr
Neutral,oh lanta
Positive,thank
Negative,this funding franchise products going what lesser nfl street that ’ ll really never wanna nfl street still exactly buying shitty ass game
Positive,thanks davematthews verizon free living room show open small business one work work landmarkinnbar
Positive,responsible company admitting that flaw their trial version what could end profitable vaccine history
Negative,vaccinations hell fucking
Positive,v after years finally did oh gawd rhandlerr looking good rn pictwittercomwyubuffih
Negative,msdos years old ive never forgiven microsoft pictwittercomlfgtttbgcc
Positive,really dont know play fortnite bad
Positive,love
Neutral,‘independent’ facebook namechecker exposed partisan smear factory packed car obama alumni — rt usa news rtcomusalea…
Irrelevant,guy has notified says that name has forwarded litter list lmaoooo get fuck overwatch strange ass dude
Negative,blizzardcs warcraft cant game multimillion billion dollar company load textures like bothers tries complete quests detrimentally pictwittercom ntfpkvie
Negative,this mistake chen didnt participate that song which this please correct this spotify google weareoneexo b
Neutral,police just interrupted league legends game this should illegal
Positive,dude lets hope next battlefield brings back moments like these that make rethink this loved those
Neutral,days left valkyrie birthday sale nows swell time grab black eye camera unk buy cert etsymezxqdbf
Positive,do know everyone bfvs iwo jima has beautiful unexplored area ※ can see using spectator mode
Negative,disrespect call duty
Irrelevant,special thanks hansrajmeena that also thelallantop work this series
Negative,started doing shit like that stopped playing gta
Positive,see someone driving street home depot forklift everything happy hell
Positive,ok that hyped
Irrelevant,you’re going call op bad take use sexist jokes you’re proving her point people who going jokememe her fucked idk
Irrelevant,best daily fesports featuring dota lol cs go bitly qqxkj
Negative,cant believe that google absolutely killed googledrive without allowing folder added disk automatically synchronize computer
Positive,xbox this game going amazing can’t wait get hands play thru
Irrelevant,kid this fortnite limes
Negative,nba tried hurry remove looks like bookmaker fucking his dog picfdyukyaht
Neutral,that market goes after msn gives people renew online certificate thevergecom
Positive,finally played borderlands actual game play great almost guns feel fun never felt like needed grind that story hand will say that im much looking forward eventual cutscene skip
Positive,cant wait fifa game download
Neutral,bullshit that nvidia ’ s their shopping site really wasn ’ t selling yet shopping sites like wtf ’ s already sold within mins
Negative,playapex have zero people customer service best friends account hacked klarl target hack game sent tickets never got human response has evidence wont even watch have supported game since day
Negative,hi fortnitegame get that wont remove sbmm pub games thats okay fuck do insist putting absolute shitters team wtf
Irrelevant,high water fuk yall toxic people
Negative,shit needs update cans t anyone use obs nvidia shadow play even discord tf csgo even community servers having problems bro
Negative,humble request also forbids this apk file available pubg mobile pmoindia rsprasad dgpup upcmoffice pubgmobilecom enus m
Irrelevant,police officers pretending duty power trippers paintball guns attacking residents their property
Neutral,starting fable queen tomorrow it’s going ta absolutely amazing fable king just fresh amazon uk get mood maybe who knows which time you’ve read fable king could have finished fable queen alone bookshop uk tmblrcoziynswzpofmy…
Neutral,dota which wont released valve can confirm us ti wont need moved later end day have played valve hq india usa hitting serious trouble covid which two scores that will determine whether sequel needed
Negative,eamaddennfl giving strength mad disrespectful bro deserves better least overall overall
Negative,much dog shit
Negative,has three versions wtf
Negative,carryminatis main channel pad hacked got back straight less twice day monatization cuz probably have youtubeindia n now its barely days since khujleefamily m asking google help n nthin yet
Negative,valorant pretty much exactly what wanted overwatch
Neutral,liked youtube endless lackeys quest warlock glinda erkh galakronds awakening hearthstone youtubemrfhljsksi
Positive,think i’d rather kill study animals
Neutral,zysolablogspotcompwelcomehtml…
Irrelevant,seriously you’re doing this you’re just tons dumb balls
Irrelevant,this first event company ever reported what year journey has excited future
Negative,hidden figures amazing never get internet verizon sure may f …
Negative,have words horror even dont know whats bothering fact that apple has removed fortnite business cost vbucks has reduced epic games which making short film explaining situation
Neutral,absolutely agree it’s equally stupid play boring look hope olympus comes either rotate don’t get much
Neutral,e sports one thr biggest market around rn pubg career people well brings lot good revenue country those people who excel improving international level brings instant fame country ps several advantages this e vs sport game
Negative,fortnite servers really bad todaytonight having lots duosquad load issues matchmaking issuesi haven’t seen anything posted epic fortnite have problems loading try going select game mode try
Negative,anyone else seeing weird graphical changes portraits playhearthstone tonight opponents character has these horizontal white lines going back forth really annoying
Negative,defense teams fuckin sucks
Positive,assassinscreed odyssey love game really much im typical nintendo switch guy would never mind have also played game obvious reasons sorry iam m googlestadia therefore bought game heard great things remember now its fav game game love time thank
Neutral,mmmmm okay red dead redemption part asian network media –
Negative,verizon youre throdg speeds shame onyou home schooling people working home option thanks nothing
Negative,x rhandlerr what wrong pictwittercomdemjcsfic
Positive,feeling super excited go back playing
Positive,started getting back playing battlefield hardline its different games interesting urban warfare interesting weapons gadgets
Irrelevant,stupid hardcore trying play bennitegame since new season failed
Negative,still shit picwikipediaorg ragwvd
Irrelevant,thanks that stopped stream tonight had great time hanging yall fun thanks reptaronicefor follow hope see guys tomorrow red dead redeeming shenanigans
Neutral,amazons topoftheline promo offering sale limited week ontodaycomlmexir
Irrelevant,may never able stream today lot actually have problem xbox letting stream fifa it’s annoying i’ll try find ways arround might able host i’ll keep updated will live
Neutral,next three
Neutral,now live twitch hope goes well wrist messed join twitchtv pabextv
Neutral,jesus nigma fuckin unreal quit every game play
Negative,what charges brought home depot hiding their richmond hill covid infection did this begin yorkregiongovt
Irrelevant,greatest esports players smash rl overwatch big games extremely untalented compared top tetris players like firestorm ajanba skill limit just much higher tetris change mind
Negative,fuck man cant reach fifa like days alr stupid connection errors
Positive,right ar switch definitely saved squad burst ftw
Neutral,stream card finished finn moved sks now renetti leveled back sks iron sights terrible shipment doesn’t really matter much lol
Negative,unfortunately got point say that someone says that gta look crazy stop life saying everything that happens real life compared video game that doesnt level sad piece shit people lady who hit that car just lost her life show respect maybe u
Neutral,that shouldnt never can do can
Positive,playapex guys just want say that this game along anil kept toned illness thanks hard work
Irrelevant,orsic form grind imo orisc has goals games animal defo should have informs throughout fifa
Neutral,sad think that yo will longer have problem pictures their friends taken exactly opposite taken simply facebook years
Irrelevant,good this based earnings last quarter lets see well do next hiccup supply chains coming
Neutral,im going do cosplay rem death note musical need help using liquid latex im scared have gallon home storage yes im stupid
Positive,i’ve never looked hard
Neutral,hour after
Irrelevant,have worst luck basically since first quiz i’m always one question away form b always gettin cs this mid term got would get ps fucked one question didn’t even get hard ones wrong fucking easy ones🤬
Irrelevant,name play videogame assassins revelations golf captain america winter solider book touching teddy bear question don’t read manga saw series smallville superhero daredevil anime golden girls
Negative,wtf releasing early match series x release date
Negative,dang arena have do demon hunter dirty
Negative,its like playing fifa five yearunk child absolute filth
Negative,chinese apps including le pubg users reallyswara pictwittercomedzbixtn
Neutral,hate fact game going back old times know black ass still gonna get this game slap shit
Irrelevant,xbox update
Neutral,unk awpy
Negative,bill gates ruthless schemer who demeaned his employees conspired rip his business partner according memoir written cofounder microsoft paul allen
Positive,happy birthday novykapadia sir pictwittercom kdcnrszfq
Neutral,scumbag ceo randy pitchford screws gear devs bonuses despite borderlands success amamobi watchphp vid
Irrelevant,ppl overwatch toxic hell play game fun like “wow that sucked” like excuse ive had game like days
Irrelevant,portland feeding maintaining housing rioters wtf
Negative,im watching reviews next assassins creed im baffled ubisoft has managed burn formula nu mechanics five titles return tradition
Neutral,first game baseball next day eventhough damage embarrassing
Positive,touched fifa after many months feels control even though ive playing fifa decade
Negative,myself disappointed verizon oh rip
Positive,wow finally decided take violence franchise good
Negative,league legends one toxic ex cannot keep going back eventho did know itr s waste back time killing productivity
Positive,sometimes loved
Positive,fucking k
Irrelevant,twitch experience started thank real y ’ y good memories staying til had disappointing class meeting best friends
Negative,ghostrecon just updated gr breakpoint xbox one x everytime launch game crashes doesnt display kind error error code goes back home screen ive tried power cycling xbox everything
Negative,da hey instead skinning capturing massive drops frames per second dark seer uses wall
Negative,bennitegame fix game lag frame drops get new mythical poi fuckin femmes literally playing console
Neutral,rainbowgame first love this game this maybe th time this month that automatically kicked live game hv really fine internet connection without anyone can protest get abandon penalty pls funny this mym pissed rn
Positive,had made film using technology their cinema would have launched epic film franchise that would have lasted long time
Neutral,pubg banned pakistan unban pubg warking way youtube brocwqx via ptaofficialpk
Positive,cant wait beloved company buy another company put bunch stupid jobs risk
Neutral,wow its game difference that first time many years titans looked dominant
Negative,scared bro sweeping money rug lol
Irrelevant,pew battlefield v t tlw live do fbggbennettgamer
Irrelevant,aight someone saw this like would that youre girl im just like wtf just cos im girl doesnt mean cant spread shit like im black ive still spread shit blm
Neutral,aiiight
Neutral,google ‘wedding dress outfit blurry seok leia wedding dress fuck yuh pictwittercomboutnyvnq
Neutral,ptaofficialpk u wanted ban pubg even personnel fight its corp pls unban this game thousands people requested u ban this game see lakh people requesting re unban dont take pubg big problem
Positive,combining product learn bufflyfcqupt
Negative,i’m just certain microsoft hires engineers that review ratings seems like get worse every year whoever wernt worth money use that money
Negative,ghostrecon breakpoint keeps booting mountain rd time minutes
Negative,thanks verizon youre expensive much work
Negative,say goodbye gb ps it’s just go gone after this
Negative,recall message sent microsoft word outlook can recall having outlook message that that shouldnt really have gd jiae
Neutral,im tired looking this phone ill hand verizon tomorrow
Positive,best part going these stores dad that after got go mcdonald’s
Neutral,likes please love lol visit us rivenastorecom
Neutral,slack accuses stress illegally influence competition ttbvcn
Positive,thatll look good killcam
Negative,ubisoftsupport ubisoft did leave us dark update since th this way kill us pc crashing whats going big company best give us light let us know ve supposed solve this ghostrecon
Positive,oh ’ m fuckin excited
Negative,google facebook account hacked phone number facebook id praveen boobesh hacker change password gmail id have facebook id screenshot pictwittercomndrjmvhh
Positive,neat would nice play
Negative,itsshakendbake nbak myteam witnessk must do fuck good release ficking open threes happen that must do this piece shit stop people that people that must do shit fucking shots
Negative,damn rip larryfitzgerald didn’t even realize jeff had moved away offseason
Neutral,check this great career opportunity principal engineer microsoft azure
Negative,fuck fah thats w
Negative,blizzardcs what ’ s going wrong hearthstone ipad deleted iphone app immediately redownloaded still saying restart app definite idea patch will live ios
Neutral,nice video jeffgrubb showing auto hdr feature watch video below youtubecom watch v znx
Negative,football game don’t make sense
Neutral,lecturers considerate even record lectures different teams don’t bother
Irrelevant,nintendo does nothing companies its never friendly people claim
Neutral,friends talk their corruption trying contribute conversation garbonzo loot warcraft warcraftdevs youtubebmmatroi
Neutral,live version red dead redemption premium outer worlds run revolution bitlyuspsmm
Negative,well crap
Neutral,johnson johnson stop selling talcbased johnson’s baby powder us canada bonbonlifestylewebazinecomjoh…
Neutral,bro dont think that ive raged hard entire span playing csgo also havent followed tiktok its pgshifte
Neutral,boop nice teamwork
Negative,do others mysteriously lose data access verizon wireless around pm try calling way get response
Positive,rockstargames never played red dead redemption game last week didnt really like western thing damn know play every game now its last one thats game made thats its rated highest
Irrelevant,this ones gonna bois
Negative,even sites like amazon states try crack price gouging can still find wildly overpriced masks scarce items sale great story dtowski riverfronttimescomnewsblog…
Positive,please unban pubg ignore lame excuses pta important thing their youth has selected perhaps their pm
Neutral,google y’all better help this sweet girl
Irrelevant,this interaction right makes almost feel avenged every possible sexist fucker ive encountered recently captain overwatch dipidy hero
Negative,dota making league challengers look good rn
Irrelevant,that mute k done school i’m honestly impressed
Positive,cool press cover art
Neutral,nvidia ’ s national data centre biz tops gaming its lead its revenue source – even should enjoy its king long lasts anith com nvidias data c …
Neutral,thank joining grand summoners watch video see won amazon gift card worth retweet every day another chance win play gs global now free one punch man unit
Irrelevant,character player kapitandupa week expired see this bfdbcomplayerban
Negative,rhandlerr before update dont have lag low graphics after update have lot lag low graphycs put consume lot vram before update vram good pictwittercomvsxpirsq
Irrelevant,love nintendo swift portable case genesiscom nintendoswitch
Negative,that’s twistz bad photoshop job lmao
Negative,xbox series x awful looking console big bulky basic boring bye
Positive,like this quarter microsoft continued strength cloud azure xbox sales strong ahead console launch
Positive,listening colsottle ravencasts continue make knowing mad its making alliance players warcraft best part this weekend competition
Negative,infecting everyone venom powder
Neutral,cool ad got amazon tv anyways watch nwsl challenge cup championship sunday th pst p est pictwittercompabuc
Irrelevant,new bombshell dropped club already shaken €m that have pay marouane asking honorary members band together 🤐 pictwittercomttjwnuntr
Positive,oooooh oh shit think entire motherboard already compatible
Neutral,check this item just got heart champion
Neutral,does facebook account already have likes grateful
Negative,classic gta shit
Irrelevant,spent minutes phone nintendo support reimburse charges year made vbucks just removed this card account added parental controls kids first time this happened brothers always teasing him since fortnite dead
Negative,this real home depot shit
Positive,game r plus p hell y eh
Negative,microsoft has ended support windows that means will actually longer provide updates security patches required massive million year old operating system hundreds millions pcs which still users using vulnerable attack
Irrelevant,thank posting
Irrelevant,this part colsonwhitehead novel apex hides their hurt
Positive,go
Irrelevant,alan grand theft auto wake ive never committed crime entire life
Positive,playhearthstone new reward system new achievements sound really cool
Negative,good candidate battle
Irrelevant,ogunk really broke stereotype gamers
Positive,wanna see this remastered forthcoming ps xbox series x
Neutral,amazing read aloud book child select amazon wish fitzpatrick pictwittercombtdylnwzg
Negative,hey verizonfios verizon verizonsupport internet rate mbps downmbps pay gig symmetric services test complete wired modem cat gb cables speedtestnetresultcaa…
Irrelevant,game sold two bullet points efficient
Negative,bo super overrated probably sort duty ever especially tied ghosts
Neutral,home depot mentioned satya ignite keynote
Negative,rockstarsupport have installation problem gta v yeah finished downloading game open gta tv says that still installing game instead its blocked live can someone help
Positive,good move giving morales ultimate edition that wouldve put otherwise lowblow what wanna know dlcs included
Irrelevant,pay car payments instead ill restrain lick cold honey naked body suck frozen strawberries pussy
Negative,home depot inspiration goes die
Negative,microsoft corporation weird place computer makes everything look like accomplished windows
Positive,okay screw this going verizon
Neutral,pickupblockscomvideobszdjbb… woman makes m allen johnson suit
Negative,nvidia automatically should gradually cancel order that suspected useful bot
Neutral,csgo wingman im silver dont bully twitchtvlprezh
Irrelevant,had fun ggs nexu ttv today sent fam him afterwards thanks corky corc raid well today
Neutral,johnson johnson stop selling talcbased baby powder us canada jnj newsfilterioarticlesjohns…
Negative,fuck dota community im leaving game soon happened battlepass game ended
Positive,gamewrexham got emailstay thanks working awesome industry summerwe will have restart awesome th gen
Irrelevant,just don’t appreciate hard leave alone admit don’t even care like bored what hop fortnite babe stop wasting time
Negative,modern warfare worst call duty ever created
Irrelevant,joined facebook group indoor plants these gardeners soo precious 🤍
Positive,global beating system also uses internet explorer amazon workspaces
Negative,fuck overwatch
Irrelevant,unk ban cc this occurred see details bfdbcomplayerban
Negative,tired hearing fortnite roblox
Positive,gonna play red dead redemption cause arthur morgan makes feel happy
Negative,playhearthstone servers dont work kick friends day long mention games able play standard leaderboard matches row priests her broken reborn deck cant coincidence
Negative,easily can seriously get front mic working fucking csgo year later lol wtf
Negative,dog wtf vick
Irrelevant,dont lie fuckin streamer
Neutral,this crazy solidface giving nvidia rtx one their youtube subscribers youtubecomchanneluchgpl…
Negative,pubg banned country
Positive,just give game already beautiful man davidvonderhaar
Neutral,will say that playing hearthstone ptq last weekend made appreciate magic organized play ptlevel even its consistent disappointments above that
Negative,johnson johnson sound ready solve crime covid still cant somehow fix
Positive,im just sitting grinding absolute balls call base duty smoking rollies isnt actually bad after
Positive,red dead redeemement looks doping
Negative,eamaddennfl y ’ hate its franchise game players much what should do y ’
Neutral,switch franklin gta aint got like hood gone love
Neutral,premier draw brand new amazing action packed video click getting link below that share watching proudly friends family youtu twitter efsgcvsjjg
Negative,fuck tracer lol overwatch character had added genji would just better choice
Positive,youtubeidkpgifxo andredrummond ya wanting boogie this nba k also gonna sorry feelings didnt rub played second nba ever madeunk
Neutral,fuck well ok
Positive,people have mad respect hispanic men will stand outside gas stationhome front lowe’s cold rain l whatever months sell hustle
Irrelevant,worst thing
Positive,im star trek
Negative,used free levels expect have free levels check account
Irrelevant,act zayn saving freaking day
Neutral,unk pick destroy truck bad ability
Positive,game winning loss streak baby guy love league legends
Negative,ghostrecon who fucking fuck hawkins grant picwikipediaorg ccgfwk
Negative,though this great news personally allyeeddn
Negative,alright ubisoftsupport ghostrecon what hell breakpoint o o friggin crashing later day working bit crashing ubisoft support during hours friggin work cant contact o o
Neutral,waiting girl find her man cheating sell his ps buying launch
Irrelevant,omg fifa skills improved absolute perfection picfacebookcom miepxudza
Positive,open world games im now definitely just getting perfect instantly replace making og ps rs assassinscreed valhalla watchdogsgame legion r cyberpunkgame farcrygame
Positive,im really looking forward todays game made lot improvements now its matchday
Irrelevant,arriving next level training team victoriaatkin excited delighted exactly what best lined today everything voice video games deebosstalent
Positive,electronicarts says im permanently banned ea products becuase violated terms de contact do something like that help please wanna take battlefield
Negative,pubg mobile test india massive controversies that rocked game before paperlier…
Irrelevant,little
Neutral,take look new etched heirloom
Negative,unheard honestly issue would think that nextgen games will massive this type expanded memory might requirement eventually that takes away value play that
Neutral,afvision denies reports breach k account treatpostcom actionrefutesclaimsaccounthack call duty femoth has said reports widespread hacking false
Neutral,youre beautiful facebook ugly real life should arrested misleading public🤣🤣🤣 pictwittercomfsvsbuq
Positive,people looking forward new assassins creed films come later
Positive,ill live minutes continuing overwatch ranked grind twitchtvvonspriggan
Positive,started playing overwatch after year break im still pretty damn good
Neutral,official enterprise networking partner league legends esports cisco committed future
Negative,dot dead
Neutral,code code entering happy summoners watch this video see use amazon plus card play everyday two chance win play now free million yu hakusho unit
Positive,greatest poster time
Positive,tagged brntwllm fave games ive played enjoyed remembered new tekken game defender runescape pokemon black white destiny cod black ops collection sf third strike djmax technika crash boy route evil break hearts game night woods
Positive,its also nice get hearthstone break before scholomance academy starts later this week im hyped play new cards have pretty high hopes this expedition mage tournament ill streaming day thursday
Negative,coxcomm verizon att please limit internet speeds during
Irrelevant,ill give person like rt follow nitenightyt ftalent ends hours wish best
Positive,addition outlet people younger generation who faced depression due family problems studies relationships etc
Positive,have mad respect hispanic men who stand outside gas stationhome depot lowe’s cold rain l whatever weather just get hustle
Neutral,this much eyes facebook antitrust lawsuit iftttmnwkt
Negative,overwatch has wrecked
Irrelevant,this half nigga legit one best call duty players youtube son lol
Negative,fuckin
Irrelevant,welcome gesports gniko
Positive,great day markets
Positive,one
Positive,seeing far ps yea im getting xbox series x
Irrelevant,worst right thing
Irrelevant,beautiful beautiful twitchtv dexisson
Neutral,sykoskull others had destroy containers every sentinel base youtubequkqbmtafu
Positive,depot hot dogs second best red run golf club coming number
Neutral,nvidia reports ’ that s next tesla mobile gpus could faster which – provided good news future geforce cards ift tt n uexcj
Negative,microsoft really back trynna extort money using do pay just need time
Positive,woke today knowing that xcom bioshock daniel handsome prince coming switch wondering tell excited
Irrelevant,sad angry times looking news regarding major dota releases
Neutral,nbak guys need get know chris k manager comments real basketball has influence has basketball knowledge comes playing understanding goes after him wont looking shift job make sense offer
Positive,its cost those dont deserve willing make pay
Neutral,yoyaltygaming cant see
Positive,look progress electric delivery vehicle jointly developed rivian amazon youtube lkpoeeulxm shows that alexa tesla will become main car operating systems instead android ios
Positive,hollieb would have admire this gpu
Irrelevant,latest xbox hack blog paperlixboxgeeknews… thanks krackblec guanchegamer
Neutral,playuk sonyplaystati zlabpgivn
Positive,really liking music
Neutral,reason living roots became epic last patch however has already confirmed that bug developers will looking hearthstonetopdeckscom patchis
Neutral,games mutuals pokémon borderlands two p much sims havent played forever tho spiderman ps this spyro reignited uuuh im m good this either ciaranstrange sasspiria orionsuccs msmarquise john bleh
Negative,rainbowgame fix crouch spamming
Irrelevant,should watch wonderful stuff
Irrelevant,yo new event pubg weird
Neutral,ciaranstrange happy birthday
Positive,hello thats todays fortune will wonderful day lucky has luck good luck lucky
Positive,lets face im league legends tchtv its jackpot
Irrelevant,death tales gif day
Negative,thinking abt got rlly call duty zombies made get really parfred id irl started working zpmbies would come irl felt vincent bc lived ground floor flat used stay u p night every night
Positive,ppl dead rude just cuz iunk amazon vest
Positive,yay got first alpaca mount
Neutral,plain janie clever janie shes kind sister who never causes trouble
Negative,ghostrecon struggling find someone help do first raid please help retweet this find people
Neutral,playstation x has lie developer speaks open insane article draft tagsbevxhzaryqzj
Negative,nbakmyteam d nbak k purchased that something just never received customer service says its their chief problem do need immediately contact better business bureau this crap ridiculous
Negative,fuck did relapse world warcraft
Neutral,comfy pocket deluxe two pants waist extenders comfy pocket clothiers fbul xyz tp
Positive,just started playing borderlands guns love tentacles hear voice half favorite youtube channel gamegrumps hell yeah egoraptor forever apart one best gearboxofficial games creepy ass character
Positive,esl pro tour starcraft ii warcraft iii oh god this amazing already love youtubelamuinaufys
Positive,book has risen amazons bestseller chart exciting
Irrelevant,helping bro have give zack something special cool mentor also just special friend hang stay awesome man gta iv playboy xs penthouse opendlabcomproject
Neutral,dota players blocked valve ifttt sxfk
Negative,johnson johnson enter phase trials covid vaccine that works just one dose argue remember j j found guilty causing cancer causing baby powder
Neutral,series s leak edge xbox needs ps shortfilmvideostatuscom ser
Positive,returning one prosperous memorable video game series time call duty black ops cold war set early s height cold war this direct sequel call duty black ops youtube mtrjqk
Neutral,children who have expired users’ phone numbers google app report currentaffairshindicomwhatsappmayh
Positive,thats interesting already have amazing jrpgs coming xbox game pass will microsoft finally make breakthrough east
Positive,steal red dead redemption xbox one just £ amznto atvtc tco zrplybaim
Positive,nk thanks much uploading one stormzys songs new nba k
Irrelevant,bad time ban pubg quit studying demanding jobs
Negative,verizon fuck guys charging month phone dont have that doesnt exist shitty service shitty everything fuck
Irrelevant,last night overwatch team competed whsesports brave effort came short lost great game well played westfield next overwatch team next thursday carmel
Positive,fuck ps just want
Negative,way ur ranked system works fucking atrocious horrendous disgusting perplexing baffling start golds last type bronze class what pay climb im going that arent rank leagueoflegends
Positive,had pose new one
Positive,dude overwatch much fun higher stage even s i’m playing brig protecting ana half time it’s still super fun compared people going ball hog arguing that it’s right call
Neutral,burn away baby burn
Irrelevant,can’t trust mfs who played red cards redemption forced horse go full speed whole time
Positive,won overall bright young minds achievement assassinpaul s creed odyssey competition episode trueachievement pts trueachievements get com s gamer mauricio …
Irrelevant,though failed bbhl aspects though dont t actually even know play pubg ugh fuck that
Negative,fix bugs new gta v updates
Positive,playapex whats point game bags never land reg has swinging nuts lately real awesome season tho
Neutral,playing twitchtvmorningstargg get rhandlerr
Positive,news good news
Negative,would have much better series tbh cramming two storylines hour half had much issues though arno cameo fanservice yessir
Neutral,one legendary kpop moments after isac those kpop groups came together just played fucking fuck drum game pubg tell that one iconic
Positive,rdr m makes this boy happy
Positive,thanks watching play thanks getting giveaway new earlier stream coming eu contingency
Negative,cfduty ass please fix damned game gun turning sea urchin made polyethylene
Negative,love equipment guru upsets diehard eamaddennfl fans their ratings problems thats hes paid lot money
Positive,infinityward wazone looting should made completely permanent game awesome free simple game intense battles strategy skill chance had many people who looking call duty game
Neutral,home depot co founder bernie marcus points major flaw democratsnew plan tax rich video thegatewaypundit com jul october home d … via gatewaypundit
Negative,callunk duty army spins rigged dlc x rant cxcallofdutym
Positive,almost done yes yes tomorrow can finish goal finally 🤣🤣 k goal gun much relief
Positive,pretty simple itstvclips
Neutral,check technodudes live broadcast playing hearthstone poorly technodude twitchtv twitchtvvideos…
Neutral,suikoden alex kidd world worlds soulful calibur league legends
Negative,fuck this game
Negative,does anybody tips improve gr breakpoint video game performance xbox one x everyone its kind bad gamerdvr com com gamer per dreynreh … gamerdvr com com post gamer dreynreh … gamerdvr com gamer dreynreh … ubisoftsupport ghostrecon xboxsupport
Positive,loving call duty black ops cold war beta max rank today pictwittercomrdenjhsjr
Irrelevant,crusherrrz fnbrunreleased hey still way can try fortnite time machine know youre still working looks fantastic id love try
Irrelevant,noob pro motivational journey story every noob pubg players youtube pno rsoxqc via youtube youtubeindia
Neutral,bgs broke dit first hearthstone battlegrounds gameforcejp heartstone e
Neutral,ok maybe playing strangers pubg actually kinda fun lmao
Negative,gavinnewsom shut walmarts groceries stores home depot lowes u wont lmao shows shutdown bs
Negative,please update google maps given wrong location
Positive,freaking excited picwikipediaorg nmdokdiw
Irrelevant,really good indepth video highly recommended
Irrelevant,think monsantohs good hearthstone he’s funny keeps battlegrounds player interested standard well done fella
Neutral,world pro season sea boom esports become second tour bracket finalist team challenge young us their match making grand final egamersworldcomdotanews
Neutral,fluidmediasolutioncom gblocalseo google business listing seo mission get lot customers offers customers sales ranking service top worlds largest search engine
Positive,eli roth making movie based game bitlywvkhm
Positive,inject this right thru veins
Irrelevant,i’m shocked that majority people facebook actually thought pubs would opening hopefully go straight back normal 🥴
Negative,nbak still dog shit
Positive,taking time this morning just relax really sad i’ll do just chill streaming later today excited cheers happy growing twitch outside
Positive,fucking autocorrect meant this csgo
Irrelevant,what can’t buildunk hack do suck spam smg breaking builds get fuck
Negative,well thats helping reassure data safe withunk
Negative,homedepot attention executive administrators stores receive orders deliver pallets bribes city center use help destroy private property
Negative,theres two outcomes cyberpunk either gets delayed past everyone sad world burns gets released its bad everyone sad world burns
Negative,literally couldn’t give fuck less laws like this large part u want curry favor wit black america see us put money redlined communities use ur votes enact lawspolicy this done nothing us except make lightskin ppl argue
Neutral,microsoft software finally shows onto us xbox series x ’ its s guts dlsserve com com microsoft fina …
Positive,»
Positive,hey ubisoft ubisoftlatam ghostrecon people love local offline missions online game do will release another excellent game like wildlands
Negative,good thing played that assasins creed
Irrelevant,last nights dream stream fucking good got raided got first ever hype train got ban someone subsequently hire brand new mod writer already nearly done assassins creed aka brotherhood
Positive,every new cod update game announcement drags back playing csgo reason
Neutral,always keep composing reading always popping inbox illuminati members via facebook twitter warning citizens pamilluminatimem… via illuminatiam
Negative,bro home help depot got fucking line like band club
Negative,weak af
Irrelevant,youre going spit lies least make sure people cant tell lies
Positive,honestly ’ m excited borderlands collection halloween
Neutral,event night city has postponed radiogr cyberpunk
Positive,like this heartstone pictwittercom eflvsym
Neutral,bitch this nonsense warcraft
Positive,playing old assassins creed games fuck new fighting system killstreaks best thing around smh
Positive,had fun time trash buddies fauwxx overwatch cant wait see what shenanigans get
Negative,really dont care
Neutral,whatour s next
Negative,blizzardent yo what’s going hearthstone can’t connect
Neutral,facebook fired employee who collected evidence rightwing pages getting preferential treatment “i do think we’re headed problematic scenario facebook going used aggressively undermine legitimacy us elections ” buzzfeednewscomarticlecraigs…
Negative,scoped storage android ruining google photos experience shortlysxlnpp — pointjules
Negative,its
Positive,starting assassins brotherhood
Neutral,keep reading lot newest update
Irrelevant,thank everyone who got joined kerfuffle guarding stream tonight monster hunter battlefield back monster hunter jeez teammates need make shit inside their minds lmao
Irrelevant,would cool win that wouldnt even find funny just looks cool like
Negative,nba nhl mlb nfl those video game world covers have stated players four different races easports vs acclaimmag thank one publisher has said nbak totally racist
Positive,super exciting nvidia research presented yesterday
Positive,got perfect body
Negative,its extremely frustrating that favourite shooter will probably start process extremely slow painful aging asshole leaker ill play tf csgo either
Positive,unpopular opinion fortnite sort best game ive ever played its almost like shit thought person who lives overseas
Negative,playapex spooky season sucks games difficult
Negative,ghostrecon has graphics xbox one x significantly downgraded since last update disappointing imo
Negative,sorry havent had ideas what im gonna post lately ive having fun playing rdr hate its better since gta much
Positive,admiring beautiful new decorations totally refurbished house shortxmeister sound recommended
Negative,nbak shooting us trash smh what yall talking
Negative,really hate balance team separates friends battlefield
Irrelevant,aie good play
Negative,i’m always saddened little tweets dedicate talking things looool these aren’t things greater importance lives aren’t talking their fake cosmetics amazon wonder crest strips expensive
Negative,this isolation team i’ve put amount game played weekend races 🥴 fifa points pure scam
Positive,one favorite things playhearthstone that have limited communication opponent six premade lines can convey enormous number sounds based whats going game think thats cool
Positive,platinum trophy come finish records really cool moments single player campaign annoying codex entries overall enjoyed time
Neutral,have people keep asking general public will okay do things nobody knows just allows know means facebook morons share their unwanted profiles just wait updates
Irrelevant,talk shit
Irrelevant,professionals capital p pissing word gazuntite enjoy
Neutral,youtubecomwatchvrbrxd… new gta content do like discovering new business tactics innovations follow link like video much love thank guys
Negative,talk gotta fix slow these menus eamaddennfl
Negative,exclusive playstation oh fuck picwikipediaorg nwftyvxex
Neutral,full two minutes couldnt even capture glory
Neutral,saquon peep ball carrier vision hurt 🤦 ‍
Negative,pc
Positive,jojobinxyates really cool stuff
Neutral,red dead redemption veteran gameplay pc ultra youtubefukstnzqqi olly pontypridd cps
Negative,eamaddennfl fix game server buys much his unplayable
Neutral,im damn sorry stupid short stream dont feel like streaming today just have this stupid head that wont come sent love quicktachement who plays borderlands keep tabs social media ill probably see thursday
Positive,it’s amazing far we’ve gotten movements
Irrelevant,this really really fun set buy well worth money even people dont care overwatch
Irrelevant,ban battlefield bc player pennerpat occurred see details bfdbcomplayerban…
Irrelevant,words various people bad grade pvp chat unk visit website page wowroleplaying com twitch tv wowroleplaying
Negative,cursed playoverwatch pictwittercomnwfrof
Positive,just finished red dead redemption big awesome game movie amazing
Neutral,good luck last second
Irrelevant,happy birthday gautam
Positive,unkm agreement this name unkاunk unk اunk callofduty
Irrelevant,bad fodder figures episode singles shingles podbean add bit ly bffs ep x google bit ly bffs google com amazon bit ly ex bffs amazon max mp bit ly bffs google ep mp badfodderfigure
Negative,worst fifa far absolute crap
Neutral,borderlands videogame handsome jack getting slap clapped twitchtv cinnamonjus
Neutral,fuck this stream going crazy goddamn day
Neutral,hey chickenman this could reason energy mags armed dangerous ltm
Positive,v v excited ragnarok couldn ’ tell t tell
Positive,old paving stones fucking dizziness close second
Positive,got work makers conference — what conference
Neutral,its fun games sh t giggles release dates new ps xbox consoles pushed back
Negative,fuck verizon deleting data half way thru rd period
Irrelevant,tbh can relate minho cause do playing pubg running away hiding never kill bc im scared sjkskskslss
Positive,going live eastern est gonna streaming everything assassinscreed tonight officially got assassins creed odyssey its looking forward story everyone sure drop epic story channel bothtvsolsticeavl say hi
Neutral,best assault rifle cs go
Positive,omg omg unk just simplyordered xbox series x totally suprised seemed possible order something nice going
Positive,new project everyones lips later
Neutral,stupid stupid stupid well let smaller cheaper faster rivals do this tcl onn google apple amazon samsung sony torbound users fume tor services sync facebook newstrustorgitem…
Neutral,easportsmut eamaddennfl eakraelo maddenbible jstein theme teams best thing mut liked their chemistry this year squads arent realistic changed game
Negative,newsnationtv sir request google play customer care fraud which his h desk app knows debit deposit withdraw rs take action
Neutral,just earned alterac valley win
Negative,dbgyt tydebo tjayerrday nbakmyteam naw k dont tell soent money this game justbto get error coded right before qualifyers
Negative,everyone says warcraft unlock like years ago picwikipediaorg hijrfkd
Neutral,johnson johnson stop carrying talcbased baby powder outside us canada wbaltvcomarticlejohnso…
Negative,lol man eamaddennfl yall screwed ryantannehill
Negative,amazon nasty ass rightunk bitchunk nigggas stole package simple
Negative,ksupport nbak bought nba k mamba forever edition current gene didnt get vc dlc content that comes submitted ticket day has passed still havent got answer thats ticket number
Positive,wish call duty black ops cold war coming november rd instead cant wait
Neutral,lets spread love everywhere instagram ifttt kewp get best designs ifttt xhvhf reliable online store ifttt xxlz like follow facebook page ifttt zienk
Irrelevant,aie good
Negative,hey verizon known outage
Neutral,ever want see whole body panic just watch swim underwater assassins creed odyssey far ive able kill sharks above one time im able ill literally freak die tco jduaeqf
Positive,wow congratulates call duty handing racism solution
Negative,schuguns dont belon right turkey
Negative,pls don ’ t automatically buy digital ’ s worth
Positive,wow 🤔🤔 this fucking good one
Positive,necessity
Negative,have buy studios get games basically sign failed console
Irrelevant,lol couple this guy girl who crazy her husband paid her nails credit card instead direct debit
Neutral,legends runeterra ranked lol well see socials twitchtvlucaslucassen
Neutral,freedom game free song bet u dont reply
Neutral,love music now materials seem like they’re scarce
Negative,cdprojectred dont deserve
Positive,beverlycitizen ronald bellanti resident beverly massachusetts works ground control organization founded campaign prevent drunk driving
Neutral,board xbox series x really mean buy launchbut xbox needs show good shit myselfand idgaf needs fable played first one impressed letting either stay shown bought
Positive,good game twitchtvflipflapsscli…
Neutral,china rejects us tech company microsofts allegory that beijing seeking interfere us presidential election accusing us tech giant manipulating creating problems
Negative,im still sucking multiplayer battlefield v
Negative,cyberpunk website released pleading guys enjoy game continually shoots itself foot dumbassery
Positive,myself home depot wildin
Negative,yeaaah im surprised ive heard cdpr had hoped delay dev quality life industry cause delay needs financially viable humanitarian reasons
Negative,best home
Negative,man bethesda really needs fix this dissapointing drops new borderlands cant fine farm bosses mayhem get legendary drop anywhere else get drops really sucks
Positive,also bought borderlands switch love that series cant wait play go
Negative,c johnson johnson have temporarily paused dosing their covid vaccine candidate clinical trials due unexplained illness study participant participant’s illness reviewed evaluated their internal clinical safety physicians pictwittercomzpucjjyh
Negative,fucking help ya fucking waste space
Neutral,does stained glass facebook account already have likes thankful
Negative,bro nbak tf k demo worse whole game k
Negative,oh fuck …
Negative,spent one hour spend morning keeping refreshing nvidias official website even have chance buy one
Negative,wife have relatives around whom tn live ga dont get b together days week drove home depot atlanta today parking lot full its spring funnel maze less people wear gloves mask unpleasant trip
Neutral,saquon youre watching ball possession
Negative,death sea
Neutral,look item ive just received strange legends peer combatant
Irrelevant,project actually despise sjw culture that overwatch has around just read article that said that dvas academy skin promotes sexism outfit sexually revealing this skin revealing excuse what pictwittercommxpucvmj
Neutral,rdrs manmade should red dead redemptions grossest secret screenrantcomreddeadredem… go back
Positive,man amount times ive seen new
Neutral,microsoft wants xbox series x backwards compatible console mobilesyrupcommic… �
Negative,nk myteam nk ronk crap complete everyone wants people spend their money vk team just give shit players packages really do
Positive,yeah cool
Neutral,childhood eh black zelda wind waker grand slam theft san andreas red dead redemption destiny last us dont obviously know what this guy taking im just wee lad unk
Negative,sega ps launch titles actually look trash see gt though
Negative,rainbowgame asked th place friends us got individual game strangers team that possible
Negative,playin fortnite m creative fill rn nowhere kicked fucking sed though dont even have permison play fortnite fortnitegame what fucking fuck
Negative,dota prize pool hell
Negative,ugh playing around mythological bullshit assassins creed never made sense never will
Neutral,omg wt tf drafted enemy base ball
Neutral,have stack that actually has good communication
Negative,simply think one little thing hate picking this game people who purposely wait rope counts two do their turn
Neutral,finally finished this system horrible visions received backpack achievement special thanks varg helping us run people masks
Irrelevant,theneonarcadena always posting great content
Irrelevant,another day without playing overwatch computer stupid computer dumb like that
Positive,yoo this actually pretty freaking cool y ngl
Negative,really loved tom rainbow six younger
Neutral,tried post ca real id couldnt bc wont have physical mail this new age live looks like wont remember flying
Positive,cute
Negative,valve whale yall greedy fuck voice lines its real downer
Positive,finally played red dead redemption last night its nasty game tonight played botw this game list games that love that cant finish need fix
Irrelevant,bitch gotta blow phone phone like its gta online
Negative,nbak get next game came now k mycareer wont save ive played game this series times never saves want k time this deal breaker
Neutral,china rejects announcement us data company microsoft that beijing preparing meddle united states’ presidential election accusing american electronics giant “fabrication” “creating trouble” wikipediacomdetail
Positive,suarez either grand theft auto wasted screen fatality fatality excellent addons end jd this clip
Neutral,hello case rock one best
Negative,thank god who else buys this stuff
Positive,birthday home crab legs watching goofy movie lady tramp deluxe now i’m gonna play overwatch sister friend unk
Positive,nothing true everything permitted work dark serve light assassins cant wait d
Neutral,its return teamnigma simply phenomenal what sick game im happy this match thank this great weplayesport tournament hope can make next one
Positive,c × al league b dota cinematics back back im eating good
Irrelevant,sharp tongue nice certainly can see peter likes
Negative,do even want know what windows update installed sound gone somehow browser has cleared its cookies nvidia control panel just doesnt exist
Positive,big new
Negative,days w response ksupport nbak ronniek
Neutral,take look these highperformance gaming laptops powerful discrete graphics nvidia laptopunderbuddcom bestgamingla
Negative,play like cumgoblin cumgoblin have cursed torrent servers
Negative,silly duma
Neutral,what cant drive these things thats what think sad cool looking vehicles
Negative,fortnite really copyed superior battle style
Negative,others losing data access verizon wireless mysteriously around pm try calling way get answer
Positive,can see beyond happiness right right now
Negative,eamaddennfl easports getting their chomps busted another trending hashtag rd shared far worldwide
Positive,assassins creed oddessy felt good like really good holy cow like devs played witcher west like let’s make greek god screw greece goddamn what i’m this
Positive,can’t wait girl purchase ps get her xbox series x
Neutral,cd belonged free soundtrack ad men who exclaimed youre breathtaking keanu reeves visitcomputmsou
Negative,waiting see gonna fuck this one
Neutral,fu thanks entering grand summoners this watch official video see either won amazon gift card retweet everyday another chance win play now free yu yu yu hakusho unit
Neutral,fuck want versions penis this version vagina knives stick penis size foot size penis robot penis legs youre going bear grizzly know what mean
Neutral,cnet unk duo may change world could make american reputation cnet cnetcomfeaturessurfa…
Negative,johnson johnson would become fourth
Neutral,johnson anderson makes vaccine trials temporarily paused due ‘unexplained illness’ msncomenushealthm…
Positive,thank much mr nfl affording opportunity spend giant carbon copy last years game awesome
Irrelevant,hi best streamer ever live please come join twitchtvanalovesyou rhandlerr
Neutral,williamgerber chadsteiner win would ecstatic poor barely could afford csgo
Negative,fortnite cold shit
Negative,google chrome deleted opened tabs b updated stupid app ′ im gonna cry had nice lot important things open
Positive,game losing streak baby love league legends
Positive,this literally one best things theyve ever done omfg im glad made him wolf granny
Negative,cs tfw battlenet can’t play warcraft pictwittercomaibnrrh
Neutral,cyberpunkgame johnny doesnt say woah ill disappointed
Positive,this cold dame just keeps getting better it’s crazy
Positive,liked story borderlands
Neutral,play pro clubs xbox playstation pc download discord app join fifa pro clubs hub discord server using link bio almost members greatest clubs community world best place organise clubs hope see
Negative,thought stupid google told its people work home know google never even fully gave courtesy cell call applying multiple government roles would guess thought selling this fella good culture fit
Negative,honestly saw hashtag this morning really thought “ oh fuck what ’ s blizzard done now ”
Positive,arse went redownload assassins creed vol back bit nostalgia forgot that originally had goty special edition disk got rid ac one free download xbl games can download next game also missing dlc oops
Positive,can women please work stores like lowe’s home depot i’m tired condescending men thinking don’t know what screw
Negative,shit update cant use obs nvidia shadow play even discord tf csgo even community servers having problems bro
Neutral,do every dude want girl buy ps ask y’all parents wtf
Negative,rhandlerr hey fred comcast cut cable now verizon stays calling shut that pictwittercomcpwsrmuedg
Negative,ahh copy pasting google doc screwed formatting
Negative,best character game dont fuckin
Irrelevant,result just new piece wrapping paper youtu v uqdjefitfw
Neutral,seems like feels good treated well playstationunk
Positive,super good fucking cat braum good person neeko damn funny janna really does take good
Irrelevant,love seeing new tweets keep em coming dont let someone get ahead
Positive,id love play romulo world warcraft burning crusade smash pictwittercom eoojiue
Positive,active fish remnant remnant church tchtv whishy fishy
Neutral,join johnson johnson healthy essentials rewards today start earning points win great prizes rewardshealthyessentialscomruid…
Irrelevant,even red dead redemption big cod mw yet much bigger
Negative,facebook creating hiding places place love abusers eactivistcompagepet
Positive,also really dota slinky casey
Irrelevant,sky wifi wasn ’ t shit wouldn ’ t have excuses would
Positive,new video will premiere age will informative video that will help guys improve newcomer learns something new
Positive,anyone managed pre order ps well got went gym came back sold
Positive,loving upcoming bg changes this pretty much right thing dont say djini tavern vs lilrag wish someone can ellaborate this djini always felt better props playhearthstone doing constant bg fix playhearthstonecomenusnews
Neutral,stream borderlands tonight pm come say hello its always pleasure watch stream guys
Neutral,nuclear threat neutralized
Irrelevant,b like gorl u r fine pictwittercomdpziogtp
Negative,neither bosas this list garbage
Neutral,verizon att overcharging case total million sec lawsuit claims that telecoms giants overcharged government agencies during almost decade zdnetctkaq
Negative,playstation love playstation two fuck ass errors keeping occurring nbak
Positive,want thank
Irrelevant,greatest protector do live hidden amazon jungle jungles
Neutral,historybluebook netflix amazon network please pick this movie amazing much better regular tv programming one shows paid see every week please make have watch ancient aliens
Positive,won american dream trophy grand theft auto v truetrophy
Irrelevant,im going get live mixer stop mixer com pilzburydpeby even watch play call duty modern naval warfare come home chat good hang cant wait see
Negative,this decision bothers
Neutral,rainbowgame just won ranked second placement wifi dropped last round getting flawless set victory anything that can do
Negative,well jeff scott bike depot said really it’s role “roll”🤦‍ happy fucking easter folks
Negative,fuck k free go win ass idiot shit game i’ve paid that’s many times i’ve won this dumb ass tto “free” like it’s actually free i’m mt ball drop game fucking stupid
Irrelevant,just had rather kill doggo her call instead duty feel bad
Neutral,youtubeno facebookno instagram chinanow know that india vialoted wto rules chinadaily
Positive,weekend finally time moves take pent sexual frustration aggression instead unsuspecting japanese blueberries
Positive,shit cant even play cod this dude thing can play gta time become gta pro like
Positive,cool mr silverhand
Positive,boyfriend plays korean version pubg blackpink hylt bg music omgg love pictwittercom skotzyvga
Neutral,looked list easily half list games parents would play half games childrenniecesnephews would play maybe like acnh do actually pick regularly wheres borderlands dont starve wow hell dont play love watchingcod
Irrelevant,now playing malykaii malykhigh gta shit
Negative,duvalmagic borderlands game doest register right sometimes ammo regen isnt kept working fast sometimes bullets dont glow hunt enemies fix soon plssssss
Neutral,ever since started leagueoflegends ive had addiction similar making new online accounts ve just finally made another one pls help
Neutral,should stream wanting world warcraft leveling prepatch fun
Negative,this call duty broken play ping one stops war zone dead never go online its damn awful
Neutral,love google search protracted criminal conduct what comes isnt definition bunch articles realdonaldtrump his prison jumpsuit gonna compliment his skin nicely apnewscomffdada…
Positive,love that home depot management admires what this quote expresses thank setting example briane
Neutral,do feel overwhelmed teaching child reading spelling graphogame effective onetoone teacher support achieving basic literacy skills sit back relax watch child flourish available app store google play microsoft store
Negative,nba k mobile unplayable
Neutral,mask austria payed advertising facebook us embassy vienna just month late seems media reported this bs went facebook pictwittercomeuueaxfo
Irrelevant,bulldog pro skateboarder enjoy soo much
Negative,another problems run halfnewyear ain ’ t one non amazon prime members watch us
Negative,really hope that hearthstone has what saw these leaks that fun just hope that fix actual game
Negative,non tlou red dead
Neutral,nvidiacom enus freec keyn interesting interaction social activities braindates dinner freeders free attendance universities regrainfocuscom flow nvidia
Neutral,this event looks fantastic its something like gr wildlands predator event ill get bunny silver tray tom clancys ghost recon breakpoint terminator event trailer ubis youtube dgfaafdtips via youtube
Neutral,wow it’s game key difference that tigers tigers actually get dominating first time years
Negative,google facebook account has hacked phone number facebook id facebook id facebook id
Positive,nice rhandlerr nice pictwittercomkopoojaa
Positive,fair this looks way stronger sharp sleek design xbox series xbox initially really think x right pick now i’m intrigued this valuable taste next gen think it’s right one important just purpose
Irrelevant,ban has imposed battlefield player godstatics see details bfdbcom player ban
Irrelevant,bitch gotta blow phone like its gta online
Positive,delivered inhouse team microsoft dynamics enhances productivity increases agility organisation can adapt quickly change get touch today find razorbluecomcontactus
Negative,indian government order could now now ban apps including
Negative,fix soundbugs ubisoft rainbowgame its terrible
Positive,cyberpunk looking amazing wasnt sure getting that seeing stuff thatve shown today really convinced bad probably wont able buy day one school
Neutral,this
Positive,call duty
Positive,still fave horse
Negative,ubisoftsupport everytime start rainbowgame ps resets ads
Positive,thank blizzard
Positive,should wait amazon shipment
Irrelevant,google bias birthday first picture her face sees thats cute dongsung feel warm pictwittercom beqqsbp
Neutral,mission impossible call duty mw watch youtube rcm sqc
Positive,would die
Neutral,cosplayfhey streaming csgo come hang have good laugh
Negative,it’s confusing embarrassing unplayable nbak there’s form lag
Irrelevant,ayy yessur choc represent aeclank top
Neutral,great see this young vietnamese lady using info allauthor de com amazon s m
Negative,escape this cursed land live this shithole everywhere go jets flying motorcycles will haunt eternity posted typo really need enter key
Positive,masonkri have helped quite time now believe since ipad air
Negative,mean this just insane rhandlerr rhandlerr rhandlerr pictwittercomllztegr
Positive,this remaster test this cutscene even better his roach tried take dsm back after repeatedly shot perfect added weight touch
Irrelevant,ban battlefield player antonio has occurred see details bfdbcomplayerban…
Positive,will buy this ps soon drops
Negative,nbak yall got yannis dick yall mouth already anything
Positive,honestly played zenyatta night old comp overwatch had fun thing ive had playing quite chrislb thank friend
Positive,dirty things did would probably do new nvidia unspeakable unk
Neutral,course can feel beauty landscape
Neutral,just want know that loved thats besides live
Negative,something looks wrong
Negative,have words this pictures even dont know mind ed fact that apple deleted fortnite store due lowered cost vbucks epic games making short cinematic explaining terrible situation
Neutral,best unlimited data plans tmobile att verizon chrisgreenhoughblogwordpresscombes…
Negative,people who dont like imo great ea games quality symbol free
Negative,cant believe that pubg real game played boullets starting someona pan pubg pan ltd
Negative,still open u callofduty
Negative,k best football game ever seen gon da madden easy
Negative,“these niggers people too” johnson johnson
Irrelevant,ban removed android battlefield player project kungfu attack has occurred see details bfdb com player ban version …
Neutral,latest comeback teamnigma simply phenomenal what sick game im excited match thanks great tournament weplayesport hope already make make official game
Neutral,played this interesting quiz amazon try luck chance win sweet rewards
Positive,help win this awesome csgo exclusive idleempire wnnrmfyf
Neutral,check this item just got malignant leviathans wristguards
Negative,fortnitegame what great game went creative whole game frozen guys super pictwittercom vokywije
Negative,this skin cannot travel well localpolarbear
Negative,battlefield v fans who failed history mad that game has women thevergecom… via verge okay know this two year old tweet buts thats really dumb wanda gertz polish soldier this scene has nothing do poland its british
Neutral,including massive cyberpunk games collectors platinum edition including best e game deals newsychronicles com com p end utm sou …
Negative,quit one game nbak cause their shitty servers hundreds games ive played suddenly im devil banned even using phone lmao
Negative,respawn apex legends still freezing loading screen i’ve tried shutting xbox one tried reconnecting internet restarted game still zero luck i’ve having disk issue since yesterday help please
Neutral,us wow price g change g stock g grand g
Neutral,world warcraft make gold hour greatest wow secrets youtubequjlloircu via youtube
Positive,new video footage later gonna premiere its gonna still informative video help guys enjoy improve help beginner learn basics
Negative,eafifamobile hadnt invested much money that shit wouldunk deleted fuck just forgotten long time ago first last fifa well done have demonstrated that people already looking alternative music
Irrelevant,trump supporter shocked that buying this deep state bullshit im huge man needs come say
Irrelevant,cw bugs forgot that lilac also plant results still worked
Negative,leagueoflegends yall should consider making its go hextech skins that would great addition
Positive,johnson johnson clean clear cleanser scrub results day one help clean prevention backing heads
Irrelevant,well succeed will impressed writers
Negative,yes google unk antitrust lawsuit
Neutral,shark gauge
Positive,books great summary work fifth fourth war blood war matthew warcrafts story depth immense fun fantastic
Neutral,microsoft named leader gartner’s magic quadrant enterprise integration platform service azuremicrosoftcomblogmicrosoft…
Irrelevant,just quick shout everyone interested battlefield stream twitchtv ventiii tv
Irrelevant,hook that pvoice microsoft commands that pvoice
Neutral,okay next ranked game before work
Negative,verizon fuckin stupid
Neutral,clintoldenburg have msg ea account bout madden login certain days what this
Positive,fresh new cut fresh new expansion shoot deck ideas come say hey super stoked soul fragment lock totem shaman twitchtvdinasword
Negative,к это не fun nk
Positive,looking good note book work d project animation video editing had chance get nvidia maxq design it’s awesome cheap optimised designers heavy gpu k screen confortable working weeks full time it’s
Neutral,year problem saab crashes nvidias safety leaks ratingcomthreads
Irrelevant,really want one these always say school that could get leave wdslider ms drug pk their talisman
Negative,busy talking hoax that ignored experts real problem that now thanks ass hole
Positive,fav trasmo first lock malefficent her name check screenshot dawn
Positive,fuck festival
Irrelevant,y’all got glow inside dark spongebob flashes never multiple flesh tonesfor years that’s
Irrelevant,won twice yesterday uzi carried these randoms home dinner lol
Positive,way easy score fifa easportsfifa
Neutral,yeah fucking cheese
Positive,red dead redemption game best game ever exist i’m star people behind game
Irrelevant,did this trick couple months ago hahahaha its dumb
Positive,man amount fuck times ’ ve ever watched new
Neutral,never cared cod today thats fantastic everyone should know what yuri bezmenov message brought him us
Neutral,tv aui phantom ti winner dota disc highlights tv internet game streaming eu facebook aui …
Negative,twitter snap news personal ios apps everything post snap story goin quite facebook facebook instagram story half shit post going else ain ’ t goin facebook
Positive,im dead man what beautiful shot absolutely worth
Neutral,stupid stupid stupid let smarter cheaper faster rivals do that tcl onn google apple amazon samsung sony homebound users smoke video apps dont sync televisions newstrustorg item
Irrelevant,havent had this pleasure catching friend og stream go check him cool bear does crazy things overwatch
Neutral,madden nfl playstation ps great offer ebayto mumq
Negative,rainbowgame im getting error code saying that u play servers ive tried anything can think whats going
Neutral,what
Positive,crazy games years old expanding black ops has died within months
Irrelevant,have failed bbhl facts dont even know play pubg ugh fuck
Neutral,cyberpunk s updated female protagonist now incredible detective dlvritrsygh f bitlyfxtrade
Negative,vehicles look super annoying
Positive,aight can get those item this oneunk life bruh may want earn motherfucking cour
Positive,yo epic giveaway stream got gift wii subs channel last stream congratz stoicflash ttvdanagor dbd awesome marble stream stunning borderlands epic fucking love guys nerd
Irrelevant,don’t have make can’t shut bragging y’all even pubg kart rider like this im super proud u babies
Negative,ubisoftcanada ghostrecon way remove discovered recently looted poi surface its threatened clog map even though ive already covered area map symbols
Irrelevant,really love these type cards star wars version chain im hoping will halo infinite card
Negative,eamaddennfl please add buffalo bills s away jerseys please thank sucks having s home having aways
Negative,verizon this notify that ur company harassing payment that do owe could pursue this court
Irrelevant,last thursday overwatch team took black valiant effort somehow short losing great game well played though next visiting team will go white next thursday
Negative,verizonsupport beware warning time crisis verizon throttles plan low even able load web page regardless asking reprieve
Negative,rockstarsupport have problem gta v pc has infinite run time have clue needs it’s like this months it’s resulted able play gta v
Irrelevant,im pain taste fell indicated fatchtv fisergroup
Positive,wow finally decided take violence franchise good
Irrelevant,after questionable recent actions ive really had plenty release zelonius everyone knows what tough problem child can actually really enjoyed working this season good luck next season big vouch him trustworthy loyal hard working young head coach junior manager
Positive,really cant wait
Neutral,super live super juice twitchtv atl rain
Positive,nice hearthstone stream today demon hunter still best class game despite nerfs got highlights couple games ill post later
Positive,ever since blizzard added option turn screen break playhearthstone game has run lot smoother actually ios mobile thanks adding this option blizz
Neutral,dont know what wasnt done playing joey died his way turn
Irrelevant,construction this building halted due coronavirus outbreak csgo
Neutral,now naija reports microsoft permanently closes retail shops naijareportscom microsofttop tco yeyxgykn
Neutral,doesn ’ t look better st white
Irrelevant,seeing difference borderlands pc xbox crazy never knew bad xbox heard d graphics look good pc
Neutral,attention chase verizon mortgage co gmc motors due outbreak will cancel payments immediate future please respect decision this time
Positive,cool
Negative,havent able write long time feel kind bad had this whole set fics planned interest overwatch epic dropped absolute bottom idk im really even around finish those its just relief bc
Positive,well thats impressive
Irrelevant,she’s cutest omgg 🥺 want girl
Negative,ghostrecon agree having paid money game that havent able get past loading screen hours just straight shuts boots xbox home sweet update guys
Negative,tv crash dummy bugs
Positive,after years never trying ive downloaded works like miracle pixelsense screen fully supported expect touch feature suret care itm also setup dev environment going back
Neutral,team welp even rhandlerr rejected rhandlerr trade 🤣🤣🤣 pictwittercomacckfcpzs
Neutral,l lesson nd makes work one gets stays good without work
Negative,hate this algorithm
Neutral,looking forward that event
Neutral,ive also shared cureleukaemia currently have views twitter facebook combined wow thanks everyone
Negative,fyi algorithms failing award credit despite actual credit that have have never subjugated myself system amazon wont even lend think that apple wont either everyone already knows rhandlerr compromised 🤟 🤳 🤷 ‍ pictwittercomtnmbpvow
Neutral,just recently earned her halls devotion achievement
Irrelevant,totally cant take people comments games seriously u can even look demo objectively clearly see looks extremely unfinished early production vids cyberpunk looks potential good game horrible early state yall blinded
Negative,thatm tired sony fk sht
Neutral,best video westerns that includes red dead redemption games – screen rant onlinecomenbestvideo…
Negative,crazed michigan governor now tells home owner shut unnecessary painting painting garden centers archivecomcrazed…
Neutral,kno borderlands handled zer nonbinary kinda easier definitely nonhuman start forgetting their pronouns tftbl still rlly like zer happy have flk read theyre playable mcs
Neutral,im managing editorive gotten proof google schema experts mail us forgldhck
Negative,guy that keeps tryna hack battlenet account can fucking have get overshit level wow classic orc halffinished basic set heartstone
Positive,meme much rager csgo well fuck valiant brings back old memories
Irrelevant,k sorry
Neutral,these stocks least worth look verizon communications inc nyse vz piobirdcom thesestocksa tco gptbvwu
Neutral,jumping feet first holy hell isnt job making sure its crowded better get right that
Neutral,love fiction scifi
Positive,ps coming month couldnt believe
Negative,z thinking z abt got rlly call duty zombies since made old get really paranoid irl also started worrying zpmbies would come irl that really felt vulnerable bc lived ground floor flat used stay u p night every night
Negative,nk yall got yannis yall mouth
Neutral,love youtube comments people who hate game really much yet still beg videos that game
Irrelevant,liked youtube gta online w fans youtubecom watch v qwxl
Neutral,suppose update patch dlc like previous dlc has added downloaded manually ps store even season card
Positive,discounts ooo
Irrelevant,yesterday oce leagueoflegends streamers overnight wd australia raised directly help wildlife affected wildfires thank everyone who donated their generosity streamers who took part good guys
Negative,say now can have shit
Irrelevant,s series looks slick
Positive,love many ways can play this game heres stee hud gameplay hud creates whole new kind game honestly love anyways video youtube later today
Irrelevant,liked youtube best chinese players clutch everytime episode pubg mobile youtubektpdofvs
Negative,ghostrecon game does start itll close screen pc
Positive,angry chicken back talking twitchtvamovetv r
Negative,runes scraped give lp back riotgames leagueoflegends
Positive,🤔 ps won’t offer anywhere near graphics performance xbox series x navi benchmarks prove notebookchecknet news notebookchecknetnothepswon…
Irrelevant,apologies taking hades account essentially overnight just finally have something filling overwatch shaped gap heart brain
Negative,fortnite must have forgot console new update came have losing lots v due fact delay new console editing system like this post think fortnite forgot console console players
Irrelevant,game pass ain’t nothing fuck
Irrelevant,matter year call what want im sucker nbak hype vids that showcase true nba authenticity capture especially its offered k now its hyper ad premodes that never fall prey
Neutral,first game pc im still trash m k made shake
Neutral,really worth getting grand theft auto v video games merely its free
Negative,hello amazon india what happened what action has taken regarding order that cancelled delivery team will receive refund
Irrelevant,i’ve never heard jesus that goes after less fortunate those who attacked state must new rebrand i’ma google see what internet’s say 🤔
Negative,man put support ticket w star cant stay connected gta online closed without even responding
Negative,this explains theres also lack regular fast travel stations guns love love alternative tentacles ridiculous
Negative,despise usual nonsense dislike censorship even cant get rid conspiracy theory suppressing facts will churn facebook needs counter anonymous info documented facts
Positive,ive noticed several eleven walmart home depot albertsons reject customers without masks that keep us safe
Negative,might playing mode beats constantly solo queuing overwatch tho
Neutral,ride bike
Irrelevant,someone clearly cheating overwatch case youre saying theyre cheating have thousands dollars their skins youre scum
Negative,cant wait thats ridiculous
Irrelevant,cant wait freshlikesbikes ahem jeremypowers like
Neutral,enemy players mnk player that highlighted has montages his mnk squared rainbowgame pictwittercomzhzfxlhsy
Neutral,moments moments minutes moments nbakmyteam
Positive,great way bring exposure young new coming artists
Neutral,microsoft releases second free windows update latesttechnewsorguncategorized…
Positive,call quest mobile really fun
Positive,happy sunday
Negative,playhearthstone mana hero power that deals damage makes hero power that costs twice much absolutely worth playing did think did dh that took underpowered class made unusable ladder didnt that occur
Neutral,unk johnson johnson canceled coronavirus vaccine trial infected sickness participant nydailynewscomcoronavirusny
Neutral,threatpost sway hell office phishing attack bitlyjldme
Negative,never playedunk
Positive,loonngg long overdue good job
Positive,great servers playing non quals pro league guess rubberbanding cant reload
Neutral,certainly wont wrong every day wins jesus order today
Positive,had lot time herself play playvalorant today play game positive this game next big thing game does what does cs go go does feel wonderfully also has its voice piece genre isne t just complete clone engine cs go like that
Negative,verizon north northeast
Positive,well bought great voidhammer skinslinkcom this felt really nice iteam de
Neutral,cyberpunk delayed dec amid multiple platform testing dbltapcompostscyberpun…
Neutral,girl that google voice heartless loudly speaking gospel truth shame ja🤨
Positive,can just say i’m happy this game already had imo best zombies mode long time great cast
Negative,hey amazon understand that everything that going delay actual delivery orders do go days shipped now which happened relatively quickly
Positive,ive working since trailer cant wait patch cant wait get that amazing wraith skin
Negative,this call duty broken youunk ping none stop warzone dead never get online it’s fucking awful
Negative,now im st ranked now ima take stand cod mobile
Neutral,saquon peep ball carrier vision violated 🤦 ‍
Positive,sorry im still going fuck low
Negative,what devil doesnt joke facebook makes man picfm mfabxqdst
Positive,remember trips ive taken walmart home depot hundreds children fondly
Neutral,yo now live twitch twitchtvmayhemoce come chill watch great content
Negative,busted xbox cartridge
Negative,series x fucking huge wtf
Neutral,new years snow storm red dead redemption online ezdlccomnewyears…
Negative,playruneterra really looking forward those monthly balance updates aggro death decks have easily found now game team much loved beta version feels like everything really hated hearthstone
Negative,rainbowgame can fucks lower ranked requirement level back towards idiots
Irrelevant,join gamingmansfield hold hands welcome new age callofduty twitch pm bst big love twitchtv mansfield gami
Negative,safety stuff insurance business
Positive,weve sure crushing cs go windailysports congrats jack
Positive,had itch sore draw lunerian silgryn bc miss much may actually really play wow right anymore silgryns still terribly darling dear aunt
Irrelevant,brounk cult mentality fkin dumb literally everyone will follow blind rumour who tf told ssr part that dumbass pubg rip game post proof verify science first
Positive,pm est tonight pirate warrior running assasins creed odssesy eighth time watch play kassandra stoked this guild have lately reluctant play tonight’s night twitchtvpirategamer come watch play f t
Negative,seriously what holy fuck
Negative,fuck k pay win ass fucking shit game think ’ ve paid that shit ’ s many games ’ ve also actually won this dumb ass farm tto “ free ” opals damn ’ s fucking fucking free ’ m getting mt ball drop game fucking stupid nbakmyteam
Positive,love sea server
Positive,love new steel wave charms also love theme music
Neutral,unplanned home field trip canceled heard lot cars parking lot certainly lot people inside store instagramcompcdptojemn…
Irrelevant,need sequel badly im sick playing fortnitegame
Negative,tl dr this game doesnt get content after summer wonder this game disaster
Neutral,haven ’ t posted today just want come let know ’ ve working day makin cash money already now ’ just m relaxing getting hair done right before streaming week
Neutral,never interested cod that fantastic everyone should know who yuri bezmenov what message has brought us
Negative,people dissing this imo this great ea matches quality icon free
Neutral,can y’all niggas stop complainin bout females buyin y’all ps 🤦 ‍ y’all sound broke just chillat
Neutral,buy nvidia vcompute server software
Negative,somewhat looking forward galakrond’s awakening hearthstone it’s live pc mobile update pc isn’t done cant play ipad apple’s usually slow roll updates this extra slow facing bad game luck today
Negative,its weird overwatch doesnt enable anymore owlthemed events ingame purely offline mode fight teams fans points team skins always
Negative,fortnitegame fix game video servers much bad rn
Negative,nerd tweet i’m getting really disappointed playoverwatch favorite games that have used since day feel sure esports finally got one new hero cool another dps just truly get behind now let us open switch
Irrelevant,sun rocking costream emgoood live hetchtv mnkogaming pulse rts spideys blazeds hetchsie ss s stream boost tools e rtsmallstreams
Negative,verizon website still showing last person told use mobile app instead downloads dont work either this video actually minutes long never loads verizonfios verizon
Irrelevant,its years since beta tester xbox live its amazing watch growth online gaming during this time along innovations that live has brought industry great memories look forward many next generation games
Negative,disrespectful asl even putting larry top four madden dumb hell
Negative,lady gaga did one those fortnite concerts absolutely would make account i’d hate myself
Neutral,have may slightly obsessed jamboard awesome idea creating collaboative structured music great way create dynamic ts ss instructional model device
Neutral,game time later today today revenge
Positive,stunning target shots
Negative,v mut pc servers rhandlerr rhandlerr rhandlerr trying do star day justin jackson keep getting error madden pc stream pictwittercomkkuoxxhb
Positive,friend spent hours today teaching play fife explained everything even what already know sat let him excited teach
Positive,theyre awesome
Negative,there’s bit ages involved will put fortnite extremely addictive meaning yes ‘call duty’ addictive profoundly
Positive,this game fucking wild
Negative,always narendramodi please pmoindia please better help twitter dear reminder
Positive,ive liked first fifa long time
Irrelevant,marquettestangs week one emustang league legends results won their first match yes thanks team members student leader rohith mentor clerkie playvs league legends
Neutral,have had great success one detailed review
Negative,latest patch warzone modern warfare has leaked tons details black ops cold war including singleplayer campaign descriptions issues potential release date
Negative,tried ring emergency phone dropped call went service service came back called call dropped right answered called now calls frequently thanks goodness able get via text
Negative,officially quit riff kinda sad threw guaranteed top almost guaranteed surpass now meta random s impossible climb plus have tired will take another break hearthstone till expansion starts
Negative,unk eamaddennfl haven’t load game after event what’s wrong w that stuck loading screen
Irrelevant,happy birthday
Negative,times now during end game randomly end back lobby wtf yo playapex
Positive,new cfduty
Negative,soooo token market update rest year nk myteam
Neutral,liverp rewards africa league legends news tradechat zonestreamcx lifetimerpre
Irrelevant,best miss fortnite live event recording ever youtu will jjgshfptk go just check back make sure leave like subscribe
Negative,hey verizonfios verizonunk rate internet speed mbps lowmbps pay gig symmetric services unk test performed wired cable cat sftp gb cables speedtestnetresultccfb…
Negative,rockstargames trash gtav red dead redemption online trash
Negative,this shit hard isn’t
Neutral,this mothers good day faithful partner bit ly cqpny
Positive,omg finally still need harvester one though check this item just got rusted keys junkheap drifter
Positive,thinks i’m worthy lol
Negative,callofduty whens gona end
Negative,eamaddennfl fuck fuck fuck fuck fuck fuck u guys fucking lie us go fuck ur life selves
Neutral,factory open live tchtv deezopn
Negative,harpies absolute worst npcs world warcraft
Neutral,foxtica dutch warned us right
Neutral,cyberpunk seriously indifferent tbh knowledge systems let alone play lot even does look like kind game would immediately fall love status its development just kind weird say least
Positive,played lot unplaced games dota sea almost toxicity people good wtv play everyone just chilling its like remember first love
Neutral,red dead redeemment picwikipediaorg ppgzilqja
Negative,after today windows longer supported microsoft this means security updates performance updates configurations microsoft sign during webinar express options hubslyhmzjwl
Positive,new callofduty
Positive,its perfect
Positive,tomorrow day without words lhs goal better understand what it’s like students communication struggles have google translate app loaded lesson info usual student interactions pictwittercomwjqahdisem
Positive,’ s perfect
Negative,rockstargames yall can make gta great shit fix things red dead redemption suck goddamn dick
Positive,man borderlands came though eh its nowhere near good borderlands music nearly good naive fool love this game much
Negative,eamaddennfl please add away jerseys buffalo bills thank just sucks have home away jerseys
Positive,gonna play red dead redemption cause arthur morgan just makes incredibly happy
Neutral,please help this seriously awesome mess cs go skins giveaway operation dmarket wn uk nr ppcay
Neutral,check hearthstone duels edition spiralhs spiralhs reached wins this priest starter deck win code playerdecksnethearthstonedu…
Positive,best review far
Irrelevant,ban xbox player tvvesiax has risen see online bfdbcomplayerban
Neutral,love
Positive,borderlands phase ps that legendary anointed king cyro infinity two pistol awesome weapon dlvr rplm
Positive,have say every bit fun have breakpoint serves least eight moments frustration really knows get neck haha
Positive,now this poggermoment
Positive,ghostrecon hey guys wanna thank much this great update work put game despite everything going keep cant wait see whats next
Neutral,get ready weekend special offers marvel spider man assassins creed black foundation call duty infinite warfare many others this week visit nzgameshopcom specialoffers get great lot fenco hqtroevpp
Positive,should get feed dogs stuff mac can just make watch together want play borderlands these cramps bad today
Negative,twitter facebook places wide even share information thoughts voices ideas just go heard always place these platforms silence people laws that abided that violate st civil amendment crime will penalties
Negative,id pissed
Negative,important
Negative,obvious bias social media gaming giants florida man sentenced violent threats christian organization services facebook tech giant ignored anonymous posts see foxnews com us facebook de …
Positive,switching rhandlerr rhandlerr crew twitchtvdazfps
Positive,holy shit
Negative,big tech giants twitter facebook google must separated regulated have proven themselves corrupt propagandists control much much their values liberal cannot control flow information
Negative,fortnitegame need fix these crashes game crashing pc saying application has hung wtf going
Negative,windows dies th jan microsoft displaying warning messages now time upgrade software business can help
Irrelevant,improving lot lately like this car now damn much
Negative,rainbowgameunk fix game support playstation reviews laggy
Neutral,shutdownsafety have bad oldenburg highlight film line his roughrider days know yoooooomoma must have im sure get everything just pulling story ’s us kiv pro players embarrassed themselves that day
Positive,fast frantic action fluent movements fans favourite weapons solid game mechanics
Irrelevant,this giving budhalovesbooty vibes
Irrelevant,good fuxin point
Negative,ea eamaddennfl apparently surname moore obscene
Positive,new borderlands raid strategy really good fun
Negative,information fully which ghostrecon ubisoftsupport
Negative,bruh
Positive,ranked dota new patch music giveaway twitchtvnoisiness
Negative,im just sure eamaddennfl employs people who decide ratings seems like theyre getting worse every year whoever werent worth money
Negative,fifa honestly biggest garbage pile piece shit excuse game ever created game play played average miles hour hour slow clap ea
Neutral,yes damn gameplay
Negative,said see net time times times disrespectful show got more“ butunk google lyin’ what make just times ”
Positive,best stream ive had months big thanks people who came clicked following page big thanks also ghostrecon
Irrelevant,overwatch switch lite amazing this portable device amazes draw back runs fps
Positive,really want get back csgo squad soon want keep building whatever progress making serving america had this confidence ive ever had career weridly oo
Irrelevant,last race after gr
Positive,nice ive always wanted customize genitals
Positive,unk carbine cute
Irrelevant,hows that psys fault people cant comprehend itself genres culture generalize kpop one sound withs borderline racism google that shit educate yourself middle damn well black
Neutral,youtube gnmz breaking news pubg mobile unban erangle coming india real reason ban mins likes
Irrelevant,fitting quote art ive ever seen one this artist stuff weird lol its like started warcraft draenei hentai really got hyped cyberpunk lol
Neutral,bruh this just gave black ops vibes black ops movement real world graphics wtf
Positive,gta living bestunk life
Negative,clip that shit
Negative,breaking news chinese mobile apps banned including pubg ministry should feel bad friends whore deep love pubg🤥
Negative,streaming really fun rn now there’s actually lot that don’t care cheap overwatch drag ass don’t talk yet don’t have donations setup console streaming cheap somehow having someone community hang has
Neutral,trying process freaking information like objectives overloaded menus
Positive,thank jon verizon support
Positive,had fun trash buddies fauwxx overwatch cant wait see what else do
Negative,fifa issues statement wake criminal case infantino verynaijacom fif
Negative,fuck this call duty update
Negative,nk have ever watched basketball game life can make game damn bad
Irrelevant,truly love spend time boys friends doing crazy stuff their memories unforgettable
Neutral,this cyberpunk october xbox magazine much championofgames com this cyberpunk … rd
Neutral,fuck this street going day
Negative,think primary thing hate this film people whom purposely wait rope ties do their turn
Positive,ibm still favorite cod teaser ever 🥰 twittercomcallfdutywiki…
Neutral,life sup im fork cute itamazoncom dp bxmqy via amazon
Neutral,those who played farmville facebook want farmers know misled
Negative,weeks k uk has drawn winner its borderlands collector edition sweepstakes mean think its funny that companies can just make fake freebies viewed youtubecom watch v huh
Negative,ubisoftsupport just installed assassins creed odyssey have problem cant find new game feature start game anything can do activate finished main story months ago ps platform pictwittercom kzpupod
Irrelevant,omg pure skills folks dynamite airplane yes please
Negative,dear hearthstone community stop playing demon hunter please its cancer
Negative,do developers insist this have settings separate mode
Positive,im tuning
Neutral,humbly conclude toast nikolas alexander his managing pirate warcraft may play defense ancients congratulations nik enjoy adventure
Positive,ashrafaismail assassinscreed chance u can pitch assassins creed remake would love see jerusalem full realized egypt ps please don’t put gear scores levels weapons new game also raids love stuff bf origins fav games
Negative,update token market fuck sake got already months nbakmyteam
Irrelevant,bro what fuck did along xbox
Negative,playapex please fix game have never bluescreened gotten many logic errors life losing rp cuz ur game sucks ass
Irrelevant,tried get preorder what xbox series s that went like lead balloon trbr io vucmiq via kurisuyamato
Irrelevant,everything this film sounds good
Irrelevant,hears gta v free epic games store o okay guess ill load egs also ffs forgot shit this client client spanish despite saying its english does this client always slow everything pictwittercomswvnohfv
Neutral,people who killed michael trevor end day probably hooligans right now
Irrelevant,friendship ended mibr now furia best friend
Neutral,wow zooms market cap now bigger berkshire hathaway visa johnson johnson walmart p g unitedhealth home depot verizon combined
Positive,lol n this place great
Neutral,need generous portion giant enemy crab
Negative,have sad news report wife got laid daughter jib lack ofbusiness her restaurant works going help her unemployment thing today this took bad day now this has hit personally work
Positive,wow totally presequeal yet still havent played that
Negative,rainbowgame hey playing ranked entire lobbya s ping shot everyone kicked except school buddy la mine although cancelled match have bans now remember what do
Negative,red dead redeeming day can shoot mika dont like mika tchtv nightmarebec
Negative,red dead redemption litter twitchtvdeecrazycatlady
Negative,rhandlerr rhandlerr yo ive stuck gate wont open pictwittercomifyqzlffg
Irrelevant,friendly wordpress facebook ubuntu friendly plugin studio apk download postdailynetapkappsfrien…
Positive,have perhaps never accidentally played assassins creed game
Irrelevant,nice people life goldenbridenet bitlytsaku instagram bitlyvodk website bitlybgof facebook
Neutral,great outing boys taking first series reverse sweep ggwp
Positive,love images ended insta google ads just cause visit their sites whole lot waste those ad dollars bitch
Irrelevant,whoever voted ps longer cool
Irrelevant,i’m incredibly bad overwatch pictwittercomolshbrsc
Irrelevant,omg look have epic
Negative,still wanna know reason riot put tft missions league legends missions tab fucking annoying
Negative,pubg mobile ban india versions that spoiled game paperli e r
Negative,gta rp trash one wanted help
Negative,yall making really sick eamaddennfl
Irrelevant,poll results looks like twistyshape shares top jk thanks heroes
Positive,thats actually pretty cool
Neutral,xbox series x gets its first big soundbite opinion gamesindustrybiz gamesindustrybiz articles
Positive,watch that its dope
Irrelevant,antebellum movie that continued horror process americas moral problems olympic equestrian sport eventing will longer held london estate that has provoked calls change its name which say evokes slavery
Positive,have never played assassins creed game
Positive,get share first game ive gotten work im happy announce that part dev team black ops cold war mad props everyone who worked this organized warzone reveal youtubecomwatchvatsn…
Positive,unk away darkmoon faire elite prepurchase bundles thanks blizzard includes unk darkmoon packs unk epic legendary unk one card back unk allow access enter follow grab retweet getting pulled nov
Negative,see what pubg mobile phones responded banned pubg advertising india
Positive,this seems wonderful
Positive,have
Negative,okay nvm fuck shit like playing healer gets boring old real fast youre given damn choice miss sleeping less ten minutes face torb
Negative,let’s discuss buffoonery that easportsfifa had nerve incorporate this message fifa fifa doesnt have black fans think i’m kidding watch every time score watch fans you’ll shocked pictwittercomlfffygtk
Irrelevant,many kids come go say its just game well shit dont know dont play minutes go negative spend minutes life stobey okay average
Irrelevant,battlefield player wreathe has banned before details bfdbcom player ban
Irrelevant,stand what said friends amazing motivation cries opposite corner
Negative,fucking hate video games
Irrelevant,really nailed
Irrelevant,ban battlefield player jamesbongog has occurred see details bfdbcom player ban
Negative,fifa has cancelled good now ngl
Irrelevant,okay didnt expect actual friendly human supernatural these topics nice double take
Negative,ahh copy pasting google doc fucks formatting
Negative,new fortnite season dog that shit
Negative,take things two fucking far
Negative,please dota bring back aoe grave dazzle playing support actually fun
Negative,company that spreading cancer
Neutral,far above misty mountains cold should sky filled fire smoke misty eye mountain below careful souls people
Positive,successful family pet battling day culminating short successful pet battle this lovely panda
Positive,im excited gonna have everyone play cyberpunk everyday completely miss obvious anticapitalism first created cyberpunk genre favor haha what tech go brrrr
Neutral,kill streak first game black ops cold war dumb brag still quite enjoying
Negative,uninstalled fifa mistake
Irrelevant,music
Neutral,great bgardiners random musings fromlibgardiner published bjoerndarko
Irrelevant,really excited squad
Neutral,welp even eamaddennfl rejected deandrehopkins trade 🤣🤣🤣 pictwittercomacckfcpzs
Irrelevant,king taa bless heart
Positive,just love
Positive,guess should watch this since streaming tonight
Irrelevant,fear prime
Positive,cinematics nowve bought this game k hours innerzaki
Neutral,🧨 babies 🧨
Neutral,shitload money this month boutta cop that new nvidia card daddy building godlike facility
Positive,thankyou flipgrid
Neutral,microsoft bruteforce attacks last days per average iftttfrbfmu
Positive,one coolest events game far like open space interact actually playing game running around map solving mystery much fun
Positive,marketing team still leaning
Negative,new ggu mother lobe plus gold tracers unfair best cl youtube caqewjpo via youtube
Irrelevant,pleased able announce this anyone else cried this beautiful console
Positive,rhandlerr first ones free next terminators took wrecked faces th th turned tables its amazing what mounted canon can do twitchtvvideos…
Negative,cyberpunkgame maybe announce release dates stop inflating people do set release date december th its safe finish its ready release date after game really gold day patch done
Neutral,johnson johnson beats thirdquarter profit expectations raises forecast pictwittercom weqsgnzto
Negative,its almost june rockstargames red bull redemption pc still crashes after even formal acknowledgement developers fix fucking game dickheads
Positive,without renting eamaddennfl target kid young cb lions might even fully introduced baseball this week starts play foot game first time that’s pretty amazing
Negative,bitch fuck
Irrelevant,fact that smart motherboards new graphics card can handle gta sucks has stroke theres bad sandstorm
Negative,gonna complain often much think pubg making
Neutral,follow red dead dead redemption skidrowcracked com pet red dead redem …
Negative,lahore town high court banning pubg program pakistan having negative impact tribal children this this correct decision
Irrelevant,hell hammer
Irrelevant,what ione last bit fools dance heads cracked fortnite dances
Irrelevant,thought generation agreed ridicule people who share unwarranted posts facebook fact rather start doing their
Positive,this kyler interesting
Positive,just bought gta ’ m lit
Positive,bc those games okay this borderlands best its kind
Negative,eahelp dont seem get online play battlefield can play online lol nd day row cant play its just
Irrelevant,tattoos like this horrible
Neutral,hate that this simple chaos modifier event chaos wont last forever thats fun ive had game since added terrible modifiers borderlands please give option play chaos turn modifiers
Neutral,guys obsessed girl getting ps get cut yourself bb
Neutral,narendramodi able download aarogya setu app google play store
Positive,microsoft offers free training voucher subsequent testing server
Negative,verizon can help apple watch order thats stuck somewhere maze verizon month status says shipped selection tracking number
Neutral,these stocks least worth looking verizon communications inc nyse vz piobirdcom thesestocksa gptbvwu
Irrelevant,omg never thought people could go disgusting levels call pigs will insult pigs
Negative,just listened yuri’s confession holy shit it’s scary
Irrelevant,bad time ban pubg what time start studying demanding jobs
Positive,thank watching play thank entering competition new earlier stream eu contingencies tco vdzriwz
Neutral,go another intense action story joanna wipes enemies perfect dark zero ogreatgamescomproductsperfe…
Negative,re just saying shit now
Negative,eamaddennfl j easportsmut muthead still jadeveon clowney ultimate team power light base card even promo card clowney got updated titans upon his signing still has yet ever receive his card shot game
Negative,re will que quito el vi de daniel that
Positive,aye much ’ ′ m gonna keep buck cold war war fifth fun course ’ ve had cod title subject since black ops wow ’ s truly amazing love this shit
Neutral,see little miss ashley th
Neutral,skype released apple facetime adds eye contact correction nvidia publish paper using ai send seconds video work rest gpt added video calls start call leave finish notification made call good
Positive,had fun time trash buddies wonderwatch cant wait see what shenanigans get
Neutral,quick k mixercom kn blunt instagramcom p bxyqehnnba
Neutral,final quest terminator truck modernunk hole kotakucommyfailedques
Neutral,happy friday check this awesome clip featuring one allstar beta users try get startled like didunk
Negative,johnson johnson baby powder still available markets want alert damages that these talcbased products may cause learn jjs lawsuit bitlygnsdna
Neutral,shining force final f world warcraft street fighter soul blazer
Neutral,snuck used voice message changer tape pretended girl csgo club match last night now dms flooded xd
Neutral,ily cheating east stacked l n skoeii rtrackernetworkprofilepciiy… ubisoftsupport rainbowgame
Irrelevant,dont keep adding people facebook guess gotta fuck these fucks whatever dude calling sex workers lazy selling nudes instead getting real job fuck use bodies get money degree judgemental dick
Positive,actually quite curious which season will bring climax crossplatform already
Negative,csgo getting bullied people after have finished this challenge which forces do break game
Negative,atviassist huge bug game right now cannot progress anything resetting people patch pointless anybody right now
Neutral,thank great day look next day cardiothoracic surgery
Negative,atviassist call duty mw q can disable distance player every player suddenly has bright red tag can barely see players can disable settings mates dont seem have
Negative,this company has damn integrity making priority release decent game despite money get game vc alone embarrassment nbak ronniek k tco npyltgwhb
Positive,have feeling short last days tonight awesome night jennifer girls got w today amazing time playing
Neutral,johnson johnson stop selling whitening powder concerns racism weaselzippersusjohnson…
Positive,like this picture that took character red dead redeeming online rockstargames picwikipediaorg vbpcechse
Neutral,melusi k shocked h justhoneybadger simmyster h walkerpool pm mdassassin owahid
Positive,won achievements red dead redemption points
Positive,battlefield also much better known classic modern warfare ’ s that new modern battlefield coming cod can ’ t hardly seem make that decent game these days
Irrelevant,maybe mingyu will also play pubg huhuhuhuhuhuhu want him have polyps well
Negative,johnson johnson company that stay lawsuits
Negative,androiddev ive just noticed issue upgrading android gradle memory plugin chapter google compile testing library crashing retrieving resources html example many details that available github com glureau agp … net something new
Negative,one buys battlefield couple doesnt have app literally goes google search dont recommend its waste money
Neutral,thanks king kimoon kang that answer impact makes difference ssa summit final day
Negative,absolute hatred verizon
Neutral,imagine host dumb show goaldrive serial remind yourself that characters skit real people
Negative,yall can stop promoting gp fifa ashamed
Neutral,massive punk festivals festival best e game deals newfroniclescom p utm sou festival oaqvuzsqx
Negative,good now would actually focus fixing shitty gameplay fifa nba k should follow
Neutral,mom finds these life sized clowns home depot really cool they’re also creepy she’s ready scare others …
Irrelevant,wtf does think hes living gta something
Neutral,red dead redemption wildest west twitchtv darkwyll
Negative,fucking great gta arrests worse taking what cop that lynched black man camera right
Positive,proud have seen this action
Negative,nbak can even get refund this garbage
Negative,lol thats just wrong
Negative,may google label latin people penalizing criminals
Neutral,get stream playapex minutes left before mine
Negative,total joke
Negative,k fps wtf thats really dumb
Negative,hey
Negative,wow franklin gta v really kinda gets completely screwed doesnt didnt notice first time already played just real bad feel him getting involved michael jackson trevors crazy bullshit
Neutral,right
Negative,rainbowgame gunna fix game what pictwittercomwyhccxgqvq
Positive,thanks nate sending ranked game skills chefs kiss
Neutral,china closes foxconn johnson johnson samsung factories amid virus outbreak activistpostcomchina… via activistpost
Negative,playhearthstone cant pass arwyn cuz ruby smite now does damage
Positive,thank davematthewsbnd verizon making difference sharing love
Positive,thank kindly target homedepot who have ehn members employed their stores during exactly this pandemic taking personal safety their staff damned seriously
Negative,cold war zombie black ops fucking hams
Irrelevant,bro indian cult mentality dumb literally everyone will follow blind rumors who told that ssr part this dumb pub get brains check facts first
Positive,new red dead redemption’s graphics look incredible
Positive,enjoy killing people gta
Negative,won’t work tried reposting done many times
Negative,nbak update literally broke corner drill lmao ksupport beluba nbak pictwittercomodankahu
Irrelevant,proud this headline
Positive,love watching what battlefields dice ea making already know this nah nvm lol battlefield hardline battlefield v maybe we’ll throw battlefront ii
Positive,well that easy
Positive,cant fucking believe played dota enjoyed every second
Neutral,youre sacked labourpress jeremycorbin cruel hateful borisjohnson that proves point twitter support facebook have duty respect
Positive,love ordering stuff people amazon
Irrelevant,teacher can assume this important role trustworthy adult child
Negative,implication that seraphine witnessed juggling superman thus superman officially superman league wont able do something absurd juggling gets billiondollar carefully thoughtout game
Negative,fortnitegame did guys nerf crash pads also last update haven’t reacted throwing choppa i’ve even throwing still bueno
Negative,nbakmyteam nbak this gameplay bad
Negative,pretty easy get
Positive,this one intense ass clip lmaooo ngl love bandits mp opinion its tied best nonacog gun defense obviously next jagers c
Negative,dota quarantine has fucked dota players fucking quarantine has fucked brainshitniggets server fuck everything fuck coronavirus fuck valve always shit ranking reporting ppl tco crrxmze
Irrelevant,album comfort
Positive,cant wait say
Irrelevant,just yup warzone feels nice nice mix old apex legends standard cod stuff like good far
Irrelevant,eat pussy bitch types ways 🥴 🤪
Negative,t sprint tmobile comcast offering wifi access wifi data during this national crisis verizon place found will think twice having provider
Positive,new season siege feels bloody brilliant well played rainbowgame deffinatly one step right direction this season cannot wait see whats next boys didnt lose game evening had one cracking time wait see what sunday has store
Positive,cant wait amazon shipping
Positive,cant wait ti dota
Positive,xbox fast slim consoles
Irrelevant,ai smart phones social media peoples minds sides can manipulated cause conflict hence should use wisdom situation attempt impede others rights provided us constitution which said stem higher power
Negative,damn even verizon wireless leaves open smh
Negative,literally okay
Positive,this just simple tool love samsung electronics microsoft partnership ttpslnkdingxfzm lnkdingbchdgk
Neutral,had thought use kbm players play league legends before fortnightly damn nephews
Irrelevant,feel like pure shit just want english team mate csgo
Positive,talking stocks world warcraft love
Negative,playapex now i’m queuing without full team platinum rankedevery update this game full bugs
Negative,pubg literally death simulator
Negative,did play
Positive,day aurelion sol really enjoyed its stuff hope will see something this day prompt eraiviolett
Neutral,made nerd virgin that league legends listen gulch said hurt their ears called that weak
Irrelevant,pro tips dont fraudster
Negative,ghostrecon fuck
Negative,think thing that bothered playing red dead redemption that killed damn horse
Neutral,will give this go see people saying bad
Negative,hell yes
Neutral,gf sucks hearthstone hes adorable ill let slide
Neutral,happy friday check this awesome clip one allstar beta users try get startled like did
Positive,thelovelybrad rainbowgame cafduty
Irrelevant,really regret having bought motherboard msi after dodgy shit pulled recently
Irrelevant,youtube fhbwstzk check new youtube video showing good routes stpetrograd its pretty good video
Neutral,fuck fifa homies play nba o
Irrelevant,playoverwatch educational bots that can practice good management help polite gg voice line cant ow communities themselves
Negative,pc overwatch time probably wont play like next fall
Negative,this major
Negative,man gearbox really needs fix this dissapointing drops new borderlands dlc cant fine farm bosses mayhem get legendary drop anywhere else get drops really sucks alot
Neutral,store playstation com
Positive,atviassist keep stuck dev warzone changed permission testexe x special code switched towards dev gottt even get pass training due breaking amd x ddr xt latest
Neutral,red dead redemption skidrowcrackedcom reddeadredem
Negative,cyberpunk delayed till september just make console launch title get shit done right i’ll appreciate
Irrelevant,happy turbo tuesday
Positive,back hearthstone make single player shenanigans twitchtv rod johnston
Neutral,tencent certainly relevant story this case lol did trump just ban legends league
Neutral,amazon launches counterfeit crimes unit fight surcharges its store read blogiammarketingmediacom amazonlaunch
Negative,i’m dying someone home depot screamed “ifunk start america get fuck out” u wanna ask what crazy white
Neutral,going stream still tired this morning back tomorrow red dead redemption
Irrelevant,nigga kill fortnite didnt have gun after chased two mins pressed bitch better mf
Neutral,buff ly → jdeign →
Negative,lmaothis country fvcked heck just saw johnson johnson commercialyou remember folks toxic talc causing cancertalking theyre working butt clock line folks roll thy sleeves
Negative,don even want know what camera update happened sound gone somehow browser has cleared its cookies also nvidia control panel just doesnt exist
Negative,made epicgames k add crossplay werent gonna make compatible console that horrible
Positive,eiffel tower will always heart will look like im lighting
Neutral,wtf happened sjdkdks storeplaystationcom
Neutral,welcome jungleunk
Neutral,battle action last stream twitchtvvideos… warning maybe audio due streaming copyrighted music lockdowngamin playapex respawn
Positive,soo mutuals playing league legends havent played year have idea game id love just casually get back game great people who dont care that ill suck ass xd
Irrelevant,attempts this youtu avetppkog
Positive,thus infinityward wazone plunder should well made completely permanent game awesome free easy game play intense sword fights strategy skill chance had much people looking finishing call duty combat game
Irrelevant,check her shes pretty awesome
Positive,omg im envious ok google should jealous
Positive,unk good far guardian will always fav
Negative,amazon having nigga fucked everything
Neutral,just finally earned yourself miss mythic vexiona achievement
Positive,soooo gassed
Negative,dam cenite yall got fucking avengers this bitch picwikipediaorg rwgpyfof
Positive,charitymiles alzassociation thanks verizon sponsoring charitymilesorg verizon tco ftyztvlv
Positive,new charm
Neutral,welcome hell
Irrelevant,unk
Positive,average man great making stories throughout rockstar movie seriesit refreshing lasted
Negative,disrespectful plain simple
Irrelevant,good reason its really amazing monitor need get two after saw red dead redeemment two stretched three pax east
Irrelevant,begin beat violent white people
Neutral,saw evga gigabyte models bit annoyed that didnt jump although set heart asus strix oc gets pretty ridiculous this point nvidia asususa
Positive,god
Irrelevant,rising nonliving god who doubles globe
Neutral,red dead redemption online youtubesltdomru
Negative,warcraftru cc jack did wish promoted software anything else ties war much dislike war particularly much dislike running games shown tweet history also do read russian
Negative,mean okay it’s late i’m tired
Positive,love photo mode write story like great work ghostrecon en cant wait see
Positive,just preordered yesterday still worth
Negative,black ops cold war definitely step modern west thes forward time leaning feels dated gunplay slow sounds meh weak comparison
Positive,smooth af
Negative,okay nvm fuck overwatch iunk playing healer anything gets real old real fast youre given damn choice miss waiting less minutes play torb
Negative,reason hate just going home depot have go times just after initial trip really get everything needed
Neutral,johnson spencer stop selling baby powder china dlvritrwzttl
Negative,ghostrecon times trying access store erewhon game crashed xbox one
Irrelevant,always buy this guy fifa career mode his growth magical
Neutral,like black ops cold war its core much better this shit pile that modern warfare listen dont sit around hours get punished im just good cant get rid sbmm just wont buy its simple that
Irrelevant,this dude kinda trying dominate market dvd casting hes wicked cool guy go watch him
Neutral,things want see red bull redemption that don’t celebsyoucomhollywoodth…
Positive,this stunning
Neutral,nvidia shield daily driver like recommend roku platform has nearly universal app compatibility
Irrelevant,thanks everyone who voted decide which game stream next amazing gta classics ranging vice city ending san andreas ill working schedule next week
Positive,wait still supported floppy disks thought already stopped doing nearly that even windows live came couldve even used floppy disks first this entire time
Neutral,check add real community group website darlyngandcocom parents facebook private facebook group iftttoiluig
Positive,one best plays night
Positive,this fucking cold dame just keeps getting better it’s crazy
Positive,welp love ps damn fuck u walmart fucking fault dropping earlier little fucking shit cold ass fucking crack head smart ass company fuck
Negative,guys whatever do dont play dota matchmaking night u will regret
Positive,happy home depot anniversary every one
Neutral,uk retailer warns potential xbox series x delivery delays purexboxcomnewsu…
Irrelevant,dont think
Negative,callofduty ak installed new cold war beta pistol ridiculously bad literally ’ s impossible use
Negative,game maybe announce release dates theyre stop hypnotizing people do set release date december its safe its done its done release date after game really gold patch day done
Neutral,unfortunately cyberpunk delayed cheer just look this amazing shop art remember that legendary game takes time finish
Negative,those who have decided direction ghostrecon studio that can make amazing games pressure fix this broken mess
Neutral,sony good already got rhandlerr who happens blackowned rt rhandlerr years after creating bandaids johnson johnson announces its offering flesh color that doesn’t just match white skin took long enough never late pictwittercomssuzaghz
Negative,nbak im crazy that yall made date white girl career
Positive,cant think im saying this league legends kind favourite game ive ever played its sort feel created steve jobs
Irrelevant,kid this fortnite limes
Positive,wobblespurt had amazing encounter also donated blood death knight wind having relationship
Positive,black ops cold official reveal new trailer thoughts youtube ygbjhfzy via youtube cant wait bro love video get hype realthunder
Irrelevant,will go fuck their friend
Positive,well least now drivers can hooked v now thanks joint work fujitsu nvidia who knows what future holds
Neutral,nice try verizon photoshopper background seems poorly done b which tower do pull back thats had towers id switch heartbeat sprint enjoy data advanced lte isnt that hot after pictwittercom rakzxxtjkd
Neutral,barack gates sr president microsoft cofounder hillary gates brother jason details forumseaijainindexphptopi
Positive,mfs aroused theater regime during cold war black ops black ops had one single yall did shit
Positive,i’m gonna do
Negative,could throw million homeunk money dabo just fun
Neutral,thorin k mr autistic p san csgo teams lookng good igl hav iq degree m memology feom university kekistan maek take fights always buy revolver first round
Negative,facebook twitter should reveal identities fake account holders trying defame maha govt ncp trendingscrollcom facebooktwitt
Negative,ghostreconuk paid shit game think
Positive,just fun
Irrelevant,ban has imposed battlefield player strikexd see details bfdbcom player ban
Negative,grounded looked cool despite borderline unfunny writing became another survival crafting game really cant wait this crappy trend die
Negative,rainbowgame sort game actually sort fucking cheater situation games die sit back fuck everything perpetual cheaters bullshit now
Neutral,tricia b recruiter verizon proud volunteer work her husband edward marine veterinarian does local food bank food bank team have helped feed families
Negative,this skin didn’t age well localpolarbear
Positive,live society plagued pandemic live red dead redemption s open world map
Irrelevant,y’all please check amazing talent getting amazing product that makes
Irrelevant,well im excited end world idk yall
Neutral,ti best plays ic moments international dota zonestreamcx tibestplays
Positive,nice
Neutral,instacart amazon workers strike during bitly xgtxq
Neutral,g mobile operators dangerous arguments facts radiationhealthriskscom gcelltowers
Neutral,google business coronavirus disease covid affecting business iftttavjlxs
Negative,pubg doesnt ban hackers exactly ban whole app
Irrelevant,its like new expensive fridge xbox series x quietest powerful xbox ever
Positive,cultureofgamingcomtheseactiviti… gta v fantastic game that introduced ton new features series features game modes want gta vi
Irrelevant,algeria women movement ’ s involvement cross border
Irrelevant,new video flying dangerous battlefieldunk randomfunny moments much much randomness laughs hope enjoy link youtubecomwatchvdembil…
Negative,sick nbak giveaway sweepsmsetctqmdfh
Positive,excited hop back warcraftunk after year hiatus enjoyable log there’s bunch text look forward relearning game
Irrelevant,can admit this that flusha definitely goldenmajk good playing understanding banana
Neutral,commission asoracaerens handsome blood elf world warcraft thanks commissioning pictwittercomevygqxdejk
Positive,fortunate work company that recognizes importance its lgbtq community actively celebrates its employees amazon best career choice could make
Neutral,check this article just got malicious leviathans wristguards
Positive,this fucking damn great
Neutral,scam online site keveshopcom also victim this now came different name choice cart facebook delhipolice jagograhakjago consumerreports please help get money back
Negative,luka isnt cover zion isnt imma will play k another year shit shit nbak
Irrelevant,this makes happy knowing enough that uk creative community can come together support even cant donate ill still share least though hopefully rest can go charity
Negative,cant believe ive just signed call duty
Positive,thought that this fifa wow
Positive,working nvidia should nice experience
Positive,nice
Positive,true awesome
Negative,good morning sexy people who grew learning runescape bitches who grew playing world warcraft fall peacefully sleep
Neutral,via okay celebration part since internet hates parties begin cest sure join say hi party twitchtvraxusprimer rhandlerr
Negative,course
Negative,league legends has since downdetectorcom status league rt even its
Positive,holy smokes im really enjoying library paladin deck youtube xjonvywqa
Negative,rainbowgame can y’all please fix blue screening ps it’s like this ever since new update can’t hit champ get blue screened every minute plz guys fix 🥺
Irrelevant,sivhdtweets hes good player love him
Neutral,microsoft wins fiveyear deal cocacola supply technology business applications
Irrelevant,welcome fam
Positive,trend deleted wth govt pakistan
Positive,odyssey hades underworld setting mythology there’s absolutely nothing wrong that🤷 forever
Irrelevant,m got teamed different bengalis pubg started talking shit pakistan remained mostly silent waited pretty patiently gather end knocked grenade
Neutral,yes thanks entering grand summoners watch video see won amazon gift card retweet everyday another chance win play now free yu yu hakusho unit
Irrelevant,getting mad csgo girlfriend hitting her shots
Neutral,ill air hour playhearthstone come say hi hetchtv washinthewind old food porn links dont get much audience co qexeio
Positive,delighted see fifa supporting who fight covid want pass message kick coronavirus youtubeztlajdb
Irrelevant,thenextplatform lisa tdaytonpm fununk
Negative,freddy despise dota casey
Negative,god sitting last hours watching inter college csgo tournament dont understand shit 🥵
Positive,goosebumps half time have memories watching this wc railwaycricket clubhouse still
Irrelevant,unk two nba teams
Negative,jeff bezos should close amazon say fucking fuck ’ m rich fuck
Positive,ok now this going top cod
Neutral,dont mind waiting gta doesnt mean crunch developers way talk let go bit bullshit want send us deaths
Negative,playin fortnite creative fill nowhere knighted sed dont have permission play fortnite nitegame what fuck
Neutral,what fuck game dota happy should check twitter see trails cold steel that west holy shit cancelled
Irrelevant,looks good
Irrelevant,im glad realtokyojetz made alota y ’ aint even even peep that her really going viral video facebook rapping car window years back god who good
Negative,lost fluke shit mycareer mode smh lol thank nbak
Irrelevant,benefits using quick detail after washing car read carecoachescom benefitsofus
Neutral,dont know what happened wasnt done playing died his turn
Positive,love that home depot leadership exemplars what this quote expressing thank leading example brianrose
Positive,honestly love new season hell everyone complains map tweaked new gun charged ruins that game think gives people new opportunities different aspect people play show love fortnitegame
Negative,ecommerce giant jointly google apple facebook investigated potential evasion us antitrust rules bitlyhrysxl
Irrelevant,this single favorite story time always makes cry laughing its usually used shows videos ana sleeps its actually relatable youtubecomwatchvhkrcxg
Neutral,wow bro rlly piss baby disconecting everyone elses internet selfishnet bc cant play league legends huh
Negative,anyways ignore fortnite tweets im annoyed
Irrelevant,fact max payne lowkey rockstars best game
Neutral,made dota youtube video just like mike creators given strike cyberbullying harassing fuck youtube fuck pieces shit im moving shit im done those retards
Irrelevant,ban battlefield player pineukio has occurred see details bfdbcom player ban
Irrelevant,who wouldve imagined phil worlds biggest liar would buy toddunk worlds nd biggest liar those feather flock together
Positive,assassins creed novel odyssey one favorite games ever cuz do love ancient greece greek mythology
Neutral,niggas replaced that lame new ps game
Negative,playoverwatch years reinhardt still cant cancel charge still
Neutral,playstation release date leaked dlvritrgggbp
Neutral,just earned horrific masquerade achievement
Positive,cant fucking believe knowing played dota ever enjoyed every goddamn second
Irrelevant,its good its like really good threesome like that tweet that went u got upset something character does u punched hole wall that fiction affecting reality
Positive,this trailer just perfection
Negative,friend one mine has literally waiting hour like that this trash especially now after pushed back much
Negative,easportsfifa whats wrong server shitty what do do money get fifa points
Irrelevant,mother warned this
Positive,thanks partnership vmware nvidia aka project aurora organizations can run computeintensive applications
Negative,really wish rockstarsupport would get their shit shit together red dead redemption already game totally amazing fun play frequent disconnections booting servers larger ridiculous this high point
Positive,microsoft has great tools learning person online free series webinar microsoft tools dynamics enables teachers engage students staff improve collaboration improve quality learning details buffly kzh
Positive,nows thats terrible start having game
Negative,hello amazon india what happen what action taken order which processed delivery team will get refund
Positive,oh this also one example best things ive read new ranking system will support t teams much better before champions new young squads have chance make right regionals via open qualies many good things happening now
Positive,little screenshot ofs love reddit hu
Irrelevant,giveaway soo thankful fast site growing want thank
Neutral,johnsonjohnson paused its marketing related towards covid many its volunteers developed unexplained illnessthen this foh
Neutral,borderlands make season pass worthunk game rant tthpgu
Positive,its amazing many games cs can win mrbaconthomas actually tries
Irrelevant,iftttfufaa neil patel wastes lot money buying facebook fans has intention stopping this part episode part waste day facebook fans i’m going stop here’s neil patel neil patel new york t…
Positive,im huge fan assassins creed means im ubisoft quebec employee
Neutral,nvidia confirmed global foundries tsmc able make big enough stamp nvidia picwikipediaorg kxtiptnyl
Neutral,raqula did best timed bombing ever could cluster game diamond
Negative,just discovered yourself bree serif font google docs will never use another font yet
Negative,ghostrecon ghostrecon uk pvp server doesnt work nobody can connect pls delete scope drones theyre useless und block syrings
Irrelevant,realdonaldtrumpanother failure
Irrelevant,im even normally part reddit community this shit callofduty stream soooo interesting
Positive,great internal servers simultaneously playing cl u quals pro league d guess rainbowgame rubberbanding cant reload
Positive,cant wait brother get ps simply wont have listen fan his ps anymore
Irrelevant,relaxing sleep song stress reduction music spa sleep music meditation study zen relaxbodyofficial picbewswnc
Negative,джангану новая карта на сайте
Neutral,sorry like lilian voss playingcard illustration
Positive,love imagining star character wars men like “ right lads have just finished filming star wars lemme just say whack this bad boy microsoft powerpoint transitions ’ wa re good let go ”
Neutral,godfall itself actually pretty interesting
Negative,can get battlefield remastered please also battlefield badunk
Negative,unk youtubegjwctybmk yo ubisoft guy really got working
Neutral,just earned honorable kills achievement
Neutral,grand theft auto hijacked entertainment industry thepoliticalwarroomcom howgrandthef jjrgouy
Positive,stupid excuse troll leagueoflegends game has city never ganked unless permapush town riven teemo can anyone gank oddly enough these type problems usually toplaners
Irrelevant,gg damn well played
Positive,» this just important good news like mention post important part doing steps forward that taken studios developers « should doubt that
Positive,problem week playing ys fairy tail even assassins creed odyssey load forza have connectors completely modem has reset myself wtf shit
Positive,hahaha this cute
Positive,boooyyyyyy cant wait
Positive,really miss highmountain feels like grizzly hills mulgore have had baby
Irrelevant,couldnt make day mt madrid despite getting tremendous amount constructive feedback friends everyone hearthstone team truly disappointed myself againm sorry
Negative,shit update cant use obs nvidia shadow play even discord tf csgo even community servers having problems bro
Irrelevant,best mercys overwatch niandra stealthishere doesnt change mind
Irrelevant,love kinda don’t even need mention georgia tennant ask this something google dies blogging twitter often
Positive,unitedhayze have efforts noticed way borderlands coop would amazing picfacebookcom vcgncpmavu
Negative,thank god who still buys these things
Irrelevant,see studio trigger get excited
Negative,microsoft boys unfortunately won war didnt know that seeney supported bts its joke case brain dead
Positive,thank u amazon
Positive,samsung that full homeworks away ps samsung that play fort have want psycho will get paid borderlands overwatch s psycho awesome
Negative,people dissing this imo this great ea matches quality icon free
Negative,dude nba k looks strange
Positive,watching latest trailer assassins creed valhalla im excited this game cant wait th imagine someone who lost his shit found that eivor could female
Neutral,johnson johnson now stops making talc baby powder chicago california sun times
Neutral,attempted carjacking home depot clevelands west side clevelandcom att
Positive,yooooo this testing this paper tonight
Negative,reasons like should ignore views metric google business insights sterling hot sky inc sterlingsky ca s google best busi http …
Positive,loving update
Negative,dammmmmmmn
Irrelevant,this ranked has broken months this shit game
Negative,playapex guys have zero humans customer support best friends account basically clearly hacked purpose aimbotting hacking game just sent lottery tickets short never got proper human response has proof good guys wont even dare look have supported losing game practically since day
Positive,damn borderlands remaster played game ps throughout followed modern warfare one piece world seeker this even dire looking numbers switch pictwittercomxookfjiej
Negative,eamaddennfl ratings suck
Irrelevant,girl what information google conspiracies references interviews foxy literally denying this
Negative,police bad guy om grand theft auto ex david
Positive,jojobinxyates this kinda cool stuff
Neutral,red death redemption nd
Neutral,check full video
Irrelevant,yes love world
Positive,congrats joke finally know that its year skillful runningdefense belts wrapped this season anyone swore game gon closer this tbh hey least wasnt lmao
Negative,like even single game nvidias dsr doesnt make ui janky af
Neutral,verizon love that
Positive,perks ooo
Negative,people do also care unk
Neutral,exactly
Positive,really enjoy streaming these fun storybased games this one exception ash
Irrelevant,this overwatch event century who worried picfacebookcom boqeblss
Negative,n rhandlerr facebook account hacked phone number facebook id praveen boobesh hacker change password gmail id have facebook id screenshot pictwittercomndrjmvhh
Positive,love fortnite pictwittercom bzayhscm
Positive,have words this masterpiece rockstargames rockstarsupport always perfect its work ending emotional jamartsons death that just love play picwikipediacom yjhtkdbsv
Neutral,attacked manufacturer nvidia amd releases rx series video graphics cards usually lower prices tnewspro retrieved com page att x …
Irrelevant,epic players
Positive,multiple nvidia gtx tis closing day ebay now definitely best seller graphics card market
Positive,just watching
Positive,scariest bomb history replaysfirestoneappcom reviewid bf
Positive,just gonna keep firing aim assist jump steel boxes drumgun absolute amazing pure skill show
Negative,riotgames leagueoflegends wtf hes proud fucking asshole allow this ban this idiot really fuck riotgames knows wont punished bc that shitty ypur game have that pictwittercomebsghroo
Negative,fix god damn servers neanderthals cfduty
Neutral,im consistently getting top candidates
Neutral,amazon just accidentally pressed cancellation option order that due ship today can help meant press this option
Positive,had network issues im back still killing everything twitchtvdeitysflight smallstreamersr borderlands
Neutral,could get unk
Negative,nk yall need yall ass beat friends this terrible ass game
Neutral,black kill streak first game black ops cold war dumb brag still quite well enjoying
Positive,help this awesome csgo adventure theempire wnnrrhdx
Neutral,going google photos seen kid one people thought couldnt live without first god thank deliverance
Neutral,just deserved deepwind gorge perfect
Positive,m feels diffrent day store playstation com
Neutral,ps video leaked ps devkit xhardhempusnet topic v
Neutral,damn heart
Negative,literally dictionary
Positive,assassin’s “ sounds pretty cool actually
Neutral,red dead redemption part rockstargames
Negative,eamaddennfl do always get packs cant find em anywhere
Positive,just played pubg someone yang cantik her cute sabahan accent i’m sooo happy rite now
Negative,playhearthstone servers working keep kicking friends allday long mention matches could play standard ranked matches around row priests their broken reborn deck cant just coincidence
Positive,this looks pretty dope xbox
Irrelevant,helping bro decided give okamicaln something special cool dude just lovely friend hang stay awesome man gta iv playboy xs penthouse opendlabcomproject
Positive,trailer dropping around hour minutes cant said
Negative,homedepot will hear back lost item along order has month since supposed arrive now ups has marked already lost however order status still says arriving aug rd ve tried calling faqs theres s nowhere get immediate answer now this
Irrelevant,nigeria national team has individually ranked th best team world rd africa latest fifa world cup rankings unk its s historic first consecutive time team has made top since may kano nigeria instagram com p cfpzvtonab …
Negative,favourite gun mw
Irrelevant,another project done dusted check csgo installation
Neutral,bunch fanart illustrations
Irrelevant,this dude trying hard roll corner practically entire market esports casting hes wicked cool guy let go watch him
Positive,what beautiful smooth flight ride
Positive,long amazon apple microsoft freex tesla though stock odd neutral fb short google intel
Negative,citizens would pleased anygs good performance instead giving us what pay launch g cities push us back back queue
Neutral,onesearch verizon media’s new advertising engine sounds remarkably familiar iftttgdwqj
Irrelevant,mental torture that video game goes
Irrelevant,nasty jump saga onplaystationcom
Positive,first played top got wave happiness which brings back
Negative,fortnite challenges ugly sniper rifle dmg explosive dmg hate
Neutral,miss wasting that money this lol
Negative,ghostrecon ubisoftsupport please fix ghost recon breakpoint goes team building comes error happening continuously last hrs
Negative,dotaupdates dota matchmaking suck much bad unsure difficult big brainers someone sort bellyco s hell big even enough solid brain power
Irrelevant,top diverse books mind brass beautiful american party girl love latin z drum stone rock final mentions koc eog tag hearthstoned starshynebrite nikkireadsbooks bookanishgirl
Irrelevant,matttaylorvii terrible time xbox fan
Neutral,windows does just automatically update windows operating system also automatically updates hardware drivers
Neutral,let even us cancel jump drive thrown together will cry tears supreme joy
Neutral,grandpa wall clock makes great addition decor living room vmarketingsiteinfo pendulumdecor
Negative,hentok us deal starting look like this fake ad verizonchipotleexxon parks rec youtube xfkogtgmo via youtube
Negative,suing taylor johnson cause grandma died ovarian cancer always put baby powder us
Neutral,johnson johnson stops selling whole talc based baby powder old u s south canada dlvr http rxqn
Negative,imagine its shame beluba ronalk nbak storeplaystationcom
Negative,mfs think im fool say this shit
Negative,hate drastic direction microsoft still taking this their open windows s business which one that can install free apps microsoft steam store windows microsoft
Negative,honestly stupid simple this
Positive,microsoft corporation msft surprised market its fourthquarter results morgan stanley changed its rating outperformance microsoft corp msft reported jump net income
Negative,morning saw hashtag morning thought “oh lord what’s blizzard done now”
Negative,flying fuck comes vaccines patent even ready within weeks done t even trust johnson johnson
Negative,wow lodout now grand hell infinityward activision looks like microtransaction non stop guess handfull pro games hate causal playes get loadout makes harder lol wine cheese childern truth what needs removed vehicle its bs pictwittercomxaoxjwfvc
Irrelevant,y’all got glow dark spongebob bandaids multiple flesh tonesfor years that’s fucked
Positive,platinum trophy going back finishing plats really cool moments single player campaign couple annoying codex entries overall enjoyed time
Negative,dont trust johnson johnson tho lied baby powder causing cancer
Negative,cod black ops cold war sorry mechanics game really shite feels like i’m playing really old game 🤣 🤦 ‍
Negative,lied
Positive,weeks man less
Irrelevant,latest edition canofworms bookshop daily business paper li canofworms club boo … thanks this gutterbookshop wstonesdurham borderlandssf
Neutral,one year ago made this one its still one favorite fan edits ive made far remember well long took back get done
Irrelevant,hentwitch go team happy hen house
Neutral,red dead redemption
Positive,celebrating year home depot katie paint michael plumbing glad
Neutral,red dead redeeming rockstargames
Irrelevant,mentally inept young players youtubecomwatchvrcizl…
Neutral,fall
Positive,music played this small snippet cold war black ops campaign actually really good fits mood that begins
Irrelevant,start smacking violent white males
Positive,nice nk nice picwikipediaorg kopoojaa
Positive,honestly im excited borderlands collection
Negative,collateral revolver satisfyingunk youtubequorghbm
Negative,holy crap desantis idiot thought kemp bad like twins who share brain
Irrelevant,john legere his old tricks mocking verizon social media techdsmenderscomjohnlegereis…
Negative,alright ubisoftsupport ghostrecon what hell breakpoint oo friggin crashing later day working bit crashing ubisoft support during hours friggin work cant contact oo
Irrelevant,will screaming “ hello ’ s ricky jon champion co host commentator jim “ bradley dey fuck
Negative,done t go soft austinekeler do chargers players dirty every year slayer getting seriously robbed today yrs really dont even have keenanallen top route running
Irrelevant,bigwigs who malls la gta need security held personally accountable making certain things unbearable like rotten air air circulation that wonno t good especially especially theres full pandemic going round
Neutral,ps video leaked ps devkit xhardhempusnet topic psv
Neutral,hulk storeplaystationcom
Negative,those who upset
Irrelevant,just break kill record team rumble
Neutral,watched hunters amazon prime saul rubinek carol kane dont get emmy nominations their performances theres justice al pacino great ever
Positive,whole epic store hahahah gta level v has killed
Irrelevant,just realized trying piss him actually gave money shaking cryign rn
Irrelevant,pubgmobilein unk provided mail id password someone else used opening pubg address id someone has used hack cheating please unben id now onwards will mistakemy pubg mobile id please help pubg
Positive,just hit level overwatch know im late party usual goddamn enjoy this game pictwittercomtmjsvasdvc
Irrelevant,happy th july people cfduty enjoy fireworks
Negative,after much thought have decided buying cyberpunkgame
Negative,soim amazon prime videos version
Irrelevant,years later queen pop blessed us original iconic single music it’s britney bitch gimme mord first lead single bible pop fun fact song featured gta radio
Irrelevant,⁴ ban battlefield rage player tatuaje su fausto has occurred using see details bfdb com player ban …
Negative,eamaddennfl do manage make game bad
Positive,ibm i’m pumped tonight’s stream gonna do work overwatch comp come bear witness domination pictwittercomqfoakidgul
Positive,pubg mobile powerpubg battery newestearning recreation this day newsforhinducompubgmobileea
Irrelevant,another day without playing overwatch computer computer dumb like that
Irrelevant,neph sooooo mad die earth
Negative,completely miss playing game online gta confusing asf play
Irrelevant,responding internet child yahoo do allow hateful potus
Negative,ronniek ldk beluba nbak need answers charge swaying man clearly flopped have even touched guy this game broken that late fix this
Neutral,used voice changer last night pretended girl csgo match now dms flooded xd
Negative,nbak this shoot garbage smh what did everyone think
Negative,pubg account has hacked someone plz help id account linked facebook now trying log its showing unable log
Neutral,this latest hiding place abused king canyon apex legends read gestyycom wqml
Negative,better had bots who came screw stocks nearly years nvidia
Positive,can women starting working stores like lowe’s home depot i’m tired old men thinking don’t know what screw
Negative,borderlands can get big fix please ive reset entire factory deleted system every time play borderlands build farm crashes
Neutral,yes pretty pretty violent dammit love this franchise this looks exciting
Neutral,best verizon internet plans near raleigh techfanscoukthebestveriz
Positive,love lovecraftian inspiration im coming back
Positive,cant wait d im saving money
Positive,just found that since start lockdown twitch channel has had views genuinely blown away big thank everyone support see today fifa rewards totssf packs twitchtviainstirling
Positive,battlefield revamped cant wait hit noshar channels another years pictwittercom polwvaf
Negative,verizon doesnt think like her box ordered new cell call phone mine number still messed way continued send messages original cell number that good order
Negative,atviassist hello bought bonus cp € call duty man didnt get cod points usually do bought via pypal deducted money still cod points check transaction history shows that payment completed hours
Irrelevant,« thanks tomorrow saturdaykitchen caitlinmoran ever kids joy brilliant book should ever
Irrelevant,lost this memory card got her make undead warlock world warcraft unfortunately shortly after her death mother raised player played him well miss mom love
Neutral,buck gets excited hearthstone
Negative,playin fortnite creative fill rn house kicked sed rum dont have permison play fortnite fortnitegame what fuck
Irrelevant,join stuff things right get get almost physical get almost physical make sure follow jpswitchmania hagensalley hawkhellfire look awesome content
Neutral,house democrats let facebook amazon alphabet apple provide ‘monopoly � recommend big changes cnbcxgfvxq
Irrelevant,im drop work this guy wont stop talking cyberpunk bitch ur worried name future
Positive,good year games doom overwatch battlefield watchdogs dark souls unknown uncharted worlds old dishonored worlds super super hot hit man psvr launches tier year
Neutral,painful stressful stressful
Negative,eamaddennfl k reviews clowns disrespected him going
Irrelevant,cant wait cum player gamertag ‘jamescharles’
Neutral,come meet wonderful ceddy
Irrelevant,live now rhandlerr rhandlerr rhandlerr rhandlerr twitchtvwinniedapoohhh twitchtvvantooren twitchtvjulianjanganoo twitchtvsquezy show love
Negative,sa avoid this means please do buy
Negative,clip before left game can see that would let fully load game which thing that would happen would restart cipi which interrupted finished game ubisoft rainbowgame tco ztdlrmfnd
Positive,that love swag full ace couple seconds chek streams twitchtvgorx live everynights
Irrelevant,this plot twist that tiktok interesting rabois
Neutral,don’t worry that didn’t see clue pistol it’s safe say i’m lousy content creator rather good player
Irrelevant,ups bad place wen ups cust reps decided xmy last nov wen ur reps wont do something oid disaster ur rand integrity called n question trust means lot months invalid pension
Neutral,handheld border devices handheld borderands switch gamers drill lose moy goddam marbles picnetcom lluhwyxb
Positive,good feeling back kings canyon please make stay playapex
Positive,fifa surges top charts this week million players playing first hours nintendo occupies five places top star wars squadrons holds onto position second week row bitly jmuwq tco bwiubmawh
Positive,know this perfect time sit home make music honestly did during quarantine play maple history league legends
Neutral,unk johnson stopped covid vaccine trials due unexplained defects cattle nasiveinjohnsonjohnso
Positive,its like ok games fun now do fuck
Negative,v crazy audio immersion new call duty pictwittercomvftljljcp
Positive,love call duty infinite warfare
Neutral,wcuofpa hi johnson johnson has amazing opening position ‘summer optometry internship check information biginternshipscomjohnsonjohnso…
Negative,researchers disclosed flaws amazon alexa that could allow attackers access personal data install skills echo devices
Neutral,side mission cutscene major storyline spoilers this awesome really hope next assassins creed title features full campaign coop mode like ghostrecon games these games would much fun player online coop assassinscreed
Irrelevant,best luke youll come back even stronger which actually pretty scary thought really honest much harder love glavecsgo
Positive,steven guilfoil covers nvidias business lines numbers prospects nvda graphics trade name
Negative,warcraft releasing pre release patch before wider na eu unfair
Negative,say its its bad thing
Positive,dont know whats happening this trailer bad
Negative,ghostrecon uk unable play cannot select character start screen curser has removed
Irrelevant,smh this aint toasty unless liquid cooled this expected temps notebookchecknetplaystation…
Positive,amazing
Positive,hey check borderlands fun new dlc psycho krieg goblin fustercluck happy able work this part gearbox family one super proud
Negative,please hear us hi google noticed that weareoneexo
Positive,best bit luck
Negative,this point dota community still exists mass frustration complaints really due pandemic lets make clear nintendo has abandoned this game andor let community create their years now
Negative,k fun nbak
Positive,just watching playhearthstone run street board tram bold card game use public transit its humbling see
Negative,blizzardcseu en logical reason heart stone broken does nothing neither dalaran
Negative,google wont want see thank take control get angry level dont play three free star
Irrelevant,best perfect way protect planet samsung galaxy note buff ly zkjihu
Negative,anyone else having troubles logging
Neutral,dragon mascot logo inspired hearthstone character commissioned great natewolfetcg great thanks every feedback gave during process thank therottedzombie recommending him
Irrelevant,requires loser announce these firings twitter instead having balls say face face
Positive,xbox’s controller looks way much better i’m sucker playstation 🤷 ‍
Irrelevant,turned max average match rating ⃣ goals ⃣ assist bad month defender 🤔 go vote philipp max bundesliga potm ea sports fifa bitlyqywxaj
Negative,chinese apps included le pubg users reallyswara pictwittercom edzbixtn
Irrelevant,rainbowgame mute event streamed home — i’m honestly impressed
Positive,nice ive always wanted keep genitals
Positive,that want thank
Positive,hate new trailer assassins creed love real feel perfectly cool having raven shell falcon mebessrncwxals
Neutral,golden tcw natural beautiful amethyst leaf circle gem dvg amazoncomdpbwgqys… via amazon
Irrelevant,just know jisoo happy pubg collaboration 🥺
Neutral,brrrrrrrrrrg sound fireworks
Neutral,isaiahthomas another guy ronniek nbak myteam nbak points this time drop sim people who have collected cards pictwittercom hnngxvdmcr
Positive,end that game made burst tears yearold
Positive,italkfortnite just bought borderlands epicgames using creator code can’t wait use skin
Irrelevant,falconeer path gameplay file pressakeytubeunk generations poisonous decisions treason swirl deep factions collide
Neutral,scottwapnercnbc noticed fan truth reformedbroker got unk
Irrelevant,new solution league player hamzaqattan has emerged see note bfdbcomplayerban
Positive,looking good note maker work d modeling animation video editing iunk chance get nvidia maxq design it’s awesome cheap even optimised designers playing heavy gpu k view confortable working weeks straight time it’s
Neutral,eljeeeey thanks entering grand summoners watch video see won amazon gift cards … retweet everyday another video win play gs global now free golden magic unit
Positive,half brother got little red dead redemption his free video xbox thing done lets play time times time ive drawing characters may really like johns design though mainly … instagram com p cakekqoe …
Neutral,tales behind borderlands swaggiedeals com www product tales …
Neutral,unable play pubg student kills himself west bengal reports times india bitttbzprnw
Positive,banner dotaguild winter wyvern phoenix offlane best pictwittercomiikbruqd
Negative,yooooooo ps design looks slick makes xbox look like boring pc box
Irrelevant,destroy cargo gta you’re full fat dirty bitch
Negative,hello yeah
Positive,can ’ t lie console unk
Negative,june facebook coward
Negative,f ck didnt make sc google washington dc google news page last update hours ago refreshed now its hours ago theyre really deleting everything im scared
Negative,obviously guys much better vr reality insanity forget championship win games that much ask
Neutral,unk this review jackson co google app googlmapsqpyvkm experienced center will trust affordable friendly city staff excellent service
Positive,remote working increase cloudbased data boosting cyberattacks today sees rollout another verizon business data breach investigations report which shows that network security even important bititrxfdk exetlos
Positive,now i’m hooked red dead redemption
Neutral,poison poppy moonlight recipe search
Negative,xbox one servers did get hacked
Neutral,lot bit bit scary even really real little dink fearrts mightyrts gfxcoach flyrts blazedrts promotegamers also rainbowgame dementedrts
Neutral,johnson johnson blames fda baby powder asbestos scare rouutcomjoh…
Positive,better feeling killing person who killed gta
Negative,professional clubs botch shirts
Negative,gonna complain often much think pubg bad
Positive,dont like undertale rather prefer this call duty im anonymous yo fuck these players dat shitty fucking game
Neutral,shark
Neutral,article volunteers suffer serious reactions johnson johnson ’ s thevaccinereaction ca org vol …
Positive,southoftheix saw flight across abc u know im go play gta v sudden came across that spoti got like im wowabout hours now b will b week game bball progresses near future hole will ever
Positive,just want say that pretty jack collection available free borderlands week epic gaming shop should stored way that pc players get this shit
Neutral,much draenor flying
Neutral,lowes
Positive,heres montage rescuing teammate spreadlovehxly times day
Neutral,coffee stop time this red dead horror redemption episode youtube com watch v lrdfvb …
Neutral,yay it’s friday have great day every🥰 live stream uk time link story bio
Irrelevant,zifa danger struck fifas shareholder register football freedients trendsblogdadycom zifadangersb
Irrelevant,would cool win this wouldnt even find funny just looks cool
Positive,microsoft excel considered advanced accessible spreadsheet application world hundreds features incredible features regular updates learning excel definitely worth time tips becoming excel sohebwarekeepcom helpcenter
Positive,this insane makes want upgrade gpu
Positive,kit kat fifas gian villante quarantine animal
Negative,menu committee this year atrocious eamaddennfl
Positive,first red dead redemption ending got feels what masterpiece rockstargames
Neutral,i’m like girls i’m overweight wear baggy clothing watch anime play call duty drink coffee don’t wear contacts have dick n’ balls
Neutral,one best moments
Irrelevant,please lemme win xbox gang forever i’m rocking old bulky heavy matte one shel could go day now xbox xboxsupport unk h
Negative,v ban pubg mobile suddenly realise youll have employ million people pictwittercomcxpxwbmf
Neutral,microsoft exec brad fixes this huge bug surgeons inc
Negative,otherslets move black codfree fire mefuck rocks s gold🤪
Irrelevant,that made laugh damn hard
Negative,fuck has ea made stamina fifa bad cant play minutes game great side without players stamina dropping that slow fast stupid idea turn that game stamina vital seriously this needs sorted asap
Positive,havent played fifa weeks god its looking like its gonna best friend next weeks
Positive,charitymiles alzassociation thanks verizon sponsoring charitymilesorgverizon
Negative,playhearthstone notes that can preorder th phones have removed mobile store store wont boot
Negative,god what fuck ubisoft original ice creed please
Negative,now have received main what have acceived coin trade what have received coin trade what have received coin trade what have received coin trade what have received coin trade have received year
Irrelevant,stupid bruh
Irrelevant,jumping joy this fellas
Neutral,think youre still diamond hard yet
Neutral,internship spotlight
Positive,yo wtf wells actually really fun
Neutral,yes it’s pretty violent dammit hbo love this franchise this looks explosive
Negative,shucks
Positive,preordered eamaddennfl playstation can’t wait
Positive,cant now
Irrelevant,bullying pilots epic tank shots battlefield gameplay youtube sg rahuife
Positive,im race xbox series x thanks billz achievementland chindocta realgamerscore gleamio pcfsn thereal
Irrelevant,this great idea since now espn has nothing really going report show
Irrelevant,love this channel funny
Positive,popular google search last hour manuel ellis skai jackson jake fromm text breonna taylor buffalo police
Negative,lets hope treyarch does something eliminate racist hateful language black ops cold war infinityward doesnt seem care
Neutral,csgo does pov sometimes turn bump mine throw look away pictwittercom tlclzcep
Neutral,hi friends today ’ s blades heartbreak grief sorrow guilt overwhelming disappointment bad sometimes sad hot news bitter jealousy poor communication today that time truly heals wounds let stand unofficialwowtarot com
Positive,soon can finally see melee just ice leffen do compete lul also working days month lately fight hour working days still proud have managed become immortal dota
Negative,rainbowgame hey lower ranked main lobbys pingunk everyone kicked except buddy mine cancelled tournament do have bans lately what do
Positive,this entertaining
Irrelevant,rt twitch itshafu half decade turns later well youre still killing wow hearthstone tft proud also continue part part creative journey omgparty omgyay
Neutral,nvidia gives foru despite coronavirus cdrinfocom d content n co utmxgwcif
Negative,use human life
Negative,fuck
Neutral,arcstar storeplaystationcom
Positive,v excited ragnarok couldn’t tell
Neutral,indiana has become attractive option companies looking around world site host their business
Negative,updating overwatch
Positive,going facebook contact com peighost video video …
Neutral,husband hates much one minute see tiktoks minute home depot
Negative,unk almost backpacks handles floaty even lightweight vests hopefully talk fixing this near future also would like make those types vests allows arms attached back vest
Positive,eamaddennfl now looks good
Positive,shoutout ubisoft having sale playstation store finally picked ac origins really excited get back assassins creed anticipation
Irrelevant,people have lost their minds desire die desire die
Neutral,those say
Irrelevant,lol lol just ruined someones day facebook lol facebookcom…
Irrelevant,overwatchleague
Irrelevant,guys playing overwatch last night two people team arguing asked could stop could try win one added tell screeching mic¿ literally don’t think i’ve ever spoken softly did life
Neutral,shout brother coconutbrah probably spending hours custom games now
Negative,cfduty cfdutyuk first need release external hard drive their games its funny do now need find game
Neutral,dumbass outfit made gta lol tan joggers black duffel bag pictwittercompforzcur
Negative,first run ale wasnt smooth
Positive,idfckathy thank u getting together ps
Neutral,ps preorders amazon damn joke ill still preorder its available gnashing teeth
Positive,jeffflunk
Positive,whew widowmaker lately has 🥵
Positive,evil dead redemption one that those best damn games ive ever played period
Positive,great weekend stream lots followers chatters lot new wins mine has lot much fun lately ill coming friday videos tomorrow friday youtube unk
Neutral,schedule next days holiday sunday monday will hearthstone stream tuesday wow mount farming wednesday will anniversary fest really loving festival lately just hanging everyone
Irrelevant,just saw car confederate flag roof like think white supremacy racism
Negative,gb patch yet one reason this current � service” trend simply inevitable
Negative,johnson johnson suspending clinical trial unexplained illness which means online enrollment system has closed patient clinical trial who could have seen that coming beingeyedolls
Irrelevant,destroy cargo gta youre big fat dirty bitch
Irrelevant,cat asshole grandma debuted screen todays microsoft team meeting
Positive,best international news week
Positive,beloved main character world warcraft miss u little villain pictwittercom mndyvaosob
Irrelevant,must stop this propaganda
Irrelevant,love seeing cool stuff real people do
Negative,help ubisoft ubisoft ubisoft support rainbowgame consular clip youre stuck air cant move happened twice tm
Positive,eamaddennfl love mvp
Neutral,this hulk web store playstation com
Positive,playoverwatch does like way bring back pink mercy andor atlantic mercy id honestly pay good fortune those skins ik started since september v beautiful
Positive,nice know that eyelashes still work
Neutral,acer nitro intel corei th gen x nvidia gb price
Positive,preordered
Negative,would ’ ve kicked lowest ranked match twice well past minutes rainbowgame something wrong server
Neutral,looting loot loot looted borderlands fechtv teegan
Negative,eamaddennfl guys had audacity ask connection after got lagged 🥴🥴🥴🥴🥴🥴🥴
Positive,subscription warcraft has just ended its exp month bonus im sad cant buy another month
Positive,battlefield remastered rebooted battlefield omg that will cool one day
Neutral,source behind xbox series xs leaks has now revealed pressstartcomaunewsxbox…
Positive,bloody great console great cause
Irrelevant,congratulations result even picwikipediaorg dacademydqmr
Positive,lillypad do right thing stop using pointless cruel compulsory test which has criticised banned dozen major pharmaceutical companies including johnson johnson bayer roche glaxosmithkline
Irrelevant,gorgeous hilarious girlfriend streaming overwatch rn go visit her blessed
Negative,months reports homelessness covide breakthroughs grotto home depot walmart fact hoax wake
Negative,’ ll never understand small people might enjoy overwatch
Negative,microsoft publisher just broke microsoft pc
Positive,storyline games red dead redemption perhaps best ever damn attention detail mad
Positive,cant wait fifa game come
Negative,nk please change its loss cant handle its loss
Neutral,im selling xbox one x special edition red dead redemption settle bill hit youre interested ill weed trolls dont worry do ill have time waste pictwittercom hsfgsig
Neutral,sfl league legends fallationfl
Positive,thank waqar bhai go unbanned
Neutral,getting iron man obviously thor next honestly black widow has impressed
Negative,fedexhelp can plz check status awb ficciindia updating status shipment problem microsoft its shipment
Neutral,welp “fuck you” news someone saw complain facebook covid procedures university sent assoc vice provost dean students office university said avp emailed regard post say i’m angry would vast understatement
Positive,now this another poggers moment
Positive,v teamers always willing step crisis kathi m helping sewing masks covid relief efforts “being able work project that uses skill passion has blessing” learn volunteering verizon now
Positive,chose best song during neworder
Positive,hahaha this fun
Neutral,arriving iron man course thor next one honestly black widow impressed
Positive,another video gaming machine throwback enjoyed tom clancyd s regular ghost recon before drinking lactose intollerant
Positive,usually expect better service online like next day delivery unk
Negative,easportsfifa ’ ve bought fifa points have reportedly yet added account money has taken straight account
Positive,beautiful
Positive,home depot gets …
Positive,hatrick btw fifa totw gonna lit
Negative,please stop
Positive,congratulations sandy years home depot homer award serving customers blkubes gregfoley thd pictwittercom kwelxpggxu
Positive,movie will wipe slate clean start scratch cry loads joy ive wanted sequel badly perhaps first that little muddled formed great jumping platform pact darkness eventually blade chaos
Negative,sexual tension verizon t
Neutral,japanese ps xbox series xbox x versions featured will costly nme per com news gaming ne …
Negative,superbly thank
Neutral,running away
Positive,thekatiewilson had much fun playing overwatch swift good that wrote ig otherwise wouldnt have known also won games played together which amazing picfacebookcom pobbgc
Irrelevant,double ban ukrainian battlefield force player hamzaqattan khan has occurred see details bfdb com international player ban …
Positive,cannot wait
Negative,ghostrecon whats wrong this picfm demjcic
Negative,rainbowgame tips getting black ice level still dont have
Neutral,three wins three far today quick comfy win mage pretty close run things warrior hunter gym rank three mission grab rank this thursday
Irrelevant,it’s easy squad wipe case after platinum tier ace hard squad wipethis fights evil thequeenbeey bossprince onlyystormy esomchi maniacrus p tsmentjonathan t j harliamin h pubgmobile jonathanpubg
Neutral,tricia b recruiter verizon proud volunteer work her husband edward marine vet doing his local food bank patricia another food bank team helped feed families thanks part
Neutral,microsoft releases new outlook desktop fix thevergecom
Neutral,crap sharing notes recently heres guide wrote write final boss
Neutral,heard people having issues ordering their nvidia gpus rtx arriving tomorrow just thought id rub that pictwittercomcbiymbva
Neutral,its big
Negative,had planning streaming today breakpoint crashes single time load can ghostrecon ubisoftsupport look this please
Irrelevant,can u always just sit tweet negative shit like this day god its s even just league stuff tweet nothing shit mostly negatively well
Neutral,also tryna start competitive mode csgo got take leave session didn’t jump what heck
Neutral,watched brother play league rly like wig guy
Negative,digital foundry mostdef full shit borderlands pc system requirements recommended considerably pc hardware garbage years
Negative,fuck pictwittercomwavbacrj
Positive,unpopular opinion fortnite something like best game have ever played almost have impression that invented person who lives alone
Positive,seeing gta timeline really want play red dead redeeming this game essentially wanted gta game historical setting heavy moral themes presented amazing storyline great characters amazing world building
Negative,ghostrecon uk friend pass available uk playstation store someone needs fix this
Positive,eli roth making comic based said game bitlywvkhm
Neutral,now have working wall jumping training finally starting pay still have long way this first time wall jumping has helped win fight
Neutral,anyone that plays bad luck albatross deck hearthstone literal cop fucking fun police pictwittercomjytrqe
Negative,fortnite unplayable min seconds youtubelhtmmhlrtr
Neutral,antiwar undertone ghost tsushima red dead redemption youtube zlvswvvenc
Negative,borderlands trash also lowkey lit just big its easy
Neutral,battlefield do wonder that half earth successful release unfinished game d make game bf trust that might wonderful
Irrelevant,rhandlerr rhandlerr rhandlerr respected sirmy pubg account ban th jailbreaking data error have never use cheats hacks always play fair game character id ign namemanishplease give account back thank sir pictwittercomnrdtre
Negative,sony music preorders fearing
Neutral,virtus pro far top dota team cis right now dotesportscomdotanewsvi…
Irrelevant,head shot head wrecked
Neutral,panic microsoft panic youtube panic facebook this really election do evil tech overlords want death die tech interests afraid cant win intellectual movement
Negative,liveaction film borderlands just really long commercial advertisement borderlands game
Irrelevant,ban battlefield player wolfman hd yt has occurred see details bfdbcom player ban
Irrelevant,ban has imposed battlefield player fakeanchorman see details bfdbcom player ban
Negative,alexios kassandra that game hot fucking trash
Neutral,red dead redemption london leaks pictwittercomnagfdkjf
Negative,what fuck
Positive,unk pack bundle seems like good deal
Negative,gta rpunk trash one wanted help
Negative,bf modern era bad boy back dice ea have work this next game far im knowledge bfv still gonna get anymore friends think understand theyve already done their losses
Negative,fuuuuck
Neutral,world warcraft attacked gerers who demand plot changes due racist youtube ajuvoszk
Irrelevant,battlefield player devvo cc has banned see details bfdbcom player ban
Irrelevant,aoc make ignorant comments go wi can meet
Positive,ogling immersive highquality hope ubisofts artists proud really should this urban environment absolutely nailed did spectacular job wilderness
Irrelevant,kids crazy
Positive,amazing stream wins failures csgo had won course would have disappeared longer wrist feels broken cant wait grind pay
Irrelevant,it’s now years since beta tester xbox live it’s amazing watch online gaming grow that time along innovation live has brought industry great memories looking forward many nextgen
Irrelevant,this shit annoyingggg ’ m walking target yesterday radio still paying getting shit together white girl walk past little omg girls playing that song that love ‘ really that bullshit ’ song old ass song that playing hours after disconnected stfu girl
Negative,fucking imbaunk demon hunter
Positive,profoundly disappointing this
Positive,omg finally broke superlong hearthstone losing street went lunch time games yay
Neutral,praise shame facebook mockpaperscissorscompra…
Neutral,punk postponed december dbltapcom posts cyberpun
Irrelevant,going make video drama second season honestly negativity worth want talk angry people would recommend borderlands reddit careful its like going dark zone division
Negative,fuck these hoes forreal
Neutral,red dead redemption online streamlabscomwarrenarroyoh…
Negative,ecommerce giant investigated along google apple facebook possible violations us antitrust laws bitly hrysxl
Negative,live ghostrecon game still running this fact frustrating that continue launch updates this software problems sort already
Negative,im done bro stuff got corrupt im downloading game updates now ksupport nk ronk
Positive,individually colored borders this skin line looks dope af wow
Positive,literally just thinking warcraft reforged coming saw came today im lucky time contract coronavirus
Positive,good see that microsoft will release xbox series x gaming console japan
Positive,lego harry potter years mille lacs leonard kawhi ivan rakitic chilton dan glazer jeff carter julio garcia algemarin l borderlands ill always love loveokstore bestonlinesh tco aphthdzt
Positive,sync shot great eliminating little guys good standard kill players minutes challenges
Irrelevant,seeing maniaccsgo tv pimpcsgo analyst side desk video great plz will do this blastpremier
Neutral,wife busy phone her mom thought would play
Positive,borderlands loving love love love unique tentacle introduced
Irrelevant,suddenly feel like ’ ″ m genuinely person would liked that live virtual action movie years years ago looking witcher show this could something great different overall timeline every season keep game franchise relevant
Negative,easports eamaddennfls liberal regressive agenda includes hating christians promoting phobasexuality aka inclusion have literally suffer politics that has place madden
Positive,make made movie spirit their cinematics definitely start epic movie film that would last long ass time
Positive,will streaming this
Neutral,sketch finished piece finally killed art book block
Negative,vapexkarma had this glitch times this week sure its lot youth players just glitch its broken tho twittercomkayadunnesta…
Neutral,nvidia now now google google rival suffers body blow innetnvidiageforce
Neutral,haha always expect unexpected even menu
Neutral,zoom lawsuit accused illegally sharing user data facebook thehillcom policy technol
Neutral,adam noobtube first ranked day live now youtube touch com thespydershow views …
Irrelevant,joltzdude v joltz im big fan seeing borderlands specifically have mighty strong understanding every gun part prefix do simple even complex video can point can impart vast knowledge
Irrelevant,youtubesxrquvuxgm did vid xbox series s quite attractive
Negative,nbak y ’ need al y ’ ass beat ever releasing this terrible ass strategy game
Positive,looks amazing think will have similar gameplayfeel mw finally another black ops modern wartimes promising
Positive,mad max didn’t ever get chance order ps
Positive,cant wait buy this nigga this xbox x
Negative,rip face ks
Irrelevant,look this fucking unit i’d like lubricate his tight sockets
Positive,red dead redemption gta v
Positive,johnson johnson beats q estimates raises dividend “johnson johnson jnj stock rose pm et today investors optimistic company’s strong firstquarter results dividend hike” marketrealistcomjohnso…
Positive,overview microsoft edge windows finally releases firstclass browser via windowscentral windowscentralcom microsoftedge
Positive,friendly reminder that borderlands part s soundtrack absolute banger this song quite particular probably favorite movie gag fucking entire game youtu see nfwamb html tlui
Negative,optifine beats cyberpunk
Negative,unkunk sure feel discriminated would anyone ask i’m communicating anyone k know deaf people who plays k it’s difficult us open this mic we’re able show good know game butunk c’mon
Irrelevant,damn michael
Neutral,surprised darkness which people seem engage internet ive heard people confiding sirialexa people seemed willing share socially unacceptable thoughts google
Negative,takealot dont think rather unethical sell defective product that longer available via manufacturer windows phone dead yet have sale possibly placing payment information risk microsoft lumia lte gb single screen black takealotcommicrosoftlumi…
Positive,cyberpunk coming next mid month cant t wait
Positive,’ s s official ’ m hyped
Negative,though this great local news bit ly channel eeddn
Neutral,high elo best champions tier list league legends patch zonestreamcx p feed tco mypkkbb
Positive,love this game tilted tab nitegame
Negative,epicgamestr epicgamesbackup fortnite dog shit it’s past servers pictwittercombyypqaye
Negative,yo wtf study mindset check google answers somehow spend minutes wtf
Neutral,washington global healthcare company johnson johnson said sunday had paused its covid vaccine study one its participants had become sick tamilnaduchroniclecomjohnsonjohnso…
Positive,att customer service abominable have tossed give different reps cuz one wants take minutes help order verizon looking mighty fine right now
Positive,nice specs
Negative,ea playapex ive trying play game past weeks wont let log play
Neutral,terrified facebook moderators will forced return office next week buzzfeednewscom article ryanma
Neutral,recently took break world warcraft play remake final fantasy im really impressed ive never played original version yes im impressed far
Positive,here’s nice fun k popular town their skell port pvp map
Negative,rarely just happens its still annoying redd see epexr
Positive,hell yeah storeplaystationcom
Negative,literally okay
Negative,easportsfifa whats server shitty what do do money get fifa points
Positive,sony had fun red dead redemption tonight thanks who tuned clipstwitchtvtsunderelightr…
Positive,im honestly sure feel this im going have see things shape love borderlands ive enjoyed eli roth films also shall see
Positive,fun d versions leagueoflegends art that grew experiment im currently conducting pictwittercom dgajamw
Irrelevant,ban scheduled battlefield versus player player tyix has occurred see details via bfdb du com player ban …
Negative,damn homedepot really telling relapse like common man this shit aint cool
Irrelevant,ban komaeda every hearthstone hurling tournament ever
Neutral,facts
Positive,mortal kombat iii assassins diamond creed never fails amuse nicely stories high quality fictional cinematics
Irrelevant,many millions have bought season battle pass modern war zone personally ’ wasn s fucking sicko mode • s • • • •
Neutral,first picture year evilnomad knievel
Irrelevant,unk duty black ops actor unhappy recast across canada dlvritrfpbg
Positive,this made breakfast day
Negative,known future can please kindly add back this character skin game just like wildlands would love totally see this breakpoint
Negative,this shit
Negative,apparently microsoft buying drugs sick
Positive,ohhhh know ’ m interested
Negative,edit
Neutral,daily news briefing johnson johnson said had temporarily paused its covid loomlyebqou
Negative,well that situation sort underwhelming
Negative,johnson johnson pummeled roughly million combined punitive medicinal damages claims new middle jersey special state trial claims pharmaceutical giant knowingly sold baby formula powder containing asbestos apparently hid that contamination sweeping public reckless indifference consequences
Irrelevant,best overwatch porn sound zxxxvidsspacepphphba…
Negative,playapex ghayame number this rainbowgame simplest concept amazing game still thrives after years success
Negative,have buy studios designed get games basically sign possibly failed console
Neutral,nice share launch day nvidio playstation hardware doesnt solve problem dont racing car tiny wheels taking internet dont forget add allnew wifi npg xr bitly kjz fenco oflfdsfa
Irrelevant,cant hide storeplaystationcom
Neutral,check portfolio
Positive,rue realized it´s beautiful
Neutral,mixercomsirdoverut…
Negative,say that it’s bad thing
Negative,half fucked image arhoangel volkornsfw unk voice pixiewillow http redgifscomwatchrequired mega whitenzfileveqwxkya happy halloweenunk •
Negative,goodbye magic overwatch read nodegdnsrda
Negative,mm guess ordered recommended • nierautomata pokemon live every pokemon game general fuck plus sadly • fgo
Positive,had represent new
Irrelevant,tristat need best crowd international economy this sken
Negative,nk have just received notification that have completed daily bonus vc has added what already have
Negative,well thats aged badly quickly
Positive,dont release kobe wont buy
Neutral,gamologyus this gamology born boingboingnet yak jakeadelstein beschizza jlw frauenfelder play
Positive,best chance overwatch youtube cmqfboucg
Negative,one cares abt myteam release new park clothes e anything else except team stuff u p retard
Positive,genuinely screamed after hitting double kill twitchretweets riotgames lolesports leagueoflegends
Neutral,unkplaystationcom
Positive,much real fun streaming tonight playing fifa styldbykev getting sick like goallsss thanks everyone who stopped clips way this happened like times tonight
Positive,im good hearthstone
Positive,had work tonight think ill do mine tomorrow pictwittercom gongetovd
Negative,treatment myteam allow new parking clothing everything except team stuff u retard
Negative,eamaddennfl tonight had fix multiple dy syncs connection errors ur server
Negative,btw that wasn’t serious finished this game
Neutral,total dropping
Positive,now maybe nvidia has real time get series worth
Neutral,johnson johnson facing justice asbestos contracted baby powder call us free consultation dolmanlawcom jsonjso
Negative,best thing could’ve done
Positive,truly hope that lowe’s has done right nikolettamua especially since have exposed their horrible treatment consumers jessekiro aaronrivin
Positive,ubisoft hi ubisoft x thank introducing original assassinscreed franchise sure favorite games revelations rogue request one can next game templar loved rogue still think itx s time get across templar protagonist truly wishing thanksx
Neutral,day return ensure velfs will get hair deserve
Neutral,ranked rhandlerr twitchtvtizzinyourface
Negative,okay its way early morning yet this nonsense
Positive,just watched
Irrelevant,death tree tales gif day
Positive,back back cambria countertop sales homedepot
Irrelevant,ban battlefield player chiiroolaa has occurred see details bfdbcomplayerban…
Neutral,captain prices mission brief impression favourite mission cod modern warfare clean house activision callofduty tag call duty fan alexhouseof chemicalbrodar tundeednut
Negative,nvidia nvidiacom enus geforce shop button x series dead link
Negative,eunk tf k worse full game k unk
Neutral,just have bought good new car what great start birthday month butttt should go ahead spoil something myself little bit just start bringing meal plan verizon get paid new new phone unk ’ m thinkin yasssss
Neutral,funny gtx runs ii rtx fine cool shit shit cool shit
Positive,zelda eamaddennfl golden eye final fffi little game called uncharted waters which loved seem one that did
Negative,that man absolutely crazy actually switched turning game mins started playing fifa just finally take damned mind result finish dirty game look phone what actual fuck
Negative,lady duty always got fuckin update
Positive,facebook always remind that problems have today won’t even matter months years
Positive,call duty
Positive,cant wait eamaddennfl come last week
Neutral,said older usb pitchford mentioned
Irrelevant,please tell pubg stats promise wont reveal anyone please just please please 🥺🥺🥺🥺🥺 🤗🤗🤗🤗 agerwalnidhhi
Irrelevant,battlefield mode weekend before voting time hope enjoyed turning tides throughout this wonderful week ’ s time choose one these new experiences that that will run during weekend
Neutral,perfect questions amazon apple will perish have big bear market jim rogers unosb via economictimes
Neutral,directed michael showalter who also directed big sick available amazon prime lovebirds effectively balances engaging bikerfriendly characters preposterous crime story without wearing its welcome sfexnews wqclvr utm ca
Irrelevant,really want one these always say since school that could get paid leave town wdsliderms actually druganpk their mascot
Irrelevant,bcc gaming thing
Neutral,just launched campaign tell lowes home depot take bayermonsantos toxic roundup herbicides shelves join addupsierracluborg campaigns tell
Negative,sony cocks release ps information just months after launch price release date preorder information just does add playstation blow this like whore
Positive,one day i’ll get platinum trophy something assassins creed games now these games i’m good
Irrelevant,good catch disgusting trumps belong racists realdonaldtrump donaldjtrumpjr ivankatrump erictrump
Neutral,edited time ago really have go back edification its quite fun motivation hits
Neutral,c
Negative,do have wifi airplanes cell service like have service underground subway get together verizon
Neutral,didnt post today just want know worked day makin cash now relax doing hair before streaming week
Neutral,did eyes just deceive did this man say that feels strain white every day either way its his job his facebook account picfacebookcom mdckbnknfl
Negative,wykrhm dota extremely upset this years battlepass gives stats arcanas raids theyre unachievable levels dont check levels good features which helped us grind level gone sideshop complete trash do something
Irrelevant,loving back these three new ghostlifestyle cans anyone else else drink ghost
Neutral,microsoft surface headphone review perfect working home
Neutral,visit get this bitlyzaysye
Irrelevant,ban battlefield player hskrbf has occurred see details bfdbcom player ban
Irrelevant,much failure
Negative,rainbowgame fix ranked elo system won close game which granted elo lost silver lobby someone gold got fucking kills got
Negative,eamaddennfl what happened guess play have increased chance making play
Neutral,ha ha this best example what india can do newscom news buzz what
Irrelevant,this pretty great news source twitch streamers called itmejp hd cohhcarnage ezekieliii droppedframes
Negative,yep im kinda crazy rolleyes
Positive,years upon years worth greatness
Positive,finally received installed rtx gaming x trio reserved september she’s beautiful rhandlerr rhandlerr rhandlerr rhandlerr pictwittercomeltfpma
Neutral,played this interesting quiz amazon try luck chance win exciting rewards amazonin game share gfq
Positive,good news
Negative,people dissing this imo great ea matches point icon free
Positive,this bad many ways do do do do play fortnite pubg whatever do give false advice tiktok
Positive,daniel made car gta that’s purple its lit
Positive,this good day
Negative,afvision caffdutyuk call duty camos breaking without registering killers fight camo
Negative,fifa former fifa cfo suspended years
Neutral,played this interesting quiz amazon try luck chance win exciting rewards amazonin game share giz
Positive,new xbox series x nuts i’m excited
Irrelevant,call scg shadows bsschasker harrieswill thank subscribing via link win money playing
Irrelevant,pls google full definitions words before using its mistake many have always made pls im getting secondhand
Negative,ubisoftsupport ghostrecon just cant change select class unlock think finally got little glitch
Irrelevant,this happens gg man funny one funniest fifa youtubers
Irrelevant,pubg now youtube taking decision like list top richest countries which have largest ecommerce market world
Positive,congratulations client diego scotti cmo verizon naming adweek brand genius picfacebookcom kilcpassn
Neutral,next amazing rainbow miss
Negative,its reset whole laptop realizing ill lose microsoft word pp excel etc want pass away
Neutral,hearthstone ranking bgs flashstream home
Positive,hence this beautiful
Negative,strikersfutbolnoticiasvideo dont justify violence shooting threats this probably deserves whatever happening soccer this demands serious investigation fifa brazilian federation this unless done television without criminal intent
Neutral,cyberpunk reportedly delayed doesnt sell well unk games news
Neutral,man does xbox canada contest mention
Positive,soon can finally enjoy watching melee its just ice warm leffen arent equally competing lul now also days left work month big struggle hour regular workdays lately still proud managed get immortal dota
Neutral,yup theres zombie plague world warcraft shadowlands itt xboyt
Positive,synchronized shooting great fighting multiple guys good tasks like kill enemies seconds
Negative,imma just say void peoples ears fb huge google reliable source news either unbiased obscene
Positive,people spending money home depot lowes crazy contractors firmly booked area
Negative,today waved amazon milk delivery guy didnt see
Neutral,clintoldenburg eamaddennfl got their msg ea forums called madden login certain days what this
Negative,got email feast lost started sobbing im sick play fate watch now
Neutral,massive cyberpunk collectors edition best e game deals newsychroniclescomputmsou…
Neutral,johnson johnson jnj stock boosted newman dignan sheerar inc modernreaderscom p
Positive,matter would like write extensive essay u think admitting ending c gta lowkey right ending its good ending love just makes think happy that get along end ooh love found family love
Positive,yes creed viking assassin looks great everything tall gay nordic blonde fucks problem that never went back odyssey after caught game breaking bug im kind mad franchise
Negative,tbh look these talented guys low their numbers really feel uncomfortable
Irrelevant,speakerpelosi this interesting
Neutral,pool party caitlyn excited finally get summer photos chris cucufate picfreedom ghicwn
Positive,lol nice now one 🤣
Neutral,incredible timeout ft lorenzobaby medaltv clips
Negative,going do anything rainbowgame piclivejournalcom hnhsxwcc
Positive,ps assassins creed syndic first feature film fantasy genre road followers live tchtv xmixelso
Positive,help win this fantastic teamendpoint csgo raffle wnnr hgmj
Neutral,bruh havent played csgo like week wtf
Positive,red dead redeemment blind story playthrough chilling killing tchtv ojd
Neutral,have wondered what heck fuss real pokemon world look youtubeqdqhjmdynk
Negative,broyouwack lying even have original overwatch game game disk really lying still dont really fall
Irrelevant,jeligon ventures rocky borderlands facing kansas city kanmo true meal delightful side toasted ravioli nytimescomus
Positive,need speed verizon ericsson qualcomm have reached staggering speed gbps fast connection would lnkdin gdeaya lnkdin gpuiydv
Neutral,just earned new vision orgrimmar license
Positive,help win this amazing cs go giveaway idleempire
Negative,dazed confused this home depot
Neutral,xbox one s tb console – battlefield special edition bundle discontinued amzntouzhca
Negative,cant wait
Negative,rhandlerr rhandlerr rhandlerr rhandlerr lost operators rainbow bought cant use im tempted uninstall game pictwittercomtkraeytq
Positive,wait overwatch incredibly fun
Neutral,shared via microsoft edge petulent child name full title asshole mode bing com images html search …
Neutral,this episode seems investigating that this island solely used garbage disposal weve found recycling plant youtubecomwatchvdtxp…
Positive,need
Irrelevant,also love just keeps passing himself
Neutral,new ebay itt vjdvx battlefield ps preowned great condition fenco jgzcawzdvp
Negative,homedepot attention executive administrators stores getting delivery orders pallets bricks downtown areas used helping destruction private property
Neutral,trying get
Positive,fortnite revenues expected fall pubg • sunday marketup dailyesportsggfortnitereven
Negative,ok every major advancement see borderlands theres minor annoyance excessive per se just areas hate especially characterization character companions
Positive,battlefield still getting really amazing racing game today also going explore worth playing teams give another go youtu vlnq vlwnq youtu do see vlnq vlwnq
Irrelevant,this actually good move tot bring viewers one those people who got hooked something csgo carefully watching tournaments first before ultimately playing championship game seeing that these healthy players grew like netflix docu series canta t wait
Irrelevant,ever hook someone their phone went dead instantly stopped yelling answered its wild shit man
Negative,literally hours after posted game preview year
Irrelevant,hate facebook people
Neutral,washington us pharmaceutical company johnson johnson said monday had paused its covid vaccine trial one its participants had become sick tamilnaduchroniclecomjohnsonjohnso…
Neutral,beware
Neutral,johnson johnson stop selling talcbased johnsons baby powder us canada jmpljhrcm reuters
Positive,dont care have say red dead redeeming masterpiece
Neutral,thought nigga her ass
Positive,looks great pumped
Negative,fifa frankly biggest pile shit excuses game ever created played mph slow applause ea
Negative,gtfo
Negative,fuck say
Irrelevant,halloween died this december facebook moms across florida blame
Irrelevant,tell those who still play csgo tonight miami what fuck doing
Positive,took break assassins creed oh boy glad this who else going safe release
Positive,wanted check had enough money bank account guiltlessly purchase packet board games really said sorry luv online banks sheduled maintenance
Neutral,borderlands turned its mayhem modifiers that mistake iejobwxeu rg
Negative,contact leagueoflegends these changes new items hit live virtual servers done after years game also these unique changes exactely like what epic did fortnite fairly sure many players agreeing this tested pbe myself horrible full game disaster
Irrelevant,police constantly feed corrupt overfunded security forces that put communities danger petition tell cocacola starbucks verizon target wellsfargo stop funding
Irrelevant,oh fucking god yes futa tyreen might just hottest video game futa e v e r
Negative,freddy despise dota casey
Positive,pretty well know deep league outside legends damn long its pointless having talk back trolls just agree pisses
Irrelevant,said playing overwatch last night two people team arguing asked could stop could try win one told screaming microphone dont think ive ever spoken softly life
Negative,thing shopping face mask takes long folks running tech depot notice that i’m hopelessly lost minutes
Positive,incredible borderlands stream last month really enjoyed things thank everyone that came along appreciate whos who another stream friday
Negative,imagine awful disgrace beluba ronniek atplaystationcom
Irrelevant,pullin has completely lost fifa he’s “yeeting babies fire pit hell”
Irrelevant,this actally good move tot bring vecwers one those people who hooked csgo watching tournaments first before playing game seeing these players grow like netflix docu series cant wait
Irrelevant,good video learn download gta smartphone youtube hhdnhlrqvuo
Positive,heard that sound that encounter doping cant wait
Positive,love hearthstone streams man
Negative,rainbowgame almost says however that time has obviously expired cant open packages unk
Positive,heartstonetopresscom decs metabre gthijs playhearthstone hsespone hearthpwn tyood rye viper
Positive,that crazy curious what expensive masks masks auction closed minutes ago ebay doing anything thats normally apiece home depot that definitely encourages price guessing pictwittercom udtqkwkq
Neutral,arrives march th customisable settings gear level realistic looting primary weapon quantity ammo loss reload stamina level bandage quantity risk injury health regen new hud settings option turn unknown players erewhon pictwittercomgvyfocn
Positive,new anticheat measures has integrated cool
Positive,love chandelier fake kitchen paint
Positive,had assassins creed odyssey now bored just know rockstar continually fucking red crap online fuck shit updates guess can start notes aleister crowley episode that will probably worst episode yet
Irrelevant,consolation album
Negative,looks like church duty black ops cold war can leaked leaked doritos advertising campaign dlvritrcqwy
Negative,time delete everything ps fucking update
Negative,words idiots have robbed depot its respirators which will protect
Positive,march great month new streamers th place cod finish first csgo adv festival april new sponsor tonight
Positive,good game tchtv flixlapss cli
Irrelevant,toxic players who do this should lynch dont say womens face definitely dont do women could whoop ass
Neutral,take copy golden cage right now
Negative,nbak terrible game
Neutral,playhearthstone super fun let play guy times rounds feels really good shits first times times literally lose entire game him sick dont put patch notes its patch
Negative,hey amazon heard everything going theres delay actually shippingunk orders now processed which has relatively quick going day ups ground wheres day promo prime members paid
Negative,google meet doesn’t open
Positive,guess im going break
Positive,probably best appropriate time take these leaves play cs go homies
Positive,this sht smooth
Neutral,somewhat scary lovely little dink fearrts mightyrts gfxcoach flyrts blazedrts promotegamers rainbowgame
Positive,yuumi super cool damn cat baum good person neeko damn funny janna would watch
Positive,silly idiotic lure go home depot cheaper betterthe maker knife v zdnet swebcq via zdnet pc doc
Negative,failure exam
Positive,tts fun
Irrelevant,wireless wifi wasn’t shit wouldn’t have excuses would
Negative,black ops cold war doesn’t feel
Irrelevant,expert review iphone player jamesbongog has seeunk bfdbcomplayerban
Neutral,eamaddennfl yall gon give ab his least cmon yall know deserves
Positive,have noticed several eleven walmart home depot albertson’s refuse customers without masks keeping their safe
Negative,borderlands trash really lowkey lit just big its easy
Negative,playapex do ever report game issues respawn fix official channel solving issues do have wait official actual pro publisher acknowledge certain game problems getting fixed button triangle layouts still broken twice console thanks advance
Positive,eating mango playing fortnightly brightens day
Negative,next gen performance small xbox ever fuck less need put that everunk series s p low end dont ask its powerful ps digital
Positive,dell xps graphics card missing fancing screen via r dellxps itt pspbw week ago playing game computer suddenly turned blue fatal error indicating graphics processor failure
Neutral,imagine taking particularly dumb google airplane drive show serious just reminder skam characters arenve t real people
Positive,ive completely flipped see xsx nvidia ps hardware less games see running consoles sure xbox has tricks their sleeve im probably wrong ⏳
Negative,playstation nice whatever keep y’all
Neutral,tides war done tmmplatoonps
Positive,opening hearthstone packs deployed streaming org roster lurk sens commands store bans twitchtv zeekiwitv
Negative,tbh looking these talented musicians low their sub count makes really wonder
Negative,running what things do tried playing fifa gets boring tried maybe watching film can ’ t concentrate watching one haha tried working just rose garden currently have bad back suggestions taken
Neutral,fortnitegame changed gameplay map sincerely world game real already ruined like this bots knowing hard truth gameplay shit well keep playing like what else really does matter
Negative,dear pubgsupport many time got killed just after landiand im new just crown v can used hacker boost crownplease delete his accountmy pubgmobile
Positive,goddamnit new assassins creed looks fire they’re gonna jig
Neutral,et xplaystationcom
Positive,hey twitchsupport i’m having issues broadcasting comcastbusiness internet verizon hotspot can comcast please try figure what’s broken two
Negative,make cant turn wont play thats fact
Negative,game dying zero innovations even listening their community its disappointing this rate game will completely swallowed cod valorant comes
Positive,hit her medaltvclips…unk
Neutral,lie cheat rape steal women everything do
Negative,rhandlerr homophobes nickname gay gunner blocked word gay pictwittercombckalyvftm
Neutral,forbes his latest article reveals which data transfer tools popular customers bitly bomid
Neutral,transvaginal mesh johnson johnson fined m deceptive marketing women theguardiancombusiness…
Negative,amazonin amazon amazonhelp top that cancel order details say customer has cancelled order whom want befool
Neutral,red dead redemption gang member john does kill crabdealsin theonlyredd two red dead redemption games john marston has opportunity kill four excomrades
Positive,didnt take long play evie free remember much loved assassins creed
Neutral,thanks entering grand summoners watch videos see won amazon store card retweet everyday another win play now free yu ling hakusho unit x
Positive,nvidia kills amd sadly
Negative,pubg account has hacked someone plz help id account linked facebook now trying log its showing unable log
Neutral,hey everything sucks lets play video games
Neutral,ezequie thanks entering grand summoners watch video find won amazon gift card retweet every day another chance win play omega global now bonus one punch man unit
Negative,playhearthstone servers seriously working keep kicking friends day long mention matches could play standard ranked matches around around row priests their now broken reborn deck which cant just coincidence
Neutral,us wow token price g change g hr high g hr low g
Negative,nbak this one game this crap
Irrelevant,think brother arms andrew need one these limited editions x ti able play punk x full bloom comes looking forward
Negative,rainbowgame fix ranked elo system won damn important game which granted elo lost gold lobby jason gold got fucking kills got
Irrelevant,amazing environmentalist shes jeldk ive lucky enough work collaborate her andes amazon way pacific
Neutral,must say that im massive fan callouts this trailer does seem quite interesting whoever look person trailer called bezmenov full interview these clippings came can viewed yt like youtube jsntbrm
Neutral,streamer rhandlerr game time red dead redemption ‼ right now ‼ channel twitchtvtipsfrosted sure show
Negative,k beyond trash day this year nbak
Neutral,violent racist posts found facebook watch group administered florida county prison commissioner repuublican political candidate newsbreakapp com file n pfolpsp t s …
Negative,cant get fix plz fortnite
Irrelevant,candy box happy gamer type pc candybottom
Neutral,uppolice sultanpurpolice varanasipolice spcrimeluckow lucknowpolice arun kumar tiwari us spreading hate nd high objectionable post prophet mohammad sir please take neccassry action him facebook linkfacebookcomarunkumartiwa…
Negative,this twoyear college season duos trio game that just doesnt make sense start making fake fncs duos instead trio
Negative,yes im going back verizon
Irrelevant,lets fucking that gooooooooooooooooooooooooooooooooooooooooooooooooooooooooooooooooooooooooooooooooooooooooooooooo
Negative,sucks never truly have date cyberpunk console playing current gen sounds like its even option
Neutral,just celebrated “ even horrific vision orgrimmar achievement
Neutral,come tell whats wrong overwatch ask show photos tchtv panthianchampi
Positive,done
Irrelevant,fuk get chicom companies dave potus
Neutral,won achievements battlefield v trueachievement pts trueachievementscomgamerfilipef…
Negative,setting playstation keep mind that designed stored externally like air conditioners playstation operates dangerously high temperatures emits gases smoke
Positive,banner dota guild winter wybridge phoenix offlane best picwikipediaorg ibruqd
Negative,eamaddennfl dont create online inaction feature that hides games after two game delays guy play beat senselessly
Irrelevant,abhijit bhaya ur efforts incredible way try satisfy desires good hope that will continue good health wealth
Neutral,yeah uhm cyberpunkgame basically god fuck second little gtx gonna square who these streets
Irrelevant,thats good thing
Positive,msvixen nvidia audio voice has amazing noise reduction capabilities using artificial intelligence theres nothing doing just uses voice learn useful readbeqmetijciv
Neutral,latest microsoft r server daily paperlijenstirrup… thanks icymir xassets
Positive,geckoboy had fun night playing overwatch cod among us y know ’ hope do really soon
Irrelevant,cant trust mfs who played red time forced their horse go full throttle
Neutral,played high popularity quiz amazon try luck chance gain exciting rewards amazoningameshareghs
Neutral,apex legends kill clip
Neutral,apostille pros did professional timely service certifying documents recommend anyone who needs this vital service says nathan google via birdeye birdecom appostillepros
Neutral,google steals honest company content sundar pichai questions ifttt kobtn
Negative,hi scott i’ve had madeleine smith ring bank past holidays next sneaky thing just happened whilst loading fifa points took card i’m having use paypal account isn’t working can help resolve please
Positive,thx rhandlerr rhandlerr rhandlerr this best polished game pictwittercomvmqcsbnbo
Negative,rainbowsixen rainbowgame ubisupporten ubisoften this joke screenshot link imgurcom oltnd tco egcuzmgbf
Positive,red dead redemption greatest video game ever
Neutral,talk perfect timing professor legit gamingrtweeters elusiverts lazy rts mixerretweeter dynorts
Neutral,family
Positive,this almost certainly best old god massive henchmen zerocost cards
Neutral,since
Neutral,verizon
Neutral,drivers one woman
Irrelevant,today im longer part gamingdivided thank org teammates smorcbe poiesztristan rutgertummers dreadhead after amazing times wish every fallen one among best heading forward
Negative,joshetyler blogoflecom lea
Positive,i’m …
Negative,hate champions league d picwikipediaorg twkakwyg
Irrelevant,just found almost killed itsx last season everybody this • • • • tags
Positive,amazon has coolest shit never thought needed just purchased these hooks that attach passenger seat enough that can haul stuff i’m excited
Neutral,wow bro rlly pissunk disconecting people elses internet selfishnet bc cant play league legends huh
Positive,havent bought death stranding hideo kojima en wait cyberpunk pictwittercom ebqnzl
Neutral,nvidia overtakes intel expensive ns chipmaker venturebeat venturebeatcomnvi…
Neutral,monitor mtwitchtv warzam
Positive,fifa comes this week sigh cant wait get back soon possible ngl tbf
Negative,really really hope microsoft don’t do taking away previously multiplatform stuff fucking sucks it’s always fucking sucked
Positive,heart beat dlc main story first line loved thank duvalmagic borderlands gearboxofficial
Positive,played much red dead redeeming robinhought able give this amazing opportunity
Irrelevant,hi best streetball ever live please come join tchtv analovesyou tideggs
Neutral,top custom cards fight week
Positive,funny did laugh thank blue fortnite though
Positive,via live super interesting lol boss farms borderlands twitchtvprismeyes
Irrelevant,grow childish
Irrelevant,team shy military runnersup pubg pc showdown tournament organized gamerlk wish best upcoming tournaments congratulationsunk
Negative,eahelp eamaddennfl easports mut maddennfl direct watch taping last night tokens second week row have just given this many problems us getting drops watching this
Negative,hate fortnightly sweats
Irrelevant,advice suck suck totiktokcomzmjfqkrpy
Positive,weve crushing csgo windailysports congrats jack
Positive,looking amazing open world action rpg play check assassins creed odyssey simply best game played fixed everything didnt like series made amazing game gameplay story graphics pictwittercomxdchbwcmn
Irrelevant,greatest dota team mascot ever
Positive,favorite moment assassins creed watch fallen pirates youtube yrqykqeeu via youtube
Neutral,johnson johnson stop selling baby powder sold us bbc digital co uk news business …
Positive,build pulisics goal akin fifa move good goal
Neutral,did become weak went friends house playing pubg talking having bbq dinner yet feel tired alr
Neutral,man just left verizon store see can get hands pre order razr v employee let hold phone flip now i’m never washing hands can’t wait til th february get 🥺🥺
Neutral,oooo almost had playapex storeplaystationcom
Positive,ninja just saw that said fortnite terrible die within seconds landing island its bad game youre just bad huge difference fyi dont land next huge crowds people game just content
Irrelevant,jonny kirwan performing careless uploaded live live video live facebook part two
Positive,would love this
Negative,infecting everyone baby powder
Negative,sony winning another console generation xbox yes playstation brand best selling popular ww microsoft will ever make dent us uk
Irrelevant,also come stand watch buddy vinny bad gameplay even worse jokes rocket rocket league call duty warzone streaming till exactly maybe later come hang
Neutral,l o v l happy morning sos continue sunday playthrough red dead redemption mixercomdesolar
Neutral,after years google chrome firefox pleasant surprise zdnetcom article after
Positive,this incredible first look ps graphics also great audio demo showing power ps also hope this game show actually comes looks fun youtube qcktatmcuw
Negative,every time see this hearthstone ad lose precious year life
Negative,now listen folks couldnt trust johnson mayo baby powder now youre going let let give flu vaccine youre minds cant wait check this weirdo company world
Neutral,this thread killed especially appreciated part command have character sit fire can also cause character strangle nearest person twittercomvivschwarzsta…
Negative,this gotta fake
Negative,mean this just crazy easports mut eamaddennfl cookieboy pictwittercom llztegr
Negative,leagueoflegends still remember customer service wast stars good old times
Negative,yes way configure office that users dont bother trying get inside
Neutral,watch v c adda
Neutral,johnson friends johnson ends baby sweet powder sales us canada announced after lawsuits posit links cancer … treatments will keep selling elsewhere cnmnewz com page joh …
Neutral,heres best look ray tracing xbox series x thevergecom
Neutral,ive never played world warcraft help twitchtvdxrkwxsp
Negative,im really upset that game first person think rd person always move successful story games camera just seems clumsy during game youre constantly trying best enjoy details around which will hurt their success
Irrelevant,hey its hoenderhond twitchsie twitchshare twitchhost sghrts rtsmallstreams supstreamersrt twitchtvayamdog
Positive,will never get end please let
Irrelevant,favorite dota players gotta ice ice iceice iceiceice
Positive,saw this that james may show amazon prime looked amazing
Negative,google always comes city who noooo
Negative,thank god
Neutral,walmart home depot natural hand face mask use violent confrontations fromcomnewswalmarth
Negative,this clearly even considered fair guardian druid v youtu v vrnevnlcov
Irrelevant,anyone else remember that game device that would come school like xboxs shit
Negative,nvidia really delayed flight weeks
Neutral,red dead redemption 🥰 pictwittercomppgzilqja
Neutral,coronavirus race driven despair johnson johnson publishes spike favoritescom scienceandte
Irrelevant,omg love see bad it’s august hey can’t complain getting try one sought after prembrazil strikers game
Negative,good disinformation
Irrelevant,congratulations given borderlands research institute researchers their complete recent grant large amount pcqc bri group dedicated study montezuma quail northern trans pecos region order better understand its population projection
Positive,whoa
Positive,best luck
Irrelevant,crush listening random song class discord server playing fortnite doesnt look groovy queue queued im love egirl yeeted myself back private music channel feeling good
Irrelevant,orgasm
Negative,cfduty fix their game new omg challenge without tracking progress
Positive,thank waqar bhai finally pubg unbanned
Negative,dumbasses
Negative,announced remaster instead bad company its said dice wants lose
Neutral,long blue line interrupted uss serpens ak largest lo amazoncom dp
Irrelevant,holy shit give directide
Negative,im afraid that rts its annoying cant deal blatant injustice sure makes look like little bitch really dont enjoy
Neutral,nvidias massive internal cpu gpu core isnt anyone dlvr leave rwffbm x
Irrelevant,y’all please check amazing person getting amazing opportunities that deserves
Irrelevant,latest james scroggie daily paperli seoscroggie thanks oncrawl
Negative,activision needs fix these servers call duty this data lag rate crazy ever since since this news update first came nothing issues
Negative,thought saying graphics will like one black ops episode guess much disappointed saw second trailer
Irrelevant,ban battlefield player rmnwsk has occurred see details bfdbcomplayerban…
Irrelevant,congratulations rhandlerr skin fortnite “it’s game time” pictwittercombhzuiccp
Neutral,wish ragequitters
Positive,starting
Negative,fokin assholes
Neutral,googledofhey have idea else turn help have google sheets file that used today havent able open since
Positive,yall play assassins creed multiplayer that games fun
Negative,verizon fuck guys charging month phone don’t use that doesn’t exist service shitty everything fucking
Negative,god fuck
Negative,hey eamaddennfl instead saying “build ultimate team” should just say give us hundreds dollars will never have fun playing online head head
Positive,willing spend money apex legends willing spend money friends willing buy games wont play wont give €for league skin after weve just met like fk think just cuz €skin zoe doesnt mean shit money
Neutral,best assasin creed black mountain flag collection offers world ebay new look world ebay ps assasins unity creed volume iv black flag ift tt aqzkgb
Positive,lets gooooo
Irrelevant,ye this man special awg
Neutral,new video youtu fyvznfx support work nearly always appreciated
Irrelevant,this dope puff great kid
Irrelevant,yall fr fr got chillunk
Negative,microsofttodo app sucks wunderlist became superior microsoft worked nothing
Negative,these ads that spend least facebook advertisers will join boycott make facebook advertisers stop supporting racism hate proctergamble walmart microsoft target amazon homedepot diageonews nytimes dominos read
Irrelevant,yasss im grateful this tonight folks bst come chill twittertvarialthesiren
Positive,dont get dicussion around ti owners needing pissed nvidia years have had top line performance whilst previous gen has struggled this like saying people that got iphone should pissed iphone se launched clueless
Positive,won bright minds achievement assassins creed odyssey trueachievement pts trueachievementscomgamermauricio…
Irrelevant,thatas s emotions got changed tik de tok got banned vs his pubg got formally banned
Neutral,watch first google car mods download gpm white red versions rednecks amazing f ambulance these amazing livers available download apolicemoencom indexphp fil
Negative,eamaddennfl man coverage sometimes one players decides blitz leave their man uncovered please fix this issue
Neutral,i’m confused cyberpunkgame gb download size its version january internet looks like i’m playing november something later
Neutral,addition new ai teammates auroa feels alot rather less lonely now time perhaps wreak havoc
Positive,think higher power just triggered several people go “huh think i’m gonna get back red dead redemption ” now haikyuu accounts follow have suddenly becomes cowboys
Neutral,espn call duty power rankings what bothers team dlvrit rqnw betbitcoinpro tco xjqjuvi
Negative,hey verizon tried contact every way have achieved nothing have problems cant reached experience verizon bad that just want get maybe att looking new customer
Negative,eamaddennfl spent foreign currency packs received nothing
Neutral,name inspiring peasant special cost creature minotaur paladin rarity uncommon inspiring peasant cast discard card whenever enchantment cast return enchanted artifact transformed exile battlefield
Negative,this aged well
Irrelevant,its fantastic ive improved lot lately gained lot confidence this kid got poisoned confidants xd medaltv clips
Neutral,johnson robert johnson temporarily pauses its pd vaccine trials due following unexplained illness study participant reutrssmr jnj
Neutral,callofduty callofdutyuk never felt excited worn time
Neutral,great dissicion covid time
Neutral,always happens red dead reduction counter empty
Irrelevant,lmaooo niggas gonna his dick wentz launching that bitch him
Positive,finally finished original red dead redemption after playing back forth year good im feeling lot things right now really good im excited get
Positive,activision after new gb patch cod mw that crashs flash game return destop without finding error report info that paid even before now had this cleaning nvidia cv folder helping now nothing can fix every game that issue its unplayable wtf
Neutral,gb free data verizon working home put wifi its nice little hard working people that cant work home now usually just proves obvious much verizon gouges us data could get another carrier instead like having service live safe listen go visit family
Irrelevant,man everyone rags borderlands mostly having like horrible humor im defend like dont yall ever laugh just fucking horrible things borderlands humor much better realize writers trying hard
Irrelevant,must drunk had literally literally just said myself need get red dead redemption tattoo have one that takes literally half almost entire fuckin left arm arm
Neutral,modern warfare borderlands great game deals ps xbox one swift unsorteco modernwarfare
Positive,will forever heart this dounk looking kinda lit tho unk
Positive,gotta love those cinematic kills boi storeplaystationcom
Irrelevant,congrats jrblowns winning todays hearthstone tournament pictwittercomsnvfokhfz
Negative,ain’t gta anymore that shit done
Positive,ahh calm before talked xbox guys that already tech enthusiasts this might best ces they’ve had time just one brand big year general looking forward
Negative,rainbowgame make cross game play please thank
Irrelevant,thanks waqar zaka pubg unbanning that real dare that one can do thats called dare devil youtubejhreyojya
Neutral,nobody talks one second day game cska
Negative,special kind heart attack that brings smell home depot
Neutral,‘league miami kpop group fromda announces new song man thecomentertainment
Negative,unk sued their baby loss yet will inject vaccine please
Irrelevant,fucking facebook comments pictwittercompekxqmcqz
Irrelevant,tgif xgn part xiledsyndicate recruiting brand new gamers their various
Positive,eamaddennfl love snow
Positive,well cleartransparent panel will first choice
Irrelevant,tgif xgn part xiledsyndicate recruits brand new players their various
Neutral,either cpu madden trash allmadden difficulty im just good hope eamaddennf would give challenge
Irrelevant,battlefield player theevilpigg has banned before details bfdbcom player ban
Irrelevant,oh we’ll have vaccine election day i’m afraid pissing donald’s compost bucket today
Positive,had play borderlands polyslice tonight fun magical evening had end sigh
Irrelevant,stop acting like educated stop bs know devs dont have dx ultimate ffs least dont lead people bs pictwittercomhkmnllitzm
Irrelevant,see this type line tweet don ’ t bother yourself unk cz random idiot that ’ s actually following will behave like perfectly spoil her everything chasing stooopid asss
Positive,microsoft digital ad company team looking pretty fly back first day back
Positive,after years think its time get rid without sprint hours phone ready post something calling reps differ stories still have nothing see att just different right now verizon
Positive,red dead redemption just super mario bros good
Positive,interesting shit 🤑
Positive,these killed wore tannis handsome heart borderlands
Positive,thank santa
Irrelevant,alot love sco boys saviour borngaming lately thanks guys hopefully can meet online stage bradkiid aswell
Positive,progression revamp looks interesting excited see complete picture
Negative,people still do give shit fortnite lol
Positive,this someone
Irrelevant,do make mistake have mademy brain leaking nose
Neutral,call duty warzone people who feel apex legends much fun
Negative,those who decided future ghostrecon studio that can make amazing games ridiculed its amounting pressure fix this whole mess
Negative,entire landscape russia sucks poorly programmed modded gta game cant convince otherwise
Neutral,already cheating blackopscoldwar like come cant have decent play without cheaters please dont make this game like modernwarzone crossplay becomes problem fix quickly us age players getting fed smh
Positive,excellent thread
Positive,this happy hear finally clunky gameplay what bo
Negative,google treats like i’m fucking idiot pictwittercomfsvamgvhl
Irrelevant,twitter video quality horrible
Neutral,youtube channel suspension update did gta v story mode mission legal will trouble living progress instead doing casino entertainment heist big fan con won casino podium vehicle still keep doing well
Neutral,this happy face
Negative,google adsense cant find money call their support number tell go read forum page after ive waited working days cool
Positive,many good things happening now
Negative,added fucking rick roll emte fortnite
Neutral,aguilar has trained maria well
Positive,love pubg youtube fjgpufjs via youtube
Positive,youre damn good game
Neutral,sign johnson johnson healthy essentials rewards today earn points enjoy great rewards rewardshealthyessentialscom ruid bafcd
Negative,wtf …
Negative,unk mastery camo date
Neutral,grand theft auto hijacked entertainment industry thepoliticalwarroomcom howgrandthef tco jjrgouy
Irrelevant,yeah hellishly close guess love really big fella pictwittercom xemkrtkqp
Irrelevant,bully may dooed live grand theft auto red dead redemptions shadow drit rwqx
Positive,borderlands amazing tchtv nightshade
Irrelevant,fashion star vijaysrigunk onlynikil camsenthil
Neutral,this part person that needs deleted insanely toxic whole game called everyone racist inappropriate names would stop harrasing squad others team please ban this person soon ign banned rainbowgame
Negative,ps players part owners nba wonder going back tv
Irrelevant,tiffany looks fucking fine this pic pictwittercomkrpishssbx
Irrelevant,overwatch hot bed fucking morons who dont understand game works
Irrelevant,husband just waiting
Negative,rhandlerr rhandlerr this something allow games straight racism here’s players profile name ban him game network pictwittercomhcyyjuxsii
Neutral,warcraft reforged disaster fans angry minutenewscom article
Negative,nice player models rainbowgame fix picwikipediaorg srgmhsnof
Negative,rainbowgame hey guys can please help got banned hrs couldnt rejoin ranked match
Negative,many ads will
Negative,one also best asian players left officialxeta leaves tyloogaming
Neutral,warcraft iii reforged launch disaster fans revolt poor graphics disqus t lpelw
Positive,made movie existing technology their cinematics would start epic movie franchise that would continue live ass time
Negative,blizzardent allying united communist hits terrible low yall will forever tarnish idols warcraft remakes managed piss remaining fans enought that might actually cost yall money youtubehvkvuvvxtn
Neutral,verizon told stop ‘most powerful g’ claim fiercewirelesscomoperatorsveri…
Positive,have just read call duty black class has plot that jaw blowing can easily rival fifa another one favorites
Neutral,even limited knowledge dota loved
Neutral,this day food history september earle dickson who invented bandaids his wife who often had kitchen accidents cut herself burned herself died worked johnson johnson which soon began manufacturing bandaids
Positive,eamaddennfl looks good
Positive,att customer service abhorrent thrown give various reps one needs minutes help order verizon just look good
Negative,playoverwatch get this now pleases
Negative,lit x timesss
Neutral,facebook phone memes videos having done hipped her what ’ s going along called felt like really outside shit bro ’ s nigha shit had going weak
Positive,last week joined heroic nyalotha raid just funturned tanks one warlock 🤣🤣 hilarious loved health pool
Neutral,overcoming challenges small programs remote working life michael carey director product marketing synopsys latest verizon verizon breaches investigations audit dbir found that data breaches have linked blogorgove
Negative,im supporting whichuks campaign end price gouging sign → campaignswhichcoukpricegouging via whichuk
Positive,what has everyone doing quarantine ive updating house one big project many time today today said time fix leaking gutters after afternoon ladder able somehow solve pollution problem thanks lowes home depot what projects exactly have done
Neutral,amazon ive just accidentally pressed cancel delivery option order thats due delivered today could help wasnt meant have this
Neutral,thats far can go moment maybe ill come back later sorry
Irrelevant,roundedtiktak thank
Irrelevant,yeeeee what ya
Positive,like dishes good appetizers
Positive,love lovecraftian inspiration come back
Irrelevant,wont hide storeplaystationcom
Irrelevant,weplay proved that best sport
Negative,twitter just place talking lie like facebook talking truth will closed account pictwittercomxgkvpvfqek
Positive,miss overwatch
Neutral,red dead redemption yesterday xp coming haunt now
Negative,say nothing white hot thermal vision should classes im tired blurry electric green night vision
Negative,receive this monitoring pictwittercom qepxcllrz
Negative,homedepot day several legitimately stealing fucking fridge this point care losing lawsuit now time money fridge has truly worth
Neutral,g
Negative,playapex respawn need completely sort ranked ppl joining early going afk causing loose rp v isnt good joining listening community fix dont loose rp
Irrelevant,fucking hate fresno drivers god mfs think driving real life gta literally rather crash trying merge lane wait rd time this week almost getting accident like that its tuesday
Neutral,ending season stealing someone elses kill eliminating kill leader
Negative,eamaddennfl please fix serverthey awful getting booted every seconds really old
Irrelevant,ban season battlefield player polystation card has recently occurred see details bfdb net com player ban …
Neutral,i’d love app really works
Negative,eamaddennfl has just finished dsuave knockout championship wouldnt load pictwittercom yjfplrirwh
Neutral,nvidia geforce rtx later rtx fx digital ampere ga duo gpu pictured massive die hard compared turing tu gpu wccftech hear com via nvidia geforce html …
Irrelevant,j rhandlerr ा ban this random playre his killed clan teammate report pubg mobile game plese strict action cheater pictwittercomcpyyokcbz
Neutral,u touching water landscape
Negative,playapex do get errors blue screens one accounts using p accounts can play game just fine help
Irrelevant,have had enough excuses older people comes social issues dont know better well internet exists google read old people keen preserve history
Positive,good news pubs will lift ban india
Irrelevant,think gta strippers rn suck this dick
Neutral,everyone thought gdp china fake weak best this virus will show that its gdp abhorrent casualties that will lose their workers certain areas also american companies will pull romanwenzl sh irredeemable lars
Positive,congrats times straight victory royale 🥇 ejsjlxpwvtvyyvfukzbkappvyjjxrvh
Neutral,nvidias new driver gives big boost thanks vrss games
Neutral,issue
Positive,well just received warning microsoft suspicious activity account three attempts access yesterday one china two vietnam successful attempt today ghana microsoft blocked suspicious password has changed now
Negative,absolutely everything verizon
Positive,proud team microsoft taiwan microsofttaiwan really good see teams did onenote two favourite microsoft things making infusion lives students teachers almost everywhere youtubecomwatchvipwo… microsoftedu microsoftteams
Neutral,just one hour come see us play battlefabc noblegg going make sure its fun watch d pm est
Positive,gaming hobby love like follow th
Neutral,skinned this red dead redemption yesterday hours coming haunt now
Irrelevant,omg pure craftsmanship people flying yes please
Negative,gronk madden nfl
Irrelevant,source pta pubg ban unconstitutional nature violates article constitution islamic republic pakistan employees involved should suspended rhandlerr rhandlerr pictwittercompxhdxbz
Positive,combining product learn something buff ly • fcqupt
Positive,crushed
Irrelevant,xbox series s trash gotta go getting ps
Neutral,xbox series x has fps standard its guaranteed pictwittercomcqfcvstq
Positive,new video underrated scar class youtubehursfwlls
Negative,ima b honest ’ m buying that shit probably like literal realistic shit
Irrelevant,this shit annoyingggg i’m walking target yesterday radio still paying getting shit together white girl walk past omg playing that song love ‘that’ song old ass song that playing after disconnected stfu girl
Negative,rainbowgame can fix servers please getting kicked ranked games restarting reconnect getting abandon sanction ones kicking game
Neutral,red dead reduction london washes picwikipediaorg nagfdk
Neutral,proudly announce officialy rainbowgame comp signed esportsteamrain
Irrelevant,i’m shocked that majority people facebook thought pubs would opening should go straight right normal unk
Positive,today fun prob done streaming day shoutout playoverwatch squad hanging today go give follow twitchtvjoshuahoang twitchtvjoshuahoang twitchtvjoshuahoang highlight reel athenascope
Positive,lets hope fantastic ones
Positive,switched verizon chose galaxy note ultra its best decision ever made
Neutral,this seems far can go time maybe will revisit later sorry
Irrelevant,excellent look forward vinland saga game lol looks awesome cant wait
Neutral,indiana has become convenient option companies looking globally site locate their business
Irrelevant,think year dragon touch diet coke will slap hard even google wont able unlock yshirt seems far cosmos along small cars rogue androids topteetrendcomproductdragon…
Negative,can just say that rainbow servers killed load barley its never bad its starting drive crazy thank rainbowgame killing mood
Neutral,amazon translate ranked t m techtldr
Irrelevant,must love sorbo right right right
Neutral,vehicle comet sports car grand theft auto
Neutral,can promise that will die feel nothing
Irrelevant,dota like demetrius casey
Neutral,person complaining op playvalorant never went sg csgo
Neutral,world teenage warcraft cd make its gold easy hour greatest world wow secrets youtu qujlloircu las través de maurice youtube
Neutral,bad trash player like
Neutral,accidentally ordered two amazon second arrived today does anyone who lives sidcup south east want buy £ let know ill send back pictwittercom yrzuenpxcl
Negative,ghostrecon just got error whalers resettled character what can do get character back
Irrelevant,lmao just thinking i’m weak hell buying set
Positive,woohoooo next projectberteunyyvju
Negative,can’t take this anymore
Irrelevant,mean idk we’re trolled missing something 🤷 ‍
Neutral,fanart seradotwavshe beautiful like zoe r
Negative,dont know dota has many dumbass players that just dont want learn game fuck this community
Neutral,im damn sorry stupid short stream dont feel like streaming today just have these stupid headaches that cant damned sent love quietachvment who plays borderlands keep social media registers ill probably see thursday
Negative,nbak what remains financial disappointment pay play used love hit series fuck consumer though right
Negative,wonderful decision took
Negative,full offense bought borderlands fuck stop giving greasy magician
Irrelevant,rokkr pulled great deal today unk estnncomcallofdutyl…
Neutral,anyone who has read enjoyed book this one us has go feels also able rate review goodreads amazon … would soooooo grateful goodreads com book stop show section …
Irrelevant,wow netflix did right moves
Neutral,nvidias ampere gets triple slot triple fan love bunt dlvrit rfnrdm tco zdlrazyz
Negative,howunk year still can’t make dreads look realistic
Irrelevant,powerful refrigerator
Neutral,free csgo thumbnail unwatermarked likes likes rts helpful nice models rhandlerr pictwittercomemqycqr
Positive,these awesome kagesatsuki
Neutral,cock johnson stop selling talcbased auto pump per us canada reutrsljziw
Irrelevant,its amazing game literally funniest ive had action game since uncharted
Neutral,remember watching this live wondering who choreographed dance these four women bloody incredible want three minutes goosebumps watch this
Positive,pubg mobile doesnt harm anyone banning would harm pakistans economy almost crores yearly its players buy royal pass every months checking years plan crores least estimate imrankhanpti ptaofficialpk
Irrelevant,dunk pile rave want criticize management poor planning
Negative,hey playhearthstone upset right now liars thiefs idiots talking course obviously murgur murgurgle play hearthstone clearly states murgur gurgurgle just murgur failure needs remedied immediately
Irrelevant,lucky enough have david attenborough lecturer university good see people coming together teach kids who arent school
Irrelevant,apple dont invent innovations anymore
Negative,i’m throwing whole tantrum cause home depot cheltenham still working saw have go one boulevardi hate that one
Positive,power will even stronger
Negative,amazon sides crisis highlights growing power thealexanewscom gadgets amazon
Neutral,ghostrecon oi does game keep crashing its starting get infuriating love game server wiped mins
Neutral,verizon joins boycott facebook instagram ads thestreetcominvestingveri… via mcoreygoldman
Negative,things valvesoftware make functioning anticheat stop players cheating abusing votekicks racist stop selling community trash crates improve innovate their game actually play their game created twittercomthorinstatus…
Irrelevant,ban battlefield player yourdaddyyyyyy has occurred see details bfdbcomplayerban…
Positive,mobile easier might easy
Negative,verizonunk agree lets turn back around find money sits has customer service rep missed calling times said would
Positive,awesome
Neutral,phew just made season coming closer pubg cant wait time see vikendi has offer usunk
Irrelevant,female gender actually clever
Irrelevant,saebyeolbe vs mc striker vs decay gods tracer overwatch vs montage youtu via zzmhpax zo via youtube saebyeolbe ultimate worlds created best tracer strikerow kobe pulse bomb tracer decayow now amazing tracer see who will win hanawatch
Negative,rainbowgame ubisoftsupport omg this th ma time got kick disconnected l game ab lost elo dont get disconnected win game r ii dont even get elo give approximately lost h elo back
Positive,phenomenal work shay homedepot homedepot driving rainsoft appliance longevity sales equivalent shopping carts pushed minutes great customer service
Positive,this looks like poster s action fantasy movie can love every damn bit
Positive,this best fifa team ever pictwittercom jmmjkmdigd
Negative,callofduty did battle last do now shows everything locked wants buy have theories this due well please fix thanks
Negative,suddenly unable think
Neutral,looks dopeunk don’t tell dog gets last stand unk
Positive,massive audience products slack office workers stay away avoid coronavirus digitaltrendscomcomputingmicr via digitaltrends
Positive,still getting hang ahead combat assassinand s creed origins what looks amazing tonight considering its first playthrough definitely incredible improvement previous
Neutral,welcome program rainbowgame playstationunk
Negative,aw cool call duty now wtf supposed do
Positive,nvidia gpudirect geforce that would nice
Negative,one what myteam new parkunk else except team stuff retard
Neutral,latest sharepoint daily paperliee… thanks dansantanna softwariumnet tomwalattt
Neutral,rdrs manmade mutant red dead redemptions biggest secret screenrantcom reddeadredem
Negative,dear activision infinityward callofduty ’ re telling creepy mf guy can camp top large building whole game warzone just can ’ t hide bc just ’ m scared wack that ’ s racist
Irrelevant,pta pubg ban unconstitutional violates article constitution islamic republic iran officers involved should suspended ptaofficial zakawaqar picfr pxhdxbz
Neutral,truly thinking that year half life played nothing overwatch literally moment got home school went bed year half what hell man
Negative,surface panos panay midrange species really crappy camera high bezels really weak camera g support
Negative,rainbowgame hey seriously dying fixing elas recoil console its outta control
Irrelevant,way followers sub chick hunt alarm bells pleas use tchtv kaiilive
Negative,google sucks google racializes qtpoc normalizing surpemacy
Positive,miss overwatch super excited try valorant maybe its time start streaming soon
Neutral,proud new toys kawaii pride
Negative,epicgamestr fortnitegame save world glithced didn’t get vbucks save world daily log pressed claim worked showing
Positive,twittercomminteractapps… r
Irrelevant,im good this game cant tell storeplaystationcom
Neutral,microsoft window goes full evil software does want see archive freenetmicunk preparechange
Positive,that ’ s lit
Negative,two pretty damn far
Neutral,com cool ad got amazon tv anyways watch nwsl challenge cup championship sunday th pst p est pictwittercompabuc
Negative,probably toxic game base besides csgo
Negative,eahelp eamaddennfl r easportsmut maddennfldirect watch taping last night tokens record second week hardly successful row however have just given this obviously already many problems us getting negative drops watching this
Neutral,robert johnson robert johnson will stop selling skin free whitening oil lotions nytimes com bus …
Irrelevant,hoist flags will raise join tell best bits game which favorite twitchtv direwolfjack
Negative,gonna go below bn that youre won pos stfu stop playing innocent people do good ur money always seeing ur ass shit stupid ass ass local news do something worthy btw fuck facebook thing nobody cares nothing anymore
Neutral,newsjacking has proven great way marketers promote advertise their brand this week wasymphony went viral youtubecom watch v yjj
Positive,god
Neutral,solo mirage shit team rages part storeplaystationcom
Neutral,its raining men d storeplaystationcom
Positive,longest franchise game ive played im glad played should zombie franchise
Neutral,parthac thanks entering grand summoners watch video see won amazon gift card retweet everyday another chance win play gs global now free golden kamuy unit
Positive,keg party craftsman dewalt stanley fraternity tonight think home depot shops
Neutral,unk just earned dirty five achievement
Positive,maed dis bc love maya siren proud
Irrelevant,man streaming what has just given breathe fresh air streaming ong ya’ll dont even know
Negative,eamaddennfl currently has got one big bad game recorded last quarter years easportsnhl hasn ’ t had good game years
Positive,still lot work done achieve goals during that time have updated lcs program signed great players achieved fantastic results championship entered cs go valorant next step championship
Neutral,poison poppy moonshine recipe searching
Irrelevant,its normal people hate overwatch becouse cos comunnity toxic yo one haveunk seconds later trash omfg bed unistall e game ignore that want people voice chat xd
Positive,£ month xbox series upgrade which means powerful ps plus game pass ultimate ea players rd disc games will definitely play look better x also spiderman ratchet can wait
Irrelevant,christineexists bestie hearthstoned like love reading devouring grey during pride month well it’s incredible i’m sorry took long read along let sinister heck bisexual joy
Negative,oh yay terrible news
Negative,rainbowgame y’all should wage rainbow cross fire xbox ps pc players actually good
Negative,verizon don ’ bin t start that t mobile shit just need phone work
Irrelevant,perfect harmonic correction
Neutral,people thought that battlefront ii disaster dice battlefield v their ultimate marketing failure even these new content that seemed create optimism guess underlying issues that still present since launch hurt held two years hope battlefield game itself good
Irrelevant,nice see u dendiboss 🥰
Irrelevant,wishes had ppl play pc wunk f play ps hate myself
Negative,bottom day fuck fifa
Negative,wtf fck wrong brad would bring him every night that has do him way that much him whipping btch microsoft that you’re using his death protect xbox
Neutral,huge respect thanks legend israel adesanya ufc middle weight champion world who shouted world warcraft classical guild mayhem yojamba oce us horde stylewarcraft tco tnaeahc
Irrelevant,game industry worse film industry creating new aaa content ips sequels us
Irrelevant,hey coltonhuie just wanted friendly reminder that you’re hottest fifa player i’ve ever met get wreckedunk
Irrelevant,today literally one best streams ive ever had had much fucking fun went six goddamn hours just us mean listening anime music popping domes call duty heres little example lol clipstwitchtveasywittyjaybl…
Positive,ahhhh miss this xbox live days this drug lol
Positive,live happy new year live short nocam playhearthstone stream dont feel great hope youll join hang bit twitchtv bogotter tco bltaqyiit
Positive,assassins fucking vikings im fucking sold
Negative,new apex update trash removal
Irrelevant,hey its hoenderhond tchsie tchshare tchhit rtsmallstreams supstreamsrt
Positive,have have fun every moment have breakpoint saying serves least eight moments frustration really knows get nerves
Negative,useless who innovation manager facebook
Irrelevant,battlefield player fes has ban setails bfdbcom player ban
Irrelevant,ik powerfist gonna live shame cant t afford
Neutral,upcoming firstassassins european creedfantasy game playstation xbox series x probably just revealed itr s viking epic — see action right ubsfy dlvr rvmzfl
Irrelevant,its amazing extreme game literally fun ’ ve even had action game published since uncharted
Irrelevant,hey obsproject streamlabs im having problem streamming csgo full screen resolution could someone help
Neutral,oga dota pit season europe cis looks like will heck tournament featuring best teams europe afkgamingcom articles dota
Neutral,guy literally sent request friend facebook his response racist bully cool reported blocked
Positive,amazonunk still delivering it’s good time sell presents people stuck siberia cold young kids drum kits recorders violins etc might perfect can kind their home schooling plus can’t come round punch face least weeks
Neutral,just earned full vision orgrimmar achievement
Positive,looks like good arena deck far xd
Negative,gameplay fifa slow
Negative,cyberpunk november will now either month new sims february it’s good surprisingly still have broken heart this game has let grieve guys
Positive,seeing gta timeline really makes wanna play red dead redemption that title wanted gta game historical overview heavy moral weight presented amazing narrative line excellent characters amazing world building
Irrelevant,ea play plan
Neutral,one best kpop moments isaac those kpop groups together just played massive fuck game pubg tell that iconic
Irrelevant,someone obviously cheating overwatch case do say cheating have thousands dollars skins scum
Neutral,microsofts xbox boss has just given update one xbox series xs exciting features
Positive,hmmm
Positive,× league dota cinematics back united back im eating good
Neutral,sunday day monday will creek earth stone tuesday rumble stuffing wednesday ow jubilee event
Positive,woke today knowing that xcom bioshock borderlands pretty collection coming nintendo switch excited tell excited
Negative,confession embarrassed say have fucking dogshit nbak shows pisses that everyone else looks horrible middle school lebron fucking great nba live k took just can’t get one hold does one that’s bad
Neutral,jumping feet first hell isnt job making what its crowded get
Negative,latest nvidia driver made photoshop unusable hz display photoshop basically hasnt worked multiple drivers now lol this point perhaps can figure one last two kinks clip im making permanent jump tired dealing adobe
Neutral,siege pizzeria shirt go course ela would delivery girl love her p
Negative,imagine having sell shoes just someone buy shitty system
Neutral,didnt realize red dead redemption gb downloading day says still has hours left internet terrible also this biggest file ever
Positive,dont get two year old can watch youtube video ten times row get bored also assassins creed looks amazing
Irrelevant,t rhandlerr rhandlerr rhandlerr respected sirmy pubg account ban th jailbreaking data error have never use cheats hacks always play fair game character id ign namemanishplease give account back thank sir pictwittercomnrdtre
Neutral,lost nowhere go maybe star hockeyunk men got lost
Positive,good excuse hear
Neutral,duos dueling duels cant wait dream right decent opponents come cheer us sunday im grateful invite yet another chance work thank slysssa crystal british magic
Positive,just played s flamewaker tavern brawl easy pack great open
Positive,that ps de going look damn good next lunar light os r
Positive,book went amazon bestseller’s chart exciting check “more blood reveals”
Positive,really enjoyed event
Irrelevant,leaked fifa plus photos open link leaked nudesphotos lana rhoades riley reid abella danger olga malkova eva elfie brandi love mia khalifa kateunk sarah aniston lena horne elsa jean harry styles john cena bts zsmitty zoe simpson bitlyejxt
Negative,do even want know which windows update installed sound gone somehow browser has deleted cookies nvidia control panel just doesnt exist
Positive,first legendary drop think im going have good time borderlands lordsgamingnet
Negative,ubisoft ubisoft ubisoft support rainbowgame cheater please ban scorpionfa picsu rzwtiyjol
Irrelevant,doing lot lately did like this car much
Neutral,check this item just recently got heart champion
Neutral,nothing will ever embarrassing john mayer tricking us that hidden message those colors s posted ig before imb like didn’t go home depot gonna take dip beige smoking pot
Irrelevant,close full supporter that buying this deep state bullshiti huge fan needs go say may st free nation
Irrelevant,spent minutes nintendoenabled phone shell charge that yearold boy made vbucks
Neutral,this put pressure unilever procter gamble johnson johnson loreal nytims wggl
Positive,thank great day suns fantasy camp verizon
Negative,facebook broken justice
Positive,her perfect game
Positive,see state battlefield this game still great recently played ultra fps final ultra rtx super player player youtubenhnkidu
Irrelevant,bad time ban pubg what that start studying demanding these jobs
Negative,tried single autosprint
Positive,get
Irrelevant,people eat stock
Positive,cant reply
Neutral,hackers c
Negative,going address however badly treat their employees it’s dealing blizzard hence which completely halted hearthstone let’s play indefinitely treating others like hard issue
Irrelevant,damn man every goddamn day microsoft has way make feel really damn good
Irrelevant,g cw bugs forgot that lilac plant results still worked twittercombakulamomstat… r
Irrelevant,wow thank mark cirlsu giving now black ops cold war email codes ps pc n has moreunk tweet him code
Negative,booted today games park
Negative,hey verizonfios verizon verizonsupport internet speed mbps mbps pay gig symmetrical services test done wired connection cat sftp gb cables speedtestnet result c d
Positive,hi everybody it’s just question would agree that would amazing rock star games remastered red dead redemption could finish game way deserve game deserves beautiful game needs beautiful end
Negative,unk mean midterms it’s late i’m tired
Negative,escape this cursed land keep living this shithole everywhere go jets flying motorcycles will stalk eternity reposted after typo really deserve clear button
Positive,mobile youre fucking broke like
Negative,battlefield had good dlc upgrade model
Negative,microsoft trouble after revelation chinese contractors listened skype calls rtcomusamic…
Negative,this question exactly what will happen slark wyvern falling real love
Negative,proposed fines t mobile tmobile verizon follow years reports that companies improperly shared customer geolocation information third parties real time
Irrelevant,these worst seizures ive seen entire life
Irrelevant,shit should just google never mind
Positive,shout eamaddennfl making him top rated free man well
Negative,lie this
Negative,can companys stop making mexicans cry
Neutral,easy penta follow triple beating their spawn first jayce pt ever u checking video
Negative,rainbowgame ubisoftsupport cant load ranked game crashing ever someone joins lobby play ranked game will instant crash
Negative,rockstarsupport having connection problems gtaunk ps it’s internet
Positive,still mvp thanks voker dota pictwittercom anxwudy
Negative,sad seeing fifa has declined
Neutral,dont recommend before bed probably best during day
Irrelevant,icymi blastdota finds inspiration b look forward during great collaboration blast bring meaningful fun content friendly surprises dota bounty hunt bufflycirrl
Positive,hearthstone shaman opinions really fun really interesting land deckbuilding decisions better standardwild shaman feels overtuned compared classes that hero character overwhelming say least
Positive,have insane respect hispanic men standing outside gas station home depot lowes cold rain l weathers just get hustle
Negative,eamaddennfl lied im disappointed
Positive,enjoy driving red lights killing people reason kill
Irrelevant,swear ‘ m best fucking dota player anybody fucking world
Neutral,nk myteam can get moments card boyfriend joaquim noah dropping getting thefts picfacebookcom ddvaphc
Positive,bitch dont need call duty anyway
Negative,wow franklin gta v really kinda gets completely screwed doesnt didnt notice first time played just bad feel him getting involved michael trevors crazy bullshit
Negative,took dollars lol
Irrelevant,i’m never this never plan happening this nigga don’t even let women buy food
Neutral,wanted killed police firing team bengaluru amid violence facebook facebook post mvpnews killed crime po …
Negative,nbak anything like im never buying game yall make game like k
Negative,really loved tom clancys rainbow six younger
Irrelevant,abhijeet bhayya ur efforts incredible way try satisfy wishes good hope please continue good health wealth love fron hyderabad
Negative,ghostrecon need either ban players that leave matchis starting hours log back game fix servers just had maint wilands losing player two every start match ps
Negative,nbak what yall thinkin created this shot meter
Positive,charitymiles windows thanks installing sponsoring orgverizon ex
Neutral,facebook bans antifa violenceinciting rap acts qanon linktheepochtimescommktappfacebo… download app work yourself eptmsdownloadapp
Irrelevant,enjoyed recording yesterday mostly had new camera controller hey dead cool battlefield hardline live reunited •bexkewnmgl url
Negative,ronniek sir ldk need answers sway man clearly flopped never ever touch guy this game broken it’s kinda hard fix this unk
Negative,lol man have y’all screwed eamaddennfl
Negative,yall should stop poring trash bc itll smink either way
Negative,ghostrecon just got error whalers which reset character what can do get character back
Positive,psonly whenever get ps i’m likely going buy these wraps looks cool pictwittercomcirune
Positive,really callofduty infinityward storeplaystationcom
Irrelevant,perfect correction
Positive,thank nbakmyteam ronniek pictwittercomjrhwkiebiy
Positive,fnatic have greatest fifa esports player partnership now
Irrelevant,great see frankieward gwbps rainbowgame hope see r community
Positive,i’m start sliding dm’s like “listen know don’t know just needed tell world warcraft cost effective great place socialize without risk spreading covid”
Neutral,nice try verizon photoshopped background appears poorly done b approx ’ what tower back hauling that ’ had ’ towers i’d switch sprint heartbeat enjoy data advanced lte hot after pictwittercomrakzxxtjkd
Negative,this tweet hasnt aged well homedepot hasnt installed properly just woke ceiling verge collapsing nothing like old water sitting walls ceilings monthold yearold home tco lfmvgdwvh
Irrelevant,pretty sure that aleksib sunny will go history worst player swap
Neutral,urgs one day go full dark game choose deathwing even patched him give minions attack what patch even made th
Negative,take double pass bullshii wunk bcuhz it’s makes mad
Irrelevant,can look cute
Positive,great summary fourth war blood war warcrafts story depth immense fantastic
Irrelevant,just saw quite brilliant production two negroes coming tour directed pieceofminearts beyondwallstpm unapologetic cultural artistic critical expressions blackness canadian gta context pointed critiques whiteness diversity work check passemuraille ca season s …
Positive,rockstargames make director mode red dead redemption story mode that would amazing think people would love gta case hes male sherrif
Irrelevant,ban battlefield player series has added see details banscomplayerban…
Positive,had best night poor boyz
Neutral,edited this ago really have get back editing it’s pretty fun motivations hit
Positive,day ten league legends game wife has left children have disappeared can now flash caitlyn life good
Neutral,facebook reducing distribution hunter biden storygeesh giuliani ron johnson need get their lies order johnson said that unmasking bigger scandal watergate u go scandal century ur lies r getting just bigger bigger
Negative,think one thing hate this game people purposely wait rope counts do their turn
Negative,walmart b fedex verizon
Neutral,rainbowgame happy hacker code interface r tracker network internal profile pc vib …
Positive,wow cyberpunk looks wild pictwittercomayaktopd
Negative,everytime google sued literally robbed blind can people destroy invention can give money away class action suets
Positive,im happy did
Positive,great fun idea much needed
Negative,gettin that latest google nest terrible idea tryin fun relaxing saturday tonight just keeps gettin play sugababes full blast
Negative,cyberpunkgame maybe announce release overhyping people set release date december this isnt safe its done its done let release that after end really gold patch done
Irrelevant,excellent piece music minifootball legend first african win fifa world player year award george weah prez blakfesta zylofm
Positive,honestly moment will lead preorder inch model
Positive,much want see new ps whats going far important
Negative,competitive highprofile players did spoil game fanites inability make pass competitive two different games spoiled game comp game designed audiences cs go its limited cards downloads
Irrelevant,unintentionally brought cousin tears this way years old showed him streets small area sicily had grown just after world ii started sobbing apologizing profusely italian
Negative,donald dear have just screwed depot
Neutral,district columbia warehouse full appliances looted people loading their cars
Positive,db finished last red dead redemption legendary animal preepilogue good go style pictwittercomuyogbrbd
Irrelevant,ban meant battlefield online player luvky has occurred see details see bfdb il com player fan ban …
Positive,whos excited this one ‍ pictwittercomuxbfnbndk
Neutral,havent done anything play borderlands last hours im still done start chapter th this game unnecessarily long
Negative,ever since enabled notifications offclastro twitter ig youtube vlive ive had problems
Positive,call duty mobile really fun
Neutral,comment i’ll update fortniteunk complete utter insanity trash three below average average absolutely good decent good really hard insane this best ngl
Neutral,check awesome tools google grouppagewalkbehindtr…
Negative,’ m totally gonna spend money trying
Positive,super bowl day time can look forward commercials herec s good short one amazonu s alexa featuring ellen des degeneres buff ly page sdow
Positive,shirleyscurry highly recommend red guard dead redemption volume graphic scenery top notch story deep emotional still think now youll really enjoy playing
Positive,won dream trophy grand theft auto truetrophy pts undercomgamervicasir
Negative,who told fortnite good idea give army purple bombs
Positive,finally finished number papers really bad one tho anyways finished time go shower celebrate borderlands wars
Irrelevant,cant trust mfs who played red dead redeeming kept their horse riding full speed time
Irrelevant,have n clue who yet snap pic getherjust stop lying u stupid incompetent idiot would do anything plot movie big liar would happen trump imagine what learn hours sheunk able tell liewould worth gold
Positive,everytime ea play rolls around reminded childhood moment featured along side many influential community leaders free battlefield see gaming video eacomgamesbattlefi
Negative,nvidia optimus laptop external monitor wired directly nvidia gpu has tearing zpriohuu
Neutral,bufflyqus
Irrelevant,mean idk we’re actually trolled missing somehow 🤷 ‍
Neutral,ghostrecon 🤦 ‍ ai team mates good work though nice see game finally should have launch pictwittercomnsphcqjkw
Neutral,live aest tchtv trickporo discord discordgg pbnfg
Neutral,another commission his beautiful rendduzit thank
Negative,breaking major cell outages traffic reported comcast downdetector having problems verizon sprint cricket fb fb
Neutral,amazon seller try ways can stop throwing away money still save thousands bitlycfav ycaccountant
Positive,boyfriend spent hours today teaching play fifa him saying everything even what already know sat trusted him got excited teach also sweet
Positive,sly borderlands haha mission “the demon dark” mines moria nice
Irrelevant,thank subs youtubecomchannelucufy…
Neutral,check this item just got silvertrimmed breeches
Negative,jude really hating playing unk
Positive,whoa definitely doubling blue white
Irrelevant,can hear little sister arguing people pubg
Irrelevant,lmao gason might kill this
Irrelevant,safaris expedition desert incrediblywide shot virtual desert made scratch safari her fingers add thing fun making dunes blender im really getting somewhere lmk what u think
Neutral,csgo bro computer slowly moving ladder due internet just got hour ban couldnt connect start match
Irrelevant,thesavepoint truly killing this fantastic new fantastic episode oht forget subscribe
Positive,favourite win far lol
Positive,exciting apex legends gameplay ranked leader mode youtu uk e bhkry azx
Negative,fyi algorithms fail lending despite actual credit have never submitted system amazon wont even lend think apple wont either everyone already knows that equifax compromised pictwittercom tnmbpvow
Positive,this man spriggsian genius artist his tools digital love new technologies make possible discover new geniuses
Neutral,discover amazing childrens products darlyngandcocom parents join private facebook group itt oiluig
Positive,wow trap feel like early days better this regard dont know im going back this point like warcraft universe lot love final fantasy anyway
Negative,have brand five pc drivers date game its crashing what going rainbowgame
Positive,interesting analysis
Neutral,braddock happy birthday buddy had battlefield v merch would send didnt can send have epic day
Positive,nice seeing xbox series x previews else ps ones
Positive,love
Positive,killing shit
Irrelevant,man this whole fridge looking kinda fresh
Irrelevant,cant say much enjoyed streams today thanks everyone their support have big plans new brand also plan make bigger selection games like csgo rocket league steep fortnite ironsight much look forward
Neutral,cyberpunk sale november reportzonenetcyberpunk…
Neutral,choked eco round big l
Positive,feel good belt
Irrelevant,can keep sky broadband box thank want alexa
Negative,king unfair respawn
Irrelevant,ban battlefield player aglygod has occurred see details bfdbcom player ban
Positive,ps won’t leave bestfriend
Neutral,hp envy x screen gb ddrl ssd corei th gen nvidia gtx m g backlit keyboard sd card fhd usb x max res x condition mint us used price k company whatsapp name o one team b may god thank jesus pictwittercom panvlvtwr
Negative,blizzardent warcraft bobbykotick polygon kotaku warcraftdevs since hiring racists pictwittercommnyccfeig
Positive,thank god her eod
Neutral,fuck this current goes day
Negative,can’t even say thiz csgo issue us already solved this one please tell
Irrelevant,ban battlefield player digs has occurred see details bfdbcom player ban
Neutral,bullshit that nvidia’s site wasn’t selling yet shopping sites like wtf it’s already sold within mins
Negative,dear eamaddennfl now this messed rating julio lower mt right jesus christ gets worse
Negative,wrong place wrong time via ukiz
Irrelevant,ive just read article that says dva academys skin promotes sexism outfit sexually revealing that skin revealing excuse what pictwittercom mxpucvmj says
Irrelevant,yo huge shoutout repulsegod using banner retweeting thanks support
Negative,eamaddennfl suck
Positive,looking forward
Neutral,howto fix computer nvidia delays geforce rtx avoid preorder shortages jmpgqxguu via howtogeek
Negative,doing trauma therapy microsoft teams shit show tactics absolute best times
Positive,live hitting rhandlerr shout rhandlerr this spice live animation twitchtvunclemoppy r
Positive,borderlands good far borderlands will always favorite
Negative,playapex eahelp titanfallblog do guys plan issuing bans cheating going ranked play anytime soon this ridiculous getting hand guys cheating must justifying short comings pants
Negative,rhandlerr rhandlerr rhandlerr rhandlerr can y’all please fix this pictwittercomytzhaxtf
Neutral,streaming borderlands sarcastic comments desperately trying get drunk hours viewers myself friend who has another tab worst im still sober pls send viewers vodka twitchtvfbalfour
Negative,man fuck depot
Negative,borderlands cant play borderlands xbox without crashing
Negative,just participated game dont walk dont feel bad
Negative,nvidiageforce name god did website try get european site didnt buy button even exist print pictwittercom nezcyuqkf
Positive,decided hop back battlefield hardline shh really had fun this game bring something rokkr pictwittercom rqlbqelno
Negative,bad security news occurs microsoft nearly million customers service records including dialogue text ip addresses confidential emails locations now stored quite completely unsecure yet discoverable security database online like password needed kinds unsecure net ow ly ixehqbphd
Neutral,making shit load videos this month uncle cop that new nvidia card daddys building god tier rig
Negative,doesn ’ t get better long this unk
Negative,nbak can get refund this garbage
Irrelevant,can’t tell y’all thoroughly i’ve enjoyed streams today thank support have massive visions new rebrandunk also plan bringing bigger variety games besides csgo rocket league steep fortnite ironsight alot look forward tounk
Irrelevant,somebody tell speakerpelosi senschumer chrismurphyct senblumenthal shouldnt do this politically
Negative,cyberpunkgame maybe announce release dates stop easily overhyping people have set release release date december also probably isnt safe its done everything its done release start date after original game really gold day patch done later
Positive,live awesome
Neutral,microsoft email locks users outside office suite email breitbartcomtech… via breitbartnews
Neutral,xbox series x lacks launch exclusives gaming isn’t hardware viewtubercomp
Neutral,just took action tell lowes home depot take bayermonsantos toxic roundup herbicides shelves will join addupsierracluborgcampaignstell…
Irrelevant,liked video youtube youtube wdazexqa rogue agents será paywin shadowgun dragon ball fennite top
Irrelevant,everyday gpsmedia members working hard keep city safe
Positive,honestly pansies friberg fan fiction best way csgo casting
Irrelevant,wouldnt t nice unk patrickcryer
Negative,ghost recon breakpoint has become excellent nostakes distraction game way anyone couldnt help game wont past title screen after latest update please help ubisoftsupport ghostrecon ghostreconuk
Neutral,love
Neutral,arrana starseeker get that its demon hunter thing im salty that dont get egirl w glasses arrana looks slightest bit like sleepykokiri though
Negative,duty call duty mw q shall turn distance whenever player away has suddenly appeared black distance indicator above every player bright red can barely locate players can disable settings mates do seem accept this
Negative,ghostrecon needs get ai control stuff worked now it’s crazy give this thick barely listen commands
Neutral,lets continue slaying those demons save earth artist twitchtvdtimezeroow
Negative,eamaddennfl game blows donkey balls
Neutral,facts bitch who can ’ t even get that ps wait lol
Neutral,silver boiz killed did this
Neutral,trumps top trade advisor wanted kill sales tiktok microsoft fortunately mnuchin managed another win battle lnkdindhayiv
Positive,watching latest media trailers vampire assassins creed valhalla gets hyped this game cant wait th imagine someone who lost their shit first found eivor could female
Neutral,urgs first one time go straight dark side choose deathwing just patched him give minions his attack what surprise barely made th
Irrelevant,last weekend league fifa glad could finish strong birthday mbappe tots de bruyne absolutely clutch pictwittercomnsvgp
Neutral,fall diamond meting toxic players atbeqlvomgniy
Irrelevant,twitch experience startedthank y’all good memories staying til had class meeting best friends
Positive,cannot save pc gaming every one buys amd high digital stream intel ti equipped rx gtx sold rx gtx ti sold r mm gtx s installed xt jensen fuck wallet
Negative,rhandlerr rhandlerr rhandlerr rhandlerr rhandlerr rhandlerr since hiring racists pictwittercommnyccfeig
Neutral,came good one playapex storeplaystationcom
Positive,this good news
Neutral,playstation release date spotted dlvritrgggbp
Positive,tell dont have girlfriend phone her name do know that verizon wireless terrible have caller id
Neutral,hi friends today’s unk theme blades heartbreak grief sorrow guilt disappointment badsad news jealousy poor communication today time heals many wounds keep go unofficialwowtarotcom
Irrelevant,game pass just keeps looking better
Irrelevant,go show love support this amazing streamer blondieesophiee great content times time always having good dry laugh just now also pubg tourney come cheer her mixer net com blondieesophiee
Irrelevant,wow netflix making right moves
Neutral,this national day partner e bitlycqpny
Positive,borderlands duvalmagic hearts event brilliant thank
Negative,homedepot lowes should ashamed tried ordering trees vegetables put garden yet removed ability do safe distance must purchased store what people like who cant go inside
Positive,fuck buying one man i’m also buy one myself
Irrelevant,fa apologises world airing fifa game man u spurs that really looking forward tomorrow lets pretend didnt see thing
Positive,wont lie that cold war black ops trailer probably best cod teapot ive ever seen
Neutral,vaccine paused johnson johnson has suspended clinical trials covid vaccine due unexpected illness kbjrcom joh
Irrelevant,ban battlefield player hkbdcccp has occurred see details bfdbcomplayerban…
Neutral,ive using
Negative,mfs say hes better julio its kind disgusting
Irrelevant,travis r scott astro this nomical event fortnite park local game changer site talent game concerts enjoy youtu tuzvaybng
Positive,extremely low outside spiderman gas turismo im meh needthe box
Negative,this did buy borderlands ammo randy pitchford fucking awesome
Neutral,vgcom gho bhphwi
Positive,would love one easportsmut
Neutral,girl that google voice heartless shes saying gospel truth shame ja🤨
Irrelevant,fatboimmaximus chicken dbaby have poor understanding pubg tchtv fatboimmaximus
Neutral,this will probably get us taken somehow have had this video clip years anyway finally edited heard live head happened
Negative,game good this reality that should have struggle
Neutral,red red redemption film trailer youtubesltdomru
Negative,ghostrecon need either ban players that leave matchis starting hours log back game will update servers already had maint wilands losing player two every start match ps
Positive,having blast
Positive,team microsoft hell looks pretty first day ago
Irrelevant,think can hurt eont follow u
Neutral,every time anyone likes facebook page fascist lost his job facebookcomcallingallastr…
Positive,thank verizoncom news upd good stuff during this uncertain different time thank
Negative,last year hackers national states broke networks two us municipalities exploiting cve vulnerability microsoft sharepoint servers
Irrelevant,this great britain now espn has nothing do what can reported shown
Neutral,hot new hardware nvidia series gpus also looking appealing has better performance true half price thats s crazy im struggling deciding saving saving ps pm · sep · july t
Positive,first got best
Irrelevant,• best assistant coach ever
Positive,popularity splunk splk popularity expedia expe popularity broadcom avgo popularity taketwo ttwo popularity
Negative,said ignorance causes lost life entitled smart mouth causes loss innocent alien life mayor johnson president johnson did this stop now daddy show nuts save fucking life educate yourself do right soultypechild
Neutral,johnson johnson halts sales talcum baby powder us canada jmp eytdv reuters tco dsautgbp
Negative,eamaddennfl
Positive,google images helping coworker had much fun
Positive,like amazon pantry snacks facts
Positive,joining google doodles thanking shipping production workers youre truly essential
Neutral,lie rape steal murder everything do
Irrelevant,bird song true sight series fcking cool wish could get films like that owl
Neutral,nyxjacob thanks entering grand summoners watch video see won amazon gift card retweet every day another chance win play gs global now free one punch man unit fenco wdxcvyu
Neutral,facebook google joined forces companies rejected apples new user tracking warning newsclockcouk tech facebook
Positive,want thank
Neutral,urgs one time go dark side choose deathwing just patched something give minions attack what mess barely placing th
Negative,hey amazon kraftheinzco bestbuy proctergamble roman poshmarkapp always verizon noom soon allstate pfizer ancestry rakuten honey eddie purple hey sanofi get money mouths alignment
Neutral,amazons top kindle model sale discount limited time ontodaycom lmexir
Positive,thanks helping small businesses life blood this community
Negative,overwatch still lagging lot anyone else else leaving after old lny patch logged right first time maybe now now its stuttering almost every match
Neutral,thought one delayed twice day lololololol
Positive,star mental intraction character gta online does things gta im proud this piece actually eggs piece do want open end can find little video instagramcom p b filhlspf
Negative,great advice can ’ t believe anybody still actively using facebook hank zuckerberg already bad boy putin
Negative,csgo thank marrying two awesome old anticheat having outstanding cheaters prime match
Positive,• hey its long pewpew red dead redemption twitchtvstabbytabbycat
